insert into BOOK (id, pub_date, is_bestseller, title, slug, image, description, price, discount, price_old) values (1, '05/17/2008', 1, 'VP Accounting', 'vpaccounting', 'http://dummyimage.com/162x149.png/dddddd/000000', 'recontextualize granular solutions', 3995, 28, 891);
insert into BOOK (id, pub_date, is_bestseller, title, slug, image, description, price, discount, price_old) values (2, '09/01/1951', 5, 'Speech Pathologist', 'speechpathologist', 'http://dummyimage.com/178x129.png/dddddd/000000', 'facilitate scalable functionalities', 4893, 29, 5177);
insert into BOOK (id, pub_date, is_bestseller, title, slug, image, description, price, discount, price_old) values (3, '02/18/1975', 7, 'Nurse', 'nurse', 'http://dummyimage.com/145x142.bmp/dddddd/000000', 'orchestrate rich bandwidth', 2222, 3, 2913);
insert into BOOK (id, pub_date, is_bestseller, title, slug, image, description, price, discount, price_old) values (4, '05/01/1987', 1, 'Paralegal', 'paralegal', 'http://dummyimage.com/155x103.png/ff4444/ffffff', 'seize turn-key infomediaries', 4016, 17, 4295);
insert into BOOK (id, pub_date, is_bestseller, title, slug, image, description, price, discount, price_old) values (5, '02/06/1969', 5, 'VP Accounting', 'vpaccounting', 'http://dummyimage.com/130x124.jpg/5fa2dd/ffffff', 'generate revolutionary action-items', 1708, 16, 4737);
insert into BOOK (id, pub_date, is_bestseller, title, slug, image, description, price, discount, price_old) values (6, '04/18/1921', 9, 'Tax Accountant', 'taxaccountant', 'http://dummyimage.com/152x100.png/cc0000/ffffff', 'evolve dot-com paradigms', 4942, 4, 1977);
insert into BOOK (id, pub_date, is_bestseller, title, slug, image, description, price, discount, price_old) values (7, '09/07/1922', 9, 'Marketing Assistant', 'marketingassistant', 'http://dummyimage.com/224x123.jpg/dddddd/000000', 'deploy intuitive schemas', 1082, 23, 5485);
insert into BOOK (id, pub_date, is_bestseller, title, slug, image, description, price, discount, price_old) values (8, '05/11/1951', 9, 'Junior Executive', 'juniorexecutive', 'http://dummyimage.com/147x141.bmp/cc0000/ffffff', 'orchestrate holistic e-markets', 3909, 29, 5969);
insert into BOOK (id, pub_date, is_bestseller, title, slug, image, description, price, discount, price_old) values (9, '01/28/1939', 10, 'Office Assistant I', 'officeassistanti', 'http://dummyimage.com/220x155.jpg/ff4444/ffffff', 'exploit proactive e-markets', 325, 28, 1156);
insert into BOOK (id, pub_date, is_bestseller, title, slug, image, description, price, discount, price_old) values (10, '02/14/1929', 6, 'Systems Administrator I', 'systemsadministratori', 'http://dummyimage.com/175x166.png/ff4444/ffffff', 'deliver scalable e-services', 1695, 28, 3538);
insert into BOOK (id, pub_date, is_bestseller, title, slug, image, description, price, discount, price_old) values (11, '05/08/1934', 5, 'Senior Quality Engineer', 'seniorqualityengineer', 'http://dummyimage.com/197x105.png/cc0000/ffffff', 'drive integrated interfaces', 5991, 8, 4686);
insert into BOOK (id, pub_date, is_bestseller, title, slug, image, description, price, discount, price_old) values (12, '08/12/1962', 3, 'Assistant Manager', 'assistantmanager', 'http://dummyimage.com/222x125.jpg/cc0000/ffffff', 'deliver B2B methodologies', 3999, 9, 2579);
insert into BOOK (id, pub_date, is_bestseller, title, slug, image, description, price, discount, price_old) values (13, '12/18/1980', 10, 'General Manager', 'generalmanager', 'http://dummyimage.com/209x197.jpg/cc0000/ffffff', 'benchmark rich networks', 5390, 30, 1410);
insert into BOOK (id, pub_date, is_bestseller, title, slug, image, description, price, discount, price_old) values (14, '02/02/1926', 7, 'Geological Engineer', 'geologicalengineer', 'http://dummyimage.com/141x240.jpg/dddddd/000000', 'evolve mission-critical bandwidth', 1241, 25, 2069);
insert into BOOK (id, pub_date, is_bestseller, title, slug, image, description, price, discount, price_old) values (15, '03/04/1931', 1, 'Analog Circuit Design manager', 'analogcircuitdesignmanager', 'http://dummyimage.com/183x145.png/cc0000/ffffff', 'scale global paradigms', 3945, 23, 1995);
insert into BOOK (id, pub_date, is_bestseller, title, slug, image, description, price, discount, price_old) values (16, '12/18/1919', 5, 'Internal Auditor', 'internalauditor', 'http://dummyimage.com/110x152.bmp/cc0000/ffffff', 'innovate cross-platform web services', 4674, 29, 4865);
insert into BOOK (id, pub_date, is_bestseller, title, slug, image, description, price, discount, price_old) values (17, '01/15/2010', 0, 'Sales Representative', 'salesrepresentative', 'http://dummyimage.com/233x172.png/ff4444/ffffff', 'seize seamless action-items', 4110, 8, 1178);
insert into BOOK (id, pub_date, is_bestseller, title, slug, image, description, price, discount, price_old) values (18, '07/26/2007', 10, 'Statistician II', 'statisticianii', 'http://dummyimage.com/100x161.jpg/ff4444/ffffff', 'matrix B2B infrastructures', 754, 14, 4554);
insert into BOOK (id, pub_date, is_bestseller, title, slug, image, description, price, discount, price_old) values (19, '04/23/1981', 0, 'Clinical Specialist', 'clinicalspecialist', 'http://dummyimage.com/226x128.jpg/5fa2dd/ffffff', 'exploit end-to-end e-business', 4534, 13, 4285);
insert into BOOK (id, pub_date, is_bestseller, title, slug, image, description, price, discount, price_old) values (20, '09/14/1996', 7, 'Dental Hygienist', 'dentalhygienist', 'http://dummyimage.com/213x105.bmp/dddddd/000000', 'iterate integrated networks', 469, 23, 4405);
insert into BOOK (id, pub_date, is_bestseller, title, slug, image, description, price, discount, price_old) values (21, '01/28/1970', 7, 'Community Outreach Specialist', 'communityoutreachspecialist', 'http://dummyimage.com/120x154.jpg/ff4444/ffffff', 'monetize scalable action-items', 2613, 17, 1603);
insert into BOOK (id, pub_date, is_bestseller, title, slug, image, description, price, discount, price_old) values (22, '12/16/1922', 10, 'Accountant I', 'accountanti', 'http://dummyimage.com/229x129.bmp/cc0000/ffffff', 'cultivate transparent partnerships', 1331, 20, 3737);
insert into BOOK (id, pub_date, is_bestseller, title, slug, image, description, price, discount, price_old) values (23, '05/06/1958', 8, 'Accounting Assistant IV', 'accountingassistantiv', 'http://dummyimage.com/216x216.jpg/cc0000/ffffff', 'mesh ubiquitous bandwidth', 5249, 26, 5319);
insert into BOOK (id, pub_date, is_bestseller, title, slug, image, description, price, discount, price_old) values (24, '12/19/1952', 4, 'Environmental Tech', 'environmentaltech', 'http://dummyimage.com/141x161.png/cc0000/ffffff', 'empower killer markets', 952, 4, 3877);
insert into BOOK (id, pub_date, is_bestseller, title, slug, image, description, price, discount, price_old) values (25, '12/05/2018', 4, 'Accounting Assistant I', 'accountingassistanti', 'http://dummyimage.com/190x145.jpg/cc0000/ffffff', 'reinvent frictionless bandwidth', 4988, 5, 5721);
insert into BOOK (id, pub_date, is_bestseller, title, slug, image, description, price, discount, price_old) values (26, '11/12/1943', 1, 'Recruiter', 'recruiter', 'http://dummyimage.com/247x129.png/dddddd/000000', 'brand sticky e-markets', 1256, 29, 3964);
insert into BOOK (id, pub_date, is_bestseller, title, slug, image, description, price, discount, price_old) values (27, '12/04/2010', 10, 'Administrative Assistant III', 'administrativeassistantiii', 'http://dummyimage.com/137x244.jpg/5fa2dd/ffffff', 'disintermediate e-business e-tailers', 3915, 30, 2425);
insert into BOOK (id, pub_date, is_bestseller, title, slug, image, description, price, discount, price_old) values (28, '07/05/1932', 8, 'Clinical Specialist', 'clinicalspecialist', 'http://dummyimage.com/183x132.png/dddddd/000000', 'seize visionary experiences', 3292, 27, 3313);
insert into BOOK (id, pub_date, is_bestseller, title, slug, image, description, price, discount, price_old) values (29, '10/17/1997', 7, 'Computer Systems Analyst III', 'computersystemsanalystiii', 'http://dummyimage.com/195x140.png/cc0000/ffffff', 'incubate web-enabled platforms', 2028, 29, 2998);
insert into BOOK (id, pub_date, is_bestseller, title, slug, image, description, price, discount, price_old) values (30, '06/22/1927', 6, 'Community Outreach Specialist', 'communityoutreachspecialist', 'http://dummyimage.com/110x126.bmp/ff4444/ffffff', 'productize 24/7 schemas', 1875, 3, 1700);
insert into BOOK (id, pub_date, is_bestseller, title, slug, image, description, price, discount, price_old) values (31, '10/18/1981', 1, 'Media Manager I', 'mediamanageri', 'http://dummyimage.com/136x120.png/dddddd/000000', 'revolutionize synergistic web services', 1978, 28, 5321);
insert into BOOK (id, pub_date, is_bestseller, title, slug, image, description, price, discount, price_old) values (32, '11/14/2007', 4, 'Sales Representative', 'salesrepresentative', 'http://dummyimage.com/205x187.png/5fa2dd/ffffff', 'architect next-generation technologies', 485, 9, 5961);
insert into BOOK (id, pub_date, is_bestseller, title, slug, image, description, price, discount, price_old) values (33, '05/14/1929', 10, 'Developer I', 'developeri', 'http://dummyimage.com/227x106.jpg/5fa2dd/ffffff', 'whiteboard collaborative e-business', 3948, 8, 5673);
insert into BOOK (id, pub_date, is_bestseller, title, slug, image, description, price, discount, price_old) values (34, '09/12/1990', 5, 'Programmer II', 'programmerii', 'http://dummyimage.com/160x224.png/5fa2dd/ffffff', 'monetize best-of-breed platforms', 5786, 0, 3345);
insert into BOOK (id, pub_date, is_bestseller, title, slug, image, description, price, discount, price_old) values (35, '10/09/1992', 2, 'Research Nurse', 'researchnurse', 'http://dummyimage.com/130x160.bmp/dddddd/000000', 'evolve 24/7 e-business', 5112, 20, 3226);
insert into BOOK (id, pub_date, is_bestseller, title, slug, image, description, price, discount, price_old) values (36, '07/08/1985', 8, 'Financial Advisor', 'financialadvisor', 'http://dummyimage.com/195x212.jpg/ff4444/ffffff', 'syndicate B2B bandwidth', 4147, 15, 1091);
insert into BOOK (id, pub_date, is_bestseller, title, slug, image, description, price, discount, price_old) values (37, '07/08/2014', 3, 'Community Outreach Specialist', 'communityoutreachspecialist', 'http://dummyimage.com/238x184.jpg/dddddd/000000', 'seize killer convergence', 400, 19, 4572);
insert into BOOK (id, pub_date, is_bestseller, title, slug, image, description, price, discount, price_old) values (38, '11/18/1934', 6, 'Assistant Manager', 'assistantmanager', 'http://dummyimage.com/213x195.jpg/cc0000/ffffff', 'mesh plug-and-play technologies', 4273, 21, 5141);
insert into BOOK (id, pub_date, is_bestseller, title, slug, image, description, price, discount, price_old) values (39, '09/24/1940', 8, 'Food Chemist', 'foodchemist', 'http://dummyimage.com/244x168.png/5fa2dd/ffffff', 'innovate plug-and-play content', 3627, 14, 1641);
insert into BOOK (id, pub_date, is_bestseller, title, slug, image, description, price, discount, price_old) values (40, '06/08/1936', 1, 'Technical Writer', 'technicalwriter', 'http://dummyimage.com/122x208.bmp/dddddd/000000', 'utilize end-to-end solutions', 5272, 2, 5855);
insert into BOOK (id, pub_date, is_bestseller, title, slug, image, description, price, discount, price_old) values (41, '10/05/1978', 6, 'Food Chemist', 'foodchemist', 'http://dummyimage.com/179x187.jpg/dddddd/000000', 'enhance end-to-end experiences', 5770, 10, 464);
insert into BOOK (id, pub_date, is_bestseller, title, slug, image, description, price, discount, price_old) values (42, '07/10/1955', 9, 'Physical Therapy Assistant', 'physicaltherapyassistant', 'http://dummyimage.com/150x159.png/dddddd/000000', 'orchestrate wireless communities', 3583, 10, 1664);
insert into BOOK (id, pub_date, is_bestseller, title, slug, image, description, price, discount, price_old) values (43, '01/04/1933', 10, 'Developer II', 'developerii', 'http://dummyimage.com/179x101.png/cc0000/ffffff', 'revolutionize mission-critical ROI', 1821, 21, 5068);
insert into BOOK (id, pub_date, is_bestseller, title, slug, image, description, price, discount, price_old) values (44, '09/29/1939', 8, 'Product Engineer', 'productengineer', 'http://dummyimage.com/169x157.jpg/dddddd/000000', 'facilitate clicks-and-mortar systems', 4635, 3, 850);
insert into BOOK (id, pub_date, is_bestseller, title, slug, image, description, price, discount, price_old) values (45, '03/30/1997', 9, 'Actuary', 'actuary', 'http://dummyimage.com/119x206.jpg/cc0000/ffffff', 'aggregate strategic architectures', 2793, 3, 2614);
insert into BOOK (id, pub_date, is_bestseller, title, slug, image, description, price, discount, price_old) values (46, '12/02/1950', 3, 'Research Assistant IV', 'researchassistantiv', 'http://dummyimage.com/175x239.jpg/dddddd/000000', 'unleash cutting-edge networks', 3963, 29, 1445);
insert into BOOK (id, pub_date, is_bestseller, title, slug, image, description, price, discount, price_old) values (47, '02/14/2006', 3, 'Research Nurse', 'researchnurse', 'http://dummyimage.com/161x137.png/5fa2dd/ffffff', 'optimize web-enabled channels', 2907, 12, 1601);
insert into BOOK (id, pub_date, is_bestseller, title, slug, image, description, price, discount, price_old) values (48, '07/19/1935', 8, 'Research Assistant III', 'researchassistantiii', 'http://dummyimage.com/113x165.png/cc0000/ffffff', 'synergize mission-critical web services', 4710, 30, 2015);
insert into BOOK (id, pub_date, is_bestseller, title, slug, image, description, price, discount, price_old) values (49, '07/30/2010', 3, 'Account Executive', 'accountexecutive', 'http://dummyimage.com/240x144.jpg/dddddd/000000', 'mesh best-of-breed initiatives', 4745, 30, 5579);
insert into BOOK (id, pub_date, is_bestseller, title, slug, image, description, price, discount, price_old) values (50, '06/07/1980', 9, 'Quality Control Specialist', 'qualitycontrolspecialist', 'http://dummyimage.com/166x187.bmp/cc0000/ffffff', 'maximize bleeding-edge metrics', 2023, 0, 3780);
insert into BOOK (id, pub_date, is_bestseller, title, slug, image, description, price, discount, price_old) values (51, '04/19/1948', 0, 'Dental Hygienist', 'dentalhygienist', 'http://dummyimage.com/145x192.bmp/ff4444/ffffff', 'utilize collaborative convergence', 573, 25, 1508);
insert into BOOK (id, pub_date, is_bestseller, title, slug, image, description, price, discount, price_old) values (52, '03/15/1996', 4, 'Financial Advisor', 'financialadvisor', 'http://dummyimage.com/230x243.bmp/5fa2dd/ffffff', 'extend impactful paradigms', 796, 22, 4259);
insert into BOOK (id, pub_date, is_bestseller, title, slug, image, description, price, discount, price_old) values (53, '01/16/1998', 9, 'Statistician IV', 'statisticianiv', 'http://dummyimage.com/206x129.jpg/dddddd/000000', 'unleash enterprise eyeballs', 5131, 13, 694);
insert into BOOK (id, pub_date, is_bestseller, title, slug, image, description, price, discount, price_old) values (54, '04/23/1977', 2, 'Professor', 'professor', 'http://dummyimage.com/230x202.bmp/ff4444/ffffff', 'expedite next-generation schemas', 967, 10, 3588);
insert into BOOK (id, pub_date, is_bestseller, title, slug, image, description, price, discount, price_old) values (55, '05/20/1946', 8, 'Information Systems Manager', 'informationsystemsmanager', 'http://dummyimage.com/109x171.png/dddddd/000000', 'utilize granular ROI', 5571, 5, 2195);
insert into BOOK (id, pub_date, is_bestseller, title, slug, image, description, price, discount, price_old) values (56, '04/07/1966', 0, 'Web Designer I', 'webdesigneri', 'http://dummyimage.com/198x176.jpg/dddddd/000000', 'engage collaborative networks', 4982, 29, 3931);
insert into BOOK (id, pub_date, is_bestseller, title, slug, image, description, price, discount, price_old) values (57, '05/21/1919', 3, 'Internal Auditor', 'internalauditor', 'http://dummyimage.com/141x221.png/5fa2dd/ffffff', 'exploit interactive portals', 4160, 27, 4272);
insert into BOOK (id, pub_date, is_bestseller, title, slug, image, description, price, discount, price_old) values (58, '05/14/2008', 3, 'Software Consultant', 'softwareconsultant', 'http://dummyimage.com/136x183.jpg/ff4444/ffffff', 'seize collaborative communities', 341, 3, 1056);
insert into BOOK (id, pub_date, is_bestseller, title, slug, image, description, price, discount, price_old) values (59, '05/09/1976', 7, 'Assistant Media Planner', 'assistantmediaplanner', 'http://dummyimage.com/152x145.png/dddddd/000000', 'matrix B2B platforms', 888, 5, 1278);
insert into BOOK (id, pub_date, is_bestseller, title, slug, image, description, price, discount, price_old) values (60, '04/10/1977', 7, 'Quality Engineer', 'qualityengineer', 'http://dummyimage.com/144x168.png/5fa2dd/ffffff', 'grow bleeding-edge models', 3917, 9, 756);
insert into BOOK (id, pub_date, is_bestseller, title, slug, image, description, price, discount, price_old) values (61, '03/17/2014', 1, 'Professor', 'professor', 'http://dummyimage.com/232x103.jpg/dddddd/000000', 'redefine B2C interfaces', 5929, 3, 2946);
insert into BOOK (id, pub_date, is_bestseller, title, slug, image, description, price, discount, price_old) values (62, '02/25/1966', 9, 'Professor', 'professor', 'http://dummyimage.com/219x229.png/5fa2dd/ffffff', 'disintermediate customized content', 3118, 7, 5393);
insert into BOOK (id, pub_date, is_bestseller, title, slug, image, description, price, discount, price_old) values (63, '02/23/1980', 3, 'Data Coordiator', 'datacoordiator', 'http://dummyimage.com/139x184.bmp/ff4444/ffffff', 'e-enable efficient markets', 3611, 24, 2140);
insert into BOOK (id, pub_date, is_bestseller, title, slug, image, description, price, discount, price_old) values (64, '09/01/1962', 1, 'Internal Auditor', 'internalauditor', 'http://dummyimage.com/212x177.jpg/dddddd/000000', 'harness plug-and-play e-tailers', 5973, 29, 436);
insert into BOOK (id, pub_date, is_bestseller, title, slug, image, description, price, discount, price_old) values (65, '08/27/1918', 6, 'Assistant Professor', 'assistantprofessor', 'http://dummyimage.com/208x191.bmp/cc0000/ffffff', 'empower transparent experiences', 3970, 15, 610);
insert into BOOK (id, pub_date, is_bestseller, title, slug, image, description, price, discount, price_old) values (66, '07/21/1952', 1, 'Engineer III', 'engineeriii', 'http://dummyimage.com/226x140.png/5fa2dd/ffffff', 'utilize 24/7 applications', 5836, 20, 5164);
insert into BOOK (id, pub_date, is_bestseller, title, slug, image, description, price, discount, price_old) values (67, '12/17/2013', 9, 'Nurse', 'nurse', 'http://dummyimage.com/214x237.jpg/dddddd/000000', 'deploy user-centric networks', 5195, 5, 2514);

insert into AUTHOR (id, photo, name, slug, description) values (1, 'http://dummyimage.com/229x146.bmp/ff4444/ffffff', 'Dominique Bonder', 'dominiquebonder', 'Variable Frequency Drives');
insert into AUTHOR (id, photo, name, slug, description) values (2, 'http://dummyimage.com/240x152.jpg/cc0000/ffffff', 'Tate Francescuzzi', 'tatefrancescuzzi', 'OTV');
insert into AUTHOR (id, photo, name, slug, description) values (3, 'http://dummyimage.com/120x224.png/ff4444/ffffff', 'Gabby Blanch', 'gabbyblanch', 'Hypertension');
insert into AUTHOR (id, photo, name, slug, description) values (4, 'http://dummyimage.com/210x202.png/5fa2dd/ffffff', 'Craig McGonigal', 'craigmcgonigal', 'Zone Alarm');
insert into AUTHOR (id, photo, name, slug, description) values (5, 'http://dummyimage.com/186x116.jpg/dddddd/000000', 'Mada Hayford', 'madahayford', 'System Deployment');
insert into AUTHOR (id, photo, name, slug, description) values (6, 'http://dummyimage.com/132x151.jpg/cc0000/ffffff', 'Caitlin Reynault', 'caitlinreynault', 'IVUS');
insert into AUTHOR (id, photo, name, slug, description) values (7, 'http://dummyimage.com/141x136.bmp/dddddd/000000', 'Jourdain Cosin', 'jourdaincosin', 'Czech');
insert into AUTHOR (id, photo, name, slug, description) values (8, 'http://dummyimage.com/101x178.png/cc0000/ffffff', 'Brittne Dickson', 'brittnedickson', 'Pediatrics');
insert into AUTHOR (id, photo, name, slug, description) values (9, 'http://dummyimage.com/150x198.bmp/ff4444/ffffff', 'Ira Sullens', 'irasullens', 'fMRI');
insert into AUTHOR (id, photo, name, slug, description) values (10, 'http://dummyimage.com/182x123.jpg/cc0000/ffffff', 'Arlen Fearnley', 'arlenfearnley', 'Gcov');
insert into AUTHOR (id, photo, name, slug, description) values (11, 'http://dummyimage.com/113x235.png/cc0000/ffffff', 'Raff Robertis', 'raffrobertis', 'FHA Financing');
insert into AUTHOR (id, photo, name, slug, description) values (12, 'http://dummyimage.com/163x214.bmp/cc0000/ffffff', 'Corina Forte', 'corinaforte', 'MHP');
insert into AUTHOR (id, photo, name, slug, description) values (13, 'http://dummyimage.com/226x138.bmp/5fa2dd/ffffff', 'Dagmar Firbanks', 'dagmarfirbanks', 'Applied Behavior Analysis');
insert into AUTHOR (id, photo, name, slug, description) values (14, 'http://dummyimage.com/248x215.jpg/dddddd/000000', 'Luz Lingley', 'luzlingley', 'Omnibus');
insert into AUTHOR (id, photo, name, slug, description) values (15, 'http://dummyimage.com/113x112.bmp/cc0000/ffffff', 'Codi Routham', 'codiroutham', 'Silverlight');
insert into AUTHOR (id, photo, name, slug, description) values (16, 'http://dummyimage.com/163x189.bmp/cc0000/ffffff', 'Rustin Kretschmer', 'rustinkretschmer', 'IT Hardware Support');
insert into AUTHOR (id, photo, name, slug, description) values (17, 'http://dummyimage.com/114x243.png/5fa2dd/ffffff', 'Mateo Kench', 'mateokench', 'NLB');
insert into AUTHOR (id, photo, name, slug, description) values (18, 'http://dummyimage.com/107x203.bmp/5fa2dd/ffffff', 'Gardie Osband', 'gardieosband', 'HUET');
insert into AUTHOR (id, photo, name, slug, description) values (19, 'http://dummyimage.com/138x185.jpg/cc0000/ffffff', 'Cathleen Colomb', 'cathleencolomb', 'Google Earth');
insert into AUTHOR (id, photo, name, slug, description) values (20, 'http://dummyimage.com/154x201.jpg/dddddd/000000', 'Silvain Michieli', 'silvainmichieli', 'Operational Due Diligence');
insert into AUTHOR (id, photo, name, slug, description) values (21, 'http://dummyimage.com/234x166.jpg/5fa2dd/ffffff', 'Nona Perritt', 'nonaperritt', 'AHLTA');
insert into AUTHOR (id, photo, name, slug, description) values (22, 'http://dummyimage.com/168x237.jpg/cc0000/ffffff', 'Kyle Mayfield', 'kylemayfield', 'qPCR');
insert into AUTHOR (id, photo, name, slug, description) values (23, 'http://dummyimage.com/131x163.bmp/dddddd/000000', 'Joly Trassler', 'jolytrassler', 'USDA Rural Housing');

insert into BOOK2AUTHOR (id, book_id, author_id, sort_index) values (1, 27, 23, 1);
insert into BOOK2AUTHOR (id, book_id, author_id, sort_index) values (2, 61, 10, 2);
insert into BOOK2AUTHOR (id, book_id, author_id, sort_index) values (3, 23, 2, 3);
insert into BOOK2AUTHOR (id, book_id, author_id, sort_index) values (4, 15, 8, 4);
insert into BOOK2AUTHOR (id, book_id, author_id, sort_index) values (5, 12, 18, 5);
insert into BOOK2AUTHOR (id, book_id, author_id, sort_index) values (6, 58, 13, 6);
insert into BOOK2AUTHOR (id, book_id, author_id, sort_index) values (7, 5, 13, 7);
insert into BOOK2AUTHOR (id, book_id, author_id, sort_index) values (8, 34, 5, 8);
insert into BOOK2AUTHOR (id, book_id, author_id, sort_index) values (9, 56, 6, 9);
insert into BOOK2AUTHOR (id, book_id, author_id, sort_index) values (10, 29, 20, 10);
insert into BOOK2AUTHOR (id, book_id, author_id, sort_index) values (11, 14, 5, 11);
insert into BOOK2AUTHOR (id, book_id, author_id, sort_index) values (12, 4, 1, 12);
insert into BOOK2AUTHOR (id, book_id, author_id, sort_index) values (13, 42, 20, 13);
insert into BOOK2AUTHOR (id, book_id, author_id, sort_index) values (14, 31, 2, 14);
insert into BOOK2AUTHOR (id, book_id, author_id, sort_index) values (15, 64, 16, 15);
insert into BOOK2AUTHOR (id, book_id, author_id, sort_index) values (16, 58, 23, 16);
insert into BOOK2AUTHOR (id, book_id, author_id, sort_index) values (17, 50, 21, 17);
insert into BOOK2AUTHOR (id, book_id, author_id, sort_index) values (18, 43, 6, 18);
insert into BOOK2AUTHOR (id, book_id, author_id, sort_index) values (19, 50, 12, 19);
insert into BOOK2AUTHOR (id, book_id, author_id, sort_index) values (20, 6, 12, 20);
insert into BOOK2AUTHOR (id, book_id, author_id, sort_index) values (21, 6, 15, 21);
insert into BOOK2AUTHOR (id, book_id, author_id, sort_index) values (22, 64, 13, 22);
insert into BOOK2AUTHOR (id, book_id, author_id, sort_index) values (23, 40, 14, 23);
insert into BOOK2AUTHOR (id, book_id, author_id, sort_index) values (24, 25, 18, 24);
insert into BOOK2AUTHOR (id, book_id, author_id, sort_index) values (25, 47, 23, 25);
insert into BOOK2AUTHOR (id, book_id, author_id, sort_index) values (26, 9, 11, 26);
insert into BOOK2AUTHOR (id, book_id, author_id, sort_index) values (27, 14, 11, 27);
insert into BOOK2AUTHOR (id, book_id, author_id, sort_index) values (28, 4, 5, 28);
insert into BOOK2AUTHOR (id, book_id, author_id, sort_index) values (29, 58, 10, 29);
insert into BOOK2AUTHOR (id, book_id, author_id, sort_index) values (30, 37, 4, 30);
insert into BOOK2AUTHOR (id, book_id, author_id, sort_index) values (31, 44, 17, 31);
insert into BOOK2AUTHOR (id, book_id, author_id, sort_index) values (32, 21, 3, 32);
insert into BOOK2AUTHOR (id, book_id, author_id, sort_index) values (33, 33, 5, 33);
insert into BOOK2AUTHOR (id, book_id, author_id, sort_index) values (34, 13, 16, 34);
insert into BOOK2AUTHOR (id, book_id, author_id, sort_index) values (35, 53, 3, 35);
insert into BOOK2AUTHOR (id, book_id, author_id, sort_index) values (36, 47, 17, 36);
insert into BOOK2AUTHOR (id, book_id, author_id, sort_index) values (37, 55, 19, 37);
insert into BOOK2AUTHOR (id, book_id, author_id, sort_index) values (38, 14, 14, 38);
insert into BOOK2AUTHOR (id, book_id, author_id, sort_index) values (39, 37, 7, 39);
insert into BOOK2AUTHOR (id, book_id, author_id, sort_index) values (40, 58, 12, 40);
insert into BOOK2AUTHOR (id, book_id, author_id, sort_index) values (41, 6, 2, 41);
insert into BOOK2AUTHOR (id, book_id, author_id, sort_index) values (42, 47, 21, 42);
insert into BOOK2AUTHOR (id, book_id, author_id, sort_index) values (43, 18, 19, 43);
insert into BOOK2AUTHOR (id, book_id, author_id, sort_index) values (44, 19, 8, 44);
insert into BOOK2AUTHOR (id, book_id, author_id, sort_index) values (45, 35, 13, 45);
insert into BOOK2AUTHOR (id, book_id, author_id, sort_index) values (46, 8, 23, 46);
insert into BOOK2AUTHOR (id, book_id, author_id, sort_index) values (47, 24, 23, 47);
insert into BOOK2AUTHOR (id, book_id, author_id, sort_index) values (48, 53, 14, 48);
insert into BOOK2AUTHOR (id, book_id, author_id, sort_index) values (49, 61, 20, 49);
insert into BOOK2AUTHOR (id, book_id, author_id, sort_index) values (50, 3, 17, 50);
insert into BOOK2AUTHOR (id, book_id, author_id, sort_index) values (51, 2, 13, 51);
insert into BOOK2AUTHOR (id, book_id, author_id, sort_index) values (52, 18, 8, 52);
insert into BOOK2AUTHOR (id, book_id, author_id, sort_index) values (53, 60, 4, 53);
insert into BOOK2AUTHOR (id, book_id, author_id, sort_index) values (54, 8, 20, 54);
insert into BOOK2AUTHOR (id, book_id, author_id, sort_index) values (55, 33, 8, 55);
insert into BOOK2AUTHOR (id, book_id, author_id, sort_index) values (56, 21, 21, 56);
insert into BOOK2AUTHOR (id, book_id, author_id, sort_index) values (57, 3, 4, 57);
insert into BOOK2AUTHOR (id, book_id, author_id, sort_index) values (58, 50, 7, 58);
insert into BOOK2AUTHOR (id, book_id, author_id, sort_index) values (59, 7, 16, 59);
insert into BOOK2AUTHOR (id, book_id, author_id, sort_index) values (60, 26, 18, 60);
insert into BOOK2AUTHOR (id, book_id, author_id, sort_index) values (61, 14, 7, 61);
insert into BOOK2AUTHOR (id, book_id, author_id, sort_index) values (62, 2, 1, 62);
insert into BOOK2AUTHOR (id, book_id, author_id, sort_index) values (63, 41, 7, 63);
insert into BOOK2AUTHOR (id, book_id, author_id, sort_index) values (64, 32, 9, 64);
insert into BOOK2AUTHOR (id, book_id, author_id, sort_index) values (65, 58, 18, 65);
insert into BOOK2AUTHOR (id, book_id, author_id, sort_index) values (66, 3, 1, 66);
insert into BOOK2AUTHOR (id, book_id, author_id, sort_index) values (67, 30, 20, 67);
insert into BOOK2AUTHOR (id, book_id, author_id, sort_index) values (68, 41, 4, 68);
insert into BOOK2AUTHOR (id, book_id, author_id, sort_index) values (69, 25, 18, 69);
insert into BOOK2AUTHOR (id, book_id, author_id, sort_index) values (70, 20, 11, 70);
insert into BOOK2AUTHOR (id, book_id, author_id, sort_index) values (71, 18, 4, 71);
insert into BOOK2AUTHOR (id, book_id, author_id, sort_index) values (72, 26, 15, 72);
insert into BOOK2AUTHOR (id, book_id, author_id, sort_index) values (73, 16, 23, 73);
insert into BOOK2AUTHOR (id, book_id, author_id, sort_index) values (74, 20, 17, 74);
insert into BOOK2AUTHOR (id, book_id, author_id, sort_index) values (75, 15, 22, 75);
insert into BOOK2AUTHOR (id, book_id, author_id, sort_index) values (76, 66, 1, 76);
insert into BOOK2AUTHOR (id, book_id, author_id, sort_index) values (77, 67, 18, 77);
insert into BOOK2AUTHOR (id, book_id, author_id, sort_index) values (78, 4, 15, 78);
insert into BOOK2AUTHOR (id, book_id, author_id, sort_index) values (79, 60, 5, 79);
insert into BOOK2AUTHOR (id, book_id, author_id, sort_index) values (80, 20, 4, 80);
insert into BOOK2AUTHOR (id, book_id, author_id, sort_index) values (81, 5, 3, 81);
insert into BOOK2AUTHOR (id, book_id, author_id, sort_index) values (82, 27, 13, 82);
insert into BOOK2AUTHOR (id, book_id, author_id, sort_index) values (83, 54, 16, 83);
insert into BOOK2AUTHOR (id, book_id, author_id, sort_index) values (84, 31, 12, 84);
insert into BOOK2AUTHOR (id, book_id, author_id, sort_index) values (85, 55, 14, 85);
insert into BOOK2AUTHOR (id, book_id, author_id, sort_index) values (86, 19, 13, 86);
insert into BOOK2AUTHOR (id, book_id, author_id, sort_index) values (87, 25, 10, 87);
insert into BOOK2AUTHOR (id, book_id, author_id, sort_index) values (88, 65, 8, 88);
insert into BOOK2AUTHOR (id, book_id, author_id, sort_index) values (89, 33, 8, 89);
insert into BOOK2AUTHOR (id, book_id, author_id, sort_index) values (90, 33, 13, 90);
insert into BOOK2AUTHOR (id, book_id, author_id, sort_index) values (91, 27, 12, 91);
insert into BOOK2AUTHOR (id, book_id, author_id, sort_index) values (92, 52, 21, 92);

insert into "user" (id, hash, reg_time, balance, name) values (1, 'b6f1a491f557c8e6cbc3788c71e679b2ca97dd4644b5104a89ca5cec30966e7a', '2020-07-14 02:11:42', 6640, 'mhannent0');
insert into "user" (id, hash, reg_time, balance, name) values (2, 'ca4049700699b363efd0e1f484a62bdb16c37b987020165eb93c4a2e1d80ead1', '2020-09-03 17:54:01', 8701, 'itee1');
insert into "user" (id, hash, reg_time, balance, name) values (3, '2128fd81df5a15bb09beebf02e463b06eb107c0e61fdd0d1b8085a4411dcaa9d', '2020-12-06 09:21:33', 8936, 'syurshev2');
insert into "user" (id, hash, reg_time, balance, name) values (4, '32224cc5580ee3873f0518a8b05c388c57d5628b620f8a334737b467414ceb8a', '2020-04-08 09:11:24', 4119, 'kpacke3');
insert into "user" (id, hash, reg_time, balance, name) values (5, '8a5d3f46b5b84c228a380212027c23e395336ef6456e6c6f0a0b93d55426dfab', '2021-01-10 18:58:07', 2665, 'sshovelin4');
insert into "user" (id, hash, reg_time, balance, name) values (6, '6804a3efcc71d8b4a11175cd858a922841cb026f867c00105931b253845b7900', '2020-04-23 12:28:48', 2270, 'kdive5');
insert into "user" (id, hash, reg_time, balance, name) values (7, 'e0472e199d3d2037d9290eaefad05faaf91303b7bae576746f878bfe9857263b', '2020-12-03 11:26:45', 5739, 'ngabriel6');
insert into "user" (id, hash, reg_time, balance, name) values (8, 'c6f87e3e23c768779dd5aee37d7f926f683a3e752419868b47cc43affdf2f42e', '2020-12-06 23:40:26', 2676, 'kshipway7');
insert into "user" (id, hash, reg_time, balance, name) values (9, 'a9fbdbb69752419ee05a95454d1fe510ccbc605e61dcac352e911cd26f140034', '2020-06-26 07:09:24', 9341, 'bgutans8');
insert into "user" (id, hash, reg_time, balance, name) values (10, '41f3d5f442c7b3a752fbf9af5df24f9eaaaf5cd9c103d78339e616b63b9ee348', '2020-12-02 13:46:41', 1411, 'etoffetto9');
insert into "user" (id, hash, reg_time, balance, name) values (11, 'baee7d048c45e5862c30de12bd5ffba869295271f9bedfbe3bc16057dead11de', '2020-10-06 21:54:08', 8986, 'mjakewaya');
insert into "user" (id, hash, reg_time, balance, name) values (12, '9222a934662daa565bc750420554b76c1d7226c6f2690014bb93913a942aa0df', '2020-03-21 13:59:41', 1434, 'vcrebottb');
insert into "user" (id, hash, reg_time, balance, name) values (13, '7e135b3f8a03a44f9c72640fc6526292815b9aa0cb338ddad938434b583d796b', '2020-06-24 11:19:46', 8966, 'ebamlettc');
insert into "user" (id, hash, reg_time, balance, name) values (14, '9ade299ce266a956e76d29c8cd2738afa1dd7ddea4f9ef6bbbd71d11d9f21f29', '2020-11-28 17:54:40', 3513, 'askellsd');
insert into "user" (id, hash, reg_time, balance, name) values (15, '476f72a8f61109efd32e339f4cb06bdaf26d8763eaf2a600fab285819bf6830f', '2020-11-19 23:58:46', 9477, 'waudase');
insert into "user" (id, hash, reg_time, balance, name) values (16, '20d5431ba240ed56b19ca6da878d27627cc76828a9b797718a725cf5de5ef323', '2020-05-27 03:03:05', 7919, 'rhoylesf');
insert into "user" (id, hash, reg_time, balance, name) values (17, '9d64d1eec374d1dfacc13b60842a3671a52fa62f73f24c3bf9fb4e38747320bb', '2021-02-12 17:39:19', 399, 'arockallg');
insert into "user" (id, hash, reg_time, balance, name) values (18, '81455d47878b1b4a02b39cdd82660e89b4dacd25caf0009a88b9e2032a87af83', '2020-05-24 13:05:34', 3699, 'lcovottih');
insert into "user" (id, hash, reg_time, balance, name) values (19, 'a309537eb995f4b714cd4693a16f0d77a49343027fc05aa8d8dd2d76777a37b1', '2020-07-10 08:19:11', 7776, 'tferfullei');
insert into "user" (id, hash, reg_time, balance, name) values (20, '6140120fd77e6f66652e198e541d5981d8c3fdc0d5dfca0a41cc67b492093ed3', '2020-04-14 09:40:31', 3080, 'alinsayj');
insert into "user" (id, hash, reg_time, balance, name) values (21, '85b1a874bc619266a1b9e863248222432c8e51630eaf7ebdd296b38e1e34fa73', '2021-03-07 16:28:38', 7845, 'kspraggsk');
insert into "user" (id, hash, reg_time, balance, name) values (22, 'db73d3937c08fafdade36d36b892f637dc818618f8789ee8d5f11bc3ce6a82a4', '2021-01-25 12:49:45', 3397, 'bcalveyl');
insert into "user" (id, hash, reg_time, balance, name) values (23, '558e1561290776e22b14d664a1b96f432b1162f87132c9e0ac6aeb2f55937fff', '2020-10-09 18:36:41', 3241, 'ccamellinim');

insert into BOOK_REVIEW (id, book_id, user_id, time, text) values (1, 31, 14, '2020-07-10 05:47:32', 'odio curabitur convallis duis consequat dui nec nisi volutpat eleifend donec ut dolor morbi vel lectus in quam');
insert into BOOK_REVIEW (id, book_id, user_id, time, text) values (2, 39, 21, '2020-04-29 05:37:26', 'convallis nunc proin at turpis a pede posuere nonummy integer non velit donec diam');
insert into BOOK_REVIEW (id, book_id, user_id, time, text) values (3, 15, 4, '2020-06-02 07:00:52', 'id luctus nec molestie sed justo pellentesque viverra pede ac diam cras');
insert into BOOK_REVIEW (id, book_id, user_id, time, text) values (4, 47, 22, '2020-12-17 19:54:13', 'non mauris morbi non lectus aliquam sit amet diam in magna bibendum');
insert into BOOK_REVIEW (id, book_id, user_id, time, text) values (5, 27, 15, '2020-05-30 13:59:58', 'nulla eget eros elementum pellentesque quisque porta volutpat erat quisque erat eros viverra eget congue eget semper rutrum nulla nunc');
insert into BOOK_REVIEW (id, book_id, user_id, time, text) values (6, 44, 23, '2021-03-09 06:38:10', 'lectus pellentesque at nulla suspendisse potenti cras in purus eu magna');
insert into BOOK_REVIEW (id, book_id, user_id, time, text) values (7, 54, 5, '2020-03-29 17:59:54', 'sed lacus morbi sem mauris laoreet ut rhoncus aliquet pulvinar sed nisl nunc');
insert into BOOK_REVIEW (id, book_id, user_id, time, text) values (8, 6, 16, '2021-01-17 07:19:59', 'nunc viverra dapibus nulla suscipit ligula in lacus curabitur at ipsum ac tellus');
insert into BOOK_REVIEW (id, book_id, user_id, time, text) values (9, 66, 3, '2020-12-29 16:09:20', 'lectus aliquam sit amet diam in magna bibendum imperdiet nullam orci');
insert into BOOK_REVIEW (id, book_id, user_id, time, text) values (10, 43, 15, '2020-08-08 01:33:25', 'sociis natoque penatibus et magnis dis parturient montes nascetur ridiculus mus vivamus vestibulum');
insert into BOOK_REVIEW (id, book_id, user_id, time, text) values (11, 57, 20, '2021-01-29 10:47:22', 'quis justo maecenas rhoncus aliquam lacus morbi quis tortor id nulla ultrices aliquet maecenas leo odio condimentum id luctus');
insert into BOOK_REVIEW (id, book_id, user_id, time, text) values (12, 30, 16, '2020-06-19 10:58:24', 'sapien urna pretium nisl ut volutpat sapien arcu sed augue aliquam erat');
insert into BOOK_REVIEW (id, book_id, user_id, time, text) values (13, 62, 18, '2020-12-21 19:10:35', 'sit amet consectetuer adipiscing elit proin interdum mauris non ligula pellentesque ultrices phasellus id');
insert into BOOK_REVIEW (id, book_id, user_id, time, text) values (14, 5, 14, '2020-05-05 04:37:51', 'et tempus semper est quam pharetra magna ac consequat metus');
insert into BOOK_REVIEW (id, book_id, user_id, time, text) values (15, 55, 3, '2020-12-07 19:28:25', 'et magnis dis parturient montes nascetur ridiculus mus etiam vel augue vestibulum rutrum rutrum neque aenean');
insert into BOOK_REVIEW (id, book_id, user_id, time, text) values (16, 50, 14, '2020-06-14 11:17:32', 'aliquam quis turpis eget elit sodales scelerisque mauris sit amet eros suspendisse accumsan tortor quis turpis sed ante vivamus tortor');
insert into BOOK_REVIEW (id, book_id, user_id, time, text) values (17, 60, 21, '2020-12-11 15:22:57', 'aliquam lacus morbi quis tortor id nulla ultrices aliquet maecenas leo odio condimentum id');
insert into BOOK_REVIEW (id, book_id, user_id, time, text) values (18, 67, 9, '2020-07-17 09:02:22', 'ornare imperdiet sapien urna pretium nisl ut volutpat sapien arcu sed augue aliquam erat volutpat');
insert into BOOK_REVIEW (id, book_id, user_id, time, text) values (19, 6, 18, '2020-05-31 19:26:02', 'fusce lacus purus aliquet at feugiat non pretium quis lectus suspendisse potenti in eleifend');
insert into BOOK_REVIEW (id, book_id, user_id, time, text) values (20, 40, 5, '2021-01-21 12:59:07', 'ut at dolor quis odio consequat varius integer ac leo pellentesque ultrices mattis odio donec');
insert into BOOK_REVIEW (id, book_id, user_id, time, text) values (21, 66, 3, '2021-01-08 17:16:48', 'donec semper sapien a libero nam dui proin leo odio porttitor id consequat in consequat ut nulla sed');
insert into BOOK_REVIEW (id, book_id, user_id, time, text) values (22, 58, 19, '2020-05-30 14:41:13', 'volutpat quam pede lobortis ligula sit amet eleifend pede libero quis orci nullam');
insert into BOOK_REVIEW (id, book_id, user_id, time, text) values (23, 58, 20, '2020-12-20 21:30:07', 'sapien varius ut blandit non interdum in ante vestibulum ante');
insert into BOOK_REVIEW (id, book_id, user_id, time, text) values (24, 13, 12, '2020-07-08 22:27:32', 'ut dolor morbi vel lectus in quam fringilla rhoncus mauris enim leo rhoncus sed');
insert into BOOK_REVIEW (id, book_id, user_id, time, text) values (25, 40, 6, '2020-12-22 06:01:24', 'sed lacus morbi sem mauris laoreet ut rhoncus aliquet pulvinar sed nisl nunc rhoncus dui vel');
insert into BOOK_REVIEW (id, book_id, user_id, time, text) values (26, 11, 16, '2020-08-28 11:51:05', 'faucibus orci luctus et ultrices posuere cubilia curae nulla dapibus dolor vel est donec odio');
insert into BOOK_REVIEW (id, book_id, user_id, time, text) values (27, 2, 13, '2020-06-09 06:11:59', 'et ultrices posuere cubilia curae nulla dapibus dolor vel est donec');
insert into BOOK_REVIEW (id, book_id, user_id, time, text) values (28, 24, 1, '2020-06-26 10:48:07', 'id ornare imperdiet sapien urna pretium nisl ut volutpat sapien arcu');
insert into BOOK_REVIEW (id, book_id, user_id, time, text) values (29, 38, 6, '2021-01-13 07:16:59', 'aliquet massa id lobortis convallis tortor risus dapibus augue vel accumsan tellus nisi');
insert into BOOK_REVIEW (id, book_id, user_id, time, text) values (30, 42, 23, '2020-12-29 06:51:26', 'primis in faucibus orci luctus et ultrices posuere cubilia curae nulla');
insert into BOOK_REVIEW (id, book_id, user_id, time, text) values (31, 1, 12, '2020-10-11 14:47:14', 'convallis tortor risus dapibus augue vel accumsan tellus nisi eu orci mauris lacinia sapien quis');
insert into BOOK_REVIEW (id, book_id, user_id, time, text) values (32, 32, 19, '2020-12-31 10:49:51', 'volutpat sapien arcu sed augue aliquam erat volutpat in congue etiam justo etiam');
insert into BOOK_REVIEW (id, book_id, user_id, time, text) values (33, 19, 5, '2021-01-25 03:30:07', 'vitae ipsum aliquam non mauris morbi non lectus aliquam sit');
insert into BOOK_REVIEW (id, book_id, user_id, time, text) values (34, 51, 2, '2021-03-16 19:25:12', 'interdum mauris ullamcorper purus sit amet nulla quisque arcu libero rutrum ac lobortis');
insert into BOOK_REVIEW (id, book_id, user_id, time, text) values (35, 18, 21, '2020-04-07 23:31:08', 'fringilla rhoncus mauris enim leo rhoncus sed vestibulum sit amet');
insert into BOOK_REVIEW (id, book_id, user_id, time, text) values (36, 5, 4, '2020-06-18 08:33:06', 'vitae consectetuer eget rutrum at lorem integer tincidunt ante vel ipsum praesent blandit lacinia erat vestibulum');
insert into BOOK_REVIEW (id, book_id, user_id, time, text) values (37, 38, 18, '2020-09-29 02:26:10', 'sem sed sagittis nam congue risus semper porta volutpat quam pede lobortis ligula sit amet eleifend');
insert into BOOK_REVIEW (id, book_id, user_id, time, text) values (38, 53, 15, '2020-04-27 04:59:19', 'curabitur in libero ut massa volutpat convallis morbi odio odio elementum eu');
insert into BOOK_REVIEW (id, book_id, user_id, time, text) values (39, 51, 6, '2020-12-31 04:18:54', 'tempor turpis nec euismod scelerisque quam turpis adipiscing lorem vitae mattis nibh');
insert into BOOK_REVIEW (id, book_id, user_id, time, text) values (40, 8, 10, '2021-03-02 15:06:22', 'eget tincidunt eget tempus vel pede morbi porttitor lorem id ligula suspendisse ornare consequat lectus in est risus');
insert into BOOK_REVIEW (id, book_id, user_id, time, text) values (41, 54, 6, '2020-11-30 10:38:57', 'in tempor turpis nec euismod scelerisque quam turpis adipiscing lorem vitae mattis nibh');
insert into BOOK_REVIEW (id, book_id, user_id, time, text) values (42, 67, 5, '2020-04-03 07:15:17', 'et magnis dis parturient montes nascetur ridiculus mus vivamus vestibulum sagittis sapien cum sociis natoque penatibus et magnis dis');
insert into BOOK_REVIEW (id, book_id, user_id, time, text) values (43, 2, 19, '2020-04-20 16:31:59', 'enim sit amet nunc viverra dapibus nulla suscipit ligula in lacus curabitur at ipsum ac tellus semper');
insert into BOOK_REVIEW (id, book_id, user_id, time, text) values (44, 37, 22, '2020-12-26 02:17:46', 'donec odio justo sollicitudin ut suscipit a feugiat et eros vestibulum ac est lacinia');
insert into BOOK_REVIEW (id, book_id, user_id, time, text) values (45, 16, 11, '2020-03-29 04:52:09', 'id pretium iaculis diam erat fermentum justo nec condimentum neque sapien placerat ante');
insert into BOOK_REVIEW (id, book_id, user_id, time, text) values (46, 28, 21, '2021-02-21 18:57:25', 'viverra dapibus nulla suscipit ligula in lacus curabitur at ipsum ac tellus semper interdum mauris ullamcorper purus sit');
insert into BOOK_REVIEW (id, book_id, user_id, time, text) values (47, 39, 3, '2020-04-28 13:43:58', 'vivamus metus arcu adipiscing molestie hendrerit at vulputate vitae nisl aenean lectus');
insert into BOOK_REVIEW (id, book_id, user_id, time, text) values (48, 58, 15, '2020-08-22 22:03:33', 'metus arcu adipiscing molestie hendrerit at vulputate vitae nisl aenean lectus pellentesque eget');
insert into BOOK_REVIEW (id, book_id, user_id, time, text) values (49, 65, 2, '2021-02-27 17:17:48', 'eu magna vulputate luctus cum sociis natoque penatibus et magnis dis');
insert into BOOK_REVIEW (id, book_id, user_id, time, text) values (50, 3, 14, '2020-07-02 23:44:42', 'justo in hac habitasse platea dictumst etiam faucibus cursus urna ut tellus nulla ut erat');
insert into BOOK_REVIEW (id, book_id, user_id, time, text) values (51, 60, 15, '2021-03-03 01:49:21', 'quam pharetra magna ac consequat metus sapien ut nunc vestibulum ante ipsum primis in faucibus orci luctus et ultrices posuere');
insert into BOOK_REVIEW (id, book_id, user_id, time, text) values (52, 62, 7, '2020-04-27 15:47:46', 'in est risus auctor sed tristique in tempus sit amet sem fusce consequat nulla nisl nunc nisl');
insert into BOOK_REVIEW (id, book_id, user_id, time, text) values (53, 38, 20, '2021-02-11 20:55:39', 'dui luctus rutrum nulla tellus in sagittis dui vel nisl duis ac nibh fusce lacus purus aliquet at');
insert into BOOK_REVIEW (id, book_id, user_id, time, text) values (54, 10, 8, '2020-07-03 21:46:45', 'diam vitae quam suspendisse potenti nullam porttitor lacus at turpis donec posuere metus');
insert into BOOK_REVIEW (id, book_id, user_id, time, text) values (55, 6, 23, '2021-03-18 04:31:16', 'duis bibendum morbi non quam nec dui luctus rutrum nulla tellus in sagittis dui vel nisl duis ac');
insert into BOOK_REVIEW (id, book_id, user_id, time, text) values (56, 53, 18, '2020-10-22 05:53:43', 'eu est congue elementum in hac habitasse platea dictumst morbi vestibulum velit id');
insert into BOOK_REVIEW (id, book_id, user_id, time, text) values (57, 4, 8, '2021-02-18 17:23:31', 'sit amet sem fusce consequat nulla nisl nunc nisl duis bibendum felis sed interdum venenatis turpis enim');
insert into BOOK_REVIEW (id, book_id, user_id, time, text) values (58, 34, 2, '2021-02-28 07:04:10', 'cubilia curae duis faucibus accumsan odio curabitur convallis duis consequat dui nec nisi volutpat eleifend donec');
insert into BOOK_REVIEW (id, book_id, user_id, time, text) values (59, 52, 6, '2021-02-01 08:51:46', 'erat id mauris vulputate elementum nullam varius nulla facilisi cras non velit nec nisi vulputate nonummy maecenas tincidunt lacus at');
insert into BOOK_REVIEW (id, book_id, user_id, time, text) values (60, 3, 14, '2020-05-14 12:58:36', 'tristique est et tempus semper est quam pharetra magna ac consequat metus sapien ut nunc');
insert into BOOK_REVIEW (id, book_id, user_id, time, text) values (61, 5, 15, '2020-10-03 02:00:45', 'quis lectus suspendisse potenti in eleifend quam a odio in');
insert into BOOK_REVIEW (id, book_id, user_id, time, text) values (62, 11, 13, '2021-02-08 13:23:50', 'morbi quis tortor id nulla ultrices aliquet maecenas leo odio condimentum id luctus nec molestie sed');
insert into BOOK_REVIEW (id, book_id, user_id, time, text) values (63, 23, 13, '2020-12-22 03:27:35', 'amet consectetuer adipiscing elit proin risus praesent lectus vestibulum quam sapien varius ut blandit non interdum in ante vestibulum ante');
insert into BOOK_REVIEW (id, book_id, user_id, time, text) values (64, 39, 12, '2020-08-09 04:21:54', 'amet sapien dignissim vestibulum vestibulum ante ipsum primis in faucibus orci luctus et ultrices');
insert into BOOK_REVIEW (id, book_id, user_id, time, text) values (65, 43, 11, '2020-05-20 17:32:13', 'quisque erat eros viverra eget congue eget semper rutrum nulla nunc');
insert into BOOK_REVIEW (id, book_id, user_id, time, text) values (66, 54, 19, '2020-03-23 02:28:46', 'cum sociis natoque penatibus et magnis dis parturient montes nascetur ridiculus');
insert into BOOK_REVIEW (id, book_id, user_id, time, text) values (67, 66, 7, '2021-01-23 17:08:24', 'vestibulum ac est lacinia nisi venenatis tristique fusce congue diam id ornare');
insert into BOOK_REVIEW (id, book_id, user_id, time, text) values (68, 31, 12, '2020-08-13 23:25:09', 'sem sed sagittis nam congue risus semper porta volutpat quam pede lobortis ligula sit amet eleifend pede libero');
insert into BOOK_REVIEW (id, book_id, user_id, time, text) values (69, 10, 3, '2020-10-08 17:57:26', 'congue vivamus metus arcu adipiscing molestie hendrerit at vulputate vitae nisl aenean lectus pellentesque eget nunc');
insert into BOOK_REVIEW (id, book_id, user_id, time, text) values (70, 16, 11, '2020-06-23 11:11:01', 'amet consectetuer adipiscing elit proin interdum mauris non ligula pellentesque');
insert into BOOK_REVIEW (id, book_id, user_id, time, text) values (71, 3, 7, '2020-11-25 19:37:34', 'id turpis integer aliquet massa id lobortis convallis tortor risus dapibus augue vel accumsan tellus nisi eu');
insert into BOOK_REVIEW (id, book_id, user_id, time, text) values (72, 50, 10, '2020-12-25 17:17:12', 'quis tortor id nulla ultrices aliquet maecenas leo odio condimentum id luctus nec molestie sed justo');
insert into BOOK_REVIEW (id, book_id, user_id, time, text) values (73, 27, 8, '2020-11-21 08:23:07', 'ante vel ipsum praesent blandit lacinia erat vestibulum sed magna at nunc commodo placerat praesent');
insert into BOOK_REVIEW (id, book_id, user_id, time, text) values (74, 56, 11, '2020-12-17 19:30:59', 'lorem ipsum dolor sit amet consectetuer adipiscing elit proin interdum mauris non ligula pellentesque ultrices phasellus');
insert into BOOK_REVIEW (id, book_id, user_id, time, text) values (75, 46, 5, '2020-11-12 10:03:29', 'proin risus praesent lectus vestibulum quam sapien varius ut blandit non interdum in');
insert into BOOK_REVIEW (id, book_id, user_id, time, text) values (76, 55, 9, '2020-07-09 17:29:44', 'hac habitasse platea dictumst aliquam augue quam sollicitudin vitae consectetuer eget rutrum at lorem');
insert into BOOK_REVIEW (id, book_id, user_id, time, text) values (77, 14, 16, '2020-04-12 20:15:02', 'phasellus sit amet erat nulla tempus vivamus in felis eu sapien cursus vestibulum proin eu');
insert into BOOK_REVIEW (id, book_id, user_id, time, text) values (78, 24, 1, '2020-05-27 04:14:43', 'ac est lacinia nisi venenatis tristique fusce congue diam id');
insert into BOOK_REVIEW (id, book_id, user_id, time, text) values (79, 18, 1, '2020-04-27 15:53:23', 'nascetur ridiculus mus etiam vel augue vestibulum rutrum rutrum neque aenean auctor gravida');
insert into BOOK_REVIEW (id, book_id, user_id, time, text) values (80, 6, 10, '2020-04-06 19:06:30', 'nulla integer pede justo lacinia eget tincidunt eget tempus vel pede morbi porttitor lorem');
insert into BOOK_REVIEW (id, book_id, user_id, time, text) values (81, 22, 8, '2021-02-13 21:49:08', 'pede venenatis non sodales sed tincidunt eu felis fusce posuere felis sed lacus morbi sem mauris laoreet ut rhoncus aliquet');
insert into BOOK_REVIEW (id, book_id, user_id, time, text) values (82, 49, 23, '2020-10-07 10:45:26', 'odio elementum eu interdum eu tincidunt in leo maecenas pulvinar lobortis est phasellus sit amet erat');
insert into BOOK_REVIEW (id, book_id, user_id, time, text) values (83, 54, 9, '2020-05-14 08:20:40', 'vivamus tortor duis mattis egestas metus aenean fermentum donec ut mauris eget massa tempor convallis nulla neque libero convallis');
insert into BOOK_REVIEW (id, book_id, user_id, time, text) values (84, 62, 20, '2020-03-21 15:21:57', 'posuere nonummy integer non velit donec diam neque vestibulum eget vulputate ut ultrices');
insert into BOOK_REVIEW (id, book_id, user_id, time, text) values (85, 58, 8, '2020-10-29 21:26:34', 'erat vestibulum sed magna at nunc commodo placerat praesent blandit nam nulla');
insert into BOOK_REVIEW (id, book_id, user_id, time, text) values (86, 24, 15, '2020-12-27 23:55:20', 'lacinia aenean sit amet justo morbi ut odio cras mi pede malesuada in imperdiet');
insert into BOOK_REVIEW (id, book_id, user_id, time, text) values (87, 51, 22, '2020-11-01 19:23:10', 'leo maecenas pulvinar lobortis est phasellus sit amet erat nulla tempus vivamus in felis eu sapien');
insert into BOOK_REVIEW (id, book_id, user_id, time, text) values (88, 35, 21, '2020-07-10 01:23:48', 'ultrices posuere cubilia curae donec pharetra magna vestibulum aliquet ultrices erat tortor sollicitudin mi sit amet lobortis sapien');
insert into BOOK_REVIEW (id, book_id, user_id, time, text) values (89, 43, 13, '2020-04-06 03:37:01', 'felis eu sapien cursus vestibulum proin eu mi nulla ac enim in tempor turpis nec euismod scelerisque');
insert into BOOK_REVIEW (id, book_id, user_id, time, text) values (90, 37, 23, '2020-08-19 08:07:50', 'volutpat quam pede lobortis ligula sit amet eleifend pede libero quis orci nullam molestie nibh in');
insert into BOOK_REVIEW (id, book_id, user_id, time, text) values (91, 41, 9, '2020-09-28 06:16:24', 'eu massa donec dapibus duis at velit eu est congue elementum in hac habitasse platea dictumst morbi vestibulum velit id');
insert into BOOK_REVIEW (id, book_id, user_id, time, text) values (92, 16, 9, '2020-07-08 05:50:58', 'aliquam non mauris morbi non lectus aliquam sit amet diam in magna bibendum imperdiet nullam orci pede venenatis');
insert into BOOK_REVIEW (id, book_id, user_id, time, text) values (93, 63, 3, '2020-10-09 08:02:36', 'ultrices erat tortor sollicitudin mi sit amet lobortis sapien sapien non mi integer');
insert into BOOK_REVIEW (id, book_id, user_id, time, text) values (94, 36, 21, '2020-04-21 04:04:30', 'vitae nisl aenean lectus pellentesque eget nunc donec quis orci');
insert into BOOK_REVIEW (id, book_id, user_id, time, text) values (95, 19, 12, '2020-03-19 10:01:19', 'in hac habitasse platea dictumst etiam faucibus cursus urna ut');
insert into BOOK_REVIEW (id, book_id, user_id, time, text) values (96, 1, 11, '2021-01-19 02:28:34', 'luctus ultricies eu nibh quisque id justo sit amet sapien dignissim vestibulum');
insert into BOOK_REVIEW (id, book_id, user_id, time, text) values (97, 60, 14, '2020-08-07 15:26:58', 'et commodo vulputate justo in blandit ultrices enim lorem ipsum');
insert into BOOK_REVIEW (id, book_id, user_id, time, text) values (98, 39, 9, '2020-04-28 23:43:50', 'dui vel sem sed sagittis nam congue risus semper porta volutpat quam pede lobortis ligula sit amet eleifend pede');
insert into BOOK_REVIEW (id, book_id, user_id, time, text) values (99, 42, 1, '2020-09-01 13:02:13', 'tellus nulla ut erat id mauris vulputate elementum nullam varius nulla facilisi cras non velit nec nisi vulputate nonummy maecenas');
insert into BOOK_REVIEW (id, book_id, user_id, time, text) values (100, 8, 6, '2020-07-31 05:46:14', 'dolor morbi vel lectus in quam fringilla rhoncus mauris enim leo');
insert into BOOK_REVIEW (id, book_id, user_id, time, text) values (101, 63, 12, '2020-07-09 04:53:55', 'habitasse platea dictumst maecenas ut massa quis augue luctus tincidunt nulla mollis molestie lorem quisque ut erat curabitur');
insert into BOOK_REVIEW (id, book_id, user_id, time, text) values (102, 57, 11, '2020-12-31 07:30:06', 'tempus semper est quam pharetra magna ac consequat metus sapien ut nunc vestibulum ante ipsum primis in faucibus orci luctus');
insert into BOOK_REVIEW (id, book_id, user_id, time, text) values (103, 33, 11, '2020-12-02 09:36:59', 'metus vitae ipsum aliquam non mauris morbi non lectus aliquam sit amet diam');
insert into BOOK_REVIEW (id, book_id, user_id, time, text) values (104, 57, 13, '2020-06-18 03:58:42', 'nascetur ridiculus mus vivamus vestibulum sagittis sapien cum sociis natoque');
insert into BOOK_REVIEW (id, book_id, user_id, time, text) values (105, 18, 22, '2021-03-16 13:52:06', 'eros viverra eget congue eget semper rutrum nulla nunc purus phasellus');
insert into BOOK_REVIEW (id, book_id, user_id, time, text) values (106, 33, 1, '2020-05-08 14:13:37', 'donec odio justo sollicitudin ut suscipit a feugiat et eros vestibulum ac est');
insert into BOOK_REVIEW (id, book_id, user_id, time, text) values (107, 59, 7, '2021-02-26 01:54:44', 'vulputate justo in blandit ultrices enim lorem ipsum dolor sit amet consectetuer adipiscing elit proin interdum mauris non');
insert into BOOK_REVIEW (id, book_id, user_id, time, text) values (108, 29, 8, '2020-03-31 22:05:16', 'nulla tellus in sagittis dui vel nisl duis ac nibh');
insert into BOOK_REVIEW (id, book_id, user_id, time, text) values (109, 45, 22, '2020-03-27 05:11:50', 'ultrices posuere cubilia curae donec pharetra magna vestibulum aliquet ultrices erat tortor sollicitudin');
insert into BOOK_REVIEW (id, book_id, user_id, time, text) values (110, 23, 4, '2020-05-16 21:49:59', 'in felis eu sapien cursus vestibulum proin eu mi nulla ac');
insert into BOOK_REVIEW (id, book_id, user_id, time, text) values (111, 28, 15, '2021-03-06 15:36:48', 'ridiculus mus etiam vel augue vestibulum rutrum rutrum neque aenean auctor gravida sem praesent id');
insert into BOOK_REVIEW (id, book_id, user_id, time, text) values (112, 23, 8, '2021-02-24 09:15:23', 'placerat ante nulla justo aliquam quis turpis eget elit sodales scelerisque mauris sit amet eros suspendisse accumsan tortor');
insert into BOOK_REVIEW (id, book_id, user_id, time, text) values (113, 5, 11, '2020-12-22 03:32:13', 'amet diam in magna bibendum imperdiet nullam orci pede venenatis non sodales sed tincidunt');
insert into BOOK_REVIEW (id, book_id, user_id, time, text) values (114, 55, 22, '2020-04-15 08:19:06', 'eu est congue elementum in hac habitasse platea dictumst morbi');
insert into BOOK_REVIEW (id, book_id, user_id, time, text) values (115, 27, 10, '2020-04-19 14:04:42', 'faucibus accumsan odio curabitur convallis duis consequat dui nec nisi volutpat eleifend donec ut dolor');
insert into BOOK_REVIEW (id, book_id, user_id, time, text) values (116, 43, 3, '2020-10-03 00:04:01', 'posuere cubilia curae nulla dapibus dolor vel est donec odio justo sollicitudin ut');
insert into BOOK_REVIEW (id, book_id, user_id, time, text) values (117, 37, 7, '2020-06-04 20:50:33', 'enim leo rhoncus sed vestibulum sit amet cursus id turpis integer aliquet massa id lobortis convallis');
insert into BOOK_REVIEW (id, book_id, user_id, time, text) values (118, 40, 5, '2021-02-28 02:23:07', 'potenti cras in purus eu magna vulputate luctus cum sociis natoque penatibus et');
insert into BOOK_REVIEW (id, book_id, user_id, time, text) values (119, 67, 17, '2020-12-15 16:40:31', 'convallis nulla neque libero convallis eget eleifend luctus ultricies eu nibh quisque id justo sit amet sapien');
insert into BOOK_REVIEW (id, book_id, user_id, time, text) values (120, 10, 7, '2020-12-06 19:22:57', 'venenatis turpis enim blandit mi in porttitor pede justo eu massa donec dapibus duis at velit eu est congue elementum');
insert into BOOK_REVIEW (id, book_id, user_id, time, text) values (121, 54, 8, '2020-05-20 21:05:49', 'arcu sed augue aliquam erat volutpat in congue etiam justo etiam pretium iaculis justo in hac habitasse platea dictumst');
insert into BOOK_REVIEW (id, book_id, user_id, time, text) values (122, 54, 1, '2020-09-25 20:30:35', 'mauris viverra diam vitae quam suspendisse potenti nullam porttitor lacus at turpis donec posuere metus vitae ipsum aliquam');
insert into BOOK_REVIEW (id, book_id, user_id, time, text) values (123, 20, 5, '2020-10-31 23:11:28', 'nunc viverra dapibus nulla suscipit ligula in lacus curabitur at ipsum ac tellus semper interdum mauris ullamcorper');
insert into BOOK_REVIEW (id, book_id, user_id, time, text) values (124, 44, 1, '2020-09-01 15:26:37', 'eu sapien cursus vestibulum proin eu mi nulla ac enim in tempor');
insert into BOOK_REVIEW (id, book_id, user_id, time, text) values (125, 20, 11, '2020-06-30 00:29:19', 'in porttitor pede justo eu massa donec dapibus duis at');
insert into BOOK_REVIEW (id, book_id, user_id, time, text) values (126, 31, 9, '2020-11-07 13:42:11', 'scelerisque quam turpis adipiscing lorem vitae mattis nibh ligula nec sem duis aliquam convallis nunc proin at turpis a pede');
insert into BOOK_REVIEW (id, book_id, user_id, time, text) values (127, 34, 8, '2020-04-12 18:46:42', 'vel accumsan tellus nisi eu orci mauris lacinia sapien quis libero nullam sit amet turpis');
insert into BOOK_REVIEW (id, book_id, user_id, time, text) values (128, 56, 8, '2021-02-10 18:35:50', 'pretium iaculis justo in hac habitasse platea dictumst etiam faucibus cursus urna ut tellus nulla ut');
insert into BOOK_REVIEW (id, book_id, user_id, time, text) values (129, 21, 9, '2021-01-10 06:31:06', 'eu orci mauris lacinia sapien quis libero nullam sit amet turpis');
insert into BOOK_REVIEW (id, book_id, user_id, time, text) values (130, 62, 8, '2020-10-20 10:19:03', 'eu massa donec dapibus duis at velit eu est congue elementum in hac habitasse platea dictumst morbi vestibulum velit id');
insert into BOOK_REVIEW (id, book_id, user_id, time, text) values (131, 54, 11, '2020-05-26 11:10:52', 'sit amet justo morbi ut odio cras mi pede malesuada');
insert into BOOK_REVIEW (id, book_id, user_id, time, text) values (132, 11, 9, '2020-07-06 01:41:19', 'at velit vivamus vel nulla eget eros elementum pellentesque quisque porta volutpat erat quisque erat eros viverra');
insert into BOOK_REVIEW (id, book_id, user_id, time, text) values (133, 17, 15, '2020-08-18 20:28:16', 'dolor quis odio consequat varius integer ac leo pellentesque ultrices mattis odio donec vitae nisi nam ultrices libero');
insert into BOOK_REVIEW (id, book_id, user_id, time, text) values (134, 65, 11, '2020-08-10 04:45:02', 'platea dictumst maecenas ut massa quis augue luctus tincidunt nulla mollis molestie lorem');
insert into BOOK_REVIEW (id, book_id, user_id, time, text) values (135, 1, 12, '2020-10-21 11:57:53', 'tellus nulla ut erat id mauris vulputate elementum nullam varius nulla facilisi cras non velit nec nisi vulputate');
insert into BOOK_REVIEW (id, book_id, user_id, time, text) values (136, 67, 16, '2021-03-17 01:45:00', 'diam vitae quam suspendisse potenti nullam porttitor lacus at turpis donec posuere');
insert into BOOK_REVIEW (id, book_id, user_id, time, text) values (137, 38, 20, '2020-07-13 20:46:25', 'dignissim vestibulum vestibulum ante ipsum primis in faucibus orci luctus et ultrices posuere cubilia curae nulla dapibus');
insert into BOOK_REVIEW (id, book_id, user_id, time, text) values (138, 30, 21, '2020-11-21 04:01:39', 'lacus at turpis donec posuere metus vitae ipsum aliquam non mauris morbi non lectus aliquam sit amet diam in');
insert into BOOK_REVIEW (id, book_id, user_id, time, text) values (139, 6, 11, '2020-08-17 12:24:11', 'eu sapien cursus vestibulum proin eu mi nulla ac enim in tempor turpis nec euismod scelerisque quam turpis adipiscing');
insert into BOOK_REVIEW (id, book_id, user_id, time, text) values (140, 37, 14, '2020-11-28 05:37:29', 'consequat ut nulla sed accumsan felis ut at dolor quis');
insert into BOOK_REVIEW (id, book_id, user_id, time, text) values (141, 19, 14, '2020-11-10 08:17:01', 'integer non velit donec diam neque vestibulum eget vulputate ut ultrices vel augue vestibulum');
insert into BOOK_REVIEW (id, book_id, user_id, time, text) values (142, 47, 8, '2020-05-14 02:33:49', 'curabitur at ipsum ac tellus semper interdum mauris ullamcorper purus sit amet nulla quisque arcu libero rutrum ac lobortis vel');
insert into BOOK_REVIEW (id, book_id, user_id, time, text) values (143, 25, 23, '2020-11-28 15:19:31', 'elementum eu interdum eu tincidunt in leo maecenas pulvinar lobortis est phasellus sit amet erat nulla tempus vivamus');
insert into BOOK_REVIEW (id, book_id, user_id, time, text) values (144, 37, 16, '2020-07-29 13:15:32', 'donec dapibus duis at velit eu est congue elementum in hac habitasse platea dictumst morbi vestibulum velit id');
insert into BOOK_REVIEW (id, book_id, user_id, time, text) values (145, 49, 2, '2020-12-25 22:05:03', 'viverra pede ac diam cras pellentesque volutpat dui maecenas tristique est et tempus');
insert into BOOK_REVIEW (id, book_id, user_id, time, text) values (146, 33, 13, '2020-07-31 20:31:07', 'nibh in hac habitasse platea dictumst aliquam augue quam sollicitudin vitae consectetuer eget rutrum at lorem integer');
insert into BOOK_REVIEW (id, book_id, user_id, time, text) values (147, 11, 21, '2020-03-27 15:39:04', 'felis eu sapien cursus vestibulum proin eu mi nulla ac enim in tempor turpis nec euismod scelerisque quam');
insert into BOOK_REVIEW (id, book_id, user_id, time, text) values (148, 2, 7, '2020-08-21 00:40:25', 'est lacinia nisi venenatis tristique fusce congue diam id ornare imperdiet sapien urna');
insert into BOOK_REVIEW (id, book_id, user_id, time, text) values (149, 18, 19, '2020-08-06 19:45:41', 'lorem integer tincidunt ante vel ipsum praesent blandit lacinia erat vestibulum sed magna at nunc');
insert into BOOK_REVIEW (id, book_id, user_id, time, text) values (150, 8, 4, '2020-09-06 05:25:04', 'lectus vestibulum quam sapien varius ut blandit non interdum in ante vestibulum ante ipsum primis in faucibus orci luctus');
insert into BOOK_REVIEW (id, book_id, user_id, time, text) values (151, 18, 13, '2020-07-16 11:06:30', 'fusce lacus purus aliquet at feugiat non pretium quis lectus suspendisse');
insert into BOOK_REVIEW (id, book_id, user_id, time, text) values (152, 65, 2, '2020-09-05 03:45:58', 'semper rutrum nulla nunc purus phasellus in felis donec semper sapien a libero nam dui');
insert into BOOK_REVIEW (id, book_id, user_id, time, text) values (153, 34, 22, '2020-09-24 15:58:53', 'cursus id turpis integer aliquet massa id lobortis convallis tortor risus dapibus augue vel accumsan tellus');
insert into BOOK_REVIEW (id, book_id, user_id, time, text) values (154, 6, 2, '2020-03-29 12:18:32', 'vehicula consequat morbi a ipsum integer a nibh in quis justo maecenas rhoncus aliquam lacus morbi');
insert into BOOK_REVIEW (id, book_id, user_id, time, text) values (155, 28, 22, '2020-08-12 15:48:18', 'morbi porttitor lorem id ligula suspendisse ornare consequat lectus in est risus auctor sed tristique in tempus sit amet');
insert into BOOK_REVIEW (id, book_id, user_id, time, text) values (156, 59, 1, '2020-12-06 02:55:12', 'in eleifend quam a odio in hac habitasse platea dictumst maecenas ut massa quis augue luctus tincidunt nulla');
insert into BOOK_REVIEW (id, book_id, user_id, time, text) values (157, 19, 1, '2020-08-19 10:02:19', 'in eleifend quam a odio in hac habitasse platea dictumst maecenas ut massa');
insert into BOOK_REVIEW (id, book_id, user_id, time, text) values (158, 27, 8, '2021-01-29 13:25:12', 'faucibus accumsan odio curabitur convallis duis consequat dui nec nisi volutpat eleifend donec ut dolor morbi');
insert into BOOK_REVIEW (id, book_id, user_id, time, text) values (159, 63, 15, '2020-05-14 17:06:47', 'odio cras mi pede malesuada in imperdiet et commodo vulputate justo in');
insert into BOOK_REVIEW (id, book_id, user_id, time, text) values (160, 36, 15, '2020-09-03 14:09:22', 'mi sit amet lobortis sapien sapien non mi integer ac neque duis');
insert into BOOK_REVIEW (id, book_id, user_id, time, text) values (161, 42, 10, '2020-12-03 05:52:37', 'nulla ultrices aliquet maecenas leo odio condimentum id luctus nec molestie sed justo');
insert into BOOK_REVIEW (id, book_id, user_id, time, text) values (162, 2, 4, '2021-03-09 04:25:23', 'convallis eget eleifend luctus ultricies eu nibh quisque id justo');
insert into BOOK_REVIEW (id, book_id, user_id, time, text) values (163, 7, 12, '2020-08-25 14:34:02', 'convallis nunc proin at turpis a pede posuere nonummy integer non velit donec diam');
insert into BOOK_REVIEW (id, book_id, user_id, time, text) values (164, 55, 18, '2020-09-09 09:19:11', 'varius nulla facilisi cras non velit nec nisi vulputate nonummy');
insert into BOOK_REVIEW (id, book_id, user_id, time, text) values (165, 52, 11, '2021-02-12 14:58:28', 'cursus id turpis integer aliquet massa id lobortis convallis tortor risus dapibus augue');
insert into BOOK_REVIEW (id, book_id, user_id, time, text) values (166, 41, 22, '2020-06-11 01:24:52', 'justo etiam pretium iaculis justo in hac habitasse platea dictumst etiam faucibus cursus urna ut tellus nulla ut');
insert into BOOK_REVIEW (id, book_id, user_id, time, text) values (167, 45, 8, '2020-06-06 18:11:04', 'dis parturient montes nascetur ridiculus mus etiam vel augue vestibulum rutrum rutrum neque aenean auctor gravida sem praesent');
insert into BOOK_REVIEW (id, book_id, user_id, time, text) values (168, 32, 16, '2020-04-22 02:28:05', 'congue elementum in hac habitasse platea dictumst morbi vestibulum velit id pretium iaculis diam erat fermentum justo nec');
insert into BOOK_REVIEW (id, book_id, user_id, time, text) values (169, 51, 15, '2020-12-18 21:31:08', 'eget tincidunt eget tempus vel pede morbi porttitor lorem id ligula suspendisse ornare consequat lectus in est risus');
insert into BOOK_REVIEW (id, book_id, user_id, time, text) values (170, 42, 6, '2020-05-21 21:26:24', 'phasellus id sapien in sapien iaculis congue vivamus metus arcu adipiscing');
insert into BOOK_REVIEW (id, book_id, user_id, time, text) values (171, 62, 20, '2020-11-05 21:55:11', 'ac nibh fusce lacus purus aliquet at feugiat non pretium quis lectus suspendisse potenti in eleifend quam a');
insert into BOOK_REVIEW (id, book_id, user_id, time, text) values (172, 45, 15, '2020-04-07 04:18:55', 'magna bibendum imperdiet nullam orci pede venenatis non sodales sed tincidunt eu felis fusce posuere felis sed lacus');
insert into BOOK_REVIEW (id, book_id, user_id, time, text) values (173, 63, 6, '2020-09-20 18:52:11', 'elementum eu interdum eu tincidunt in leo maecenas pulvinar lobortis est');
insert into BOOK_REVIEW (id, book_id, user_id, time, text) values (174, 5, 11, '2020-08-09 16:30:32', 'augue vel accumsan tellus nisi eu orci mauris lacinia sapien quis libero nullam sit amet turpis elementum ligula vehicula');
insert into BOOK_REVIEW (id, book_id, user_id, time, text) values (175, 65, 12, '2020-08-06 18:02:26', 'etiam pretium iaculis justo in hac habitasse platea dictumst etiam faucibus cursus urna ut tellus nulla ut erat id');
insert into BOOK_REVIEW (id, book_id, user_id, time, text) values (176, 35, 10, '2021-01-05 09:07:10', 'vivamus metus arcu adipiscing molestie hendrerit at vulputate vitae nisl aenean lectus pellentesque eget nunc');
insert into BOOK_REVIEW (id, book_id, user_id, time, text) values (177, 59, 15, '2020-04-23 00:44:16', 'platea dictumst etiam faucibus cursus urna ut tellus nulla ut erat id');
insert into BOOK_REVIEW (id, book_id, user_id, time, text) values (178, 38, 22, '2021-01-19 23:03:54', 'blandit mi in porttitor pede justo eu massa donec dapibus duis at velit eu est congue elementum in hac');
insert into BOOK_REVIEW (id, book_id, user_id, time, text) values (179, 18, 6, '2020-08-21 07:15:15', 'nec nisi vulputate nonummy maecenas tincidunt lacus at velit vivamus vel nulla eget eros elementum pellentesque quisque porta volutpat');
insert into BOOK_REVIEW (id, book_id, user_id, time, text) values (180, 42, 1, '2020-05-04 08:45:19', 'posuere cubilia curae nulla dapibus dolor vel est donec odio justo sollicitudin ut suscipit a feugiat et eros');
insert into BOOK_REVIEW (id, book_id, user_id, time, text) values (181, 21, 21, '2020-05-06 16:50:00', 'luctus nec molestie sed justo pellentesque viverra pede ac diam cras pellentesque volutpat dui maecenas tristique est et');
insert into BOOK_REVIEW (id, book_id, user_id, time, text) values (182, 27, 4, '2021-03-07 00:33:23', 'placerat praesent blandit nam nulla integer pede justo lacinia eget tincidunt eget tempus vel pede morbi porttitor lorem id ligula');
insert into BOOK_REVIEW (id, book_id, user_id, time, text) values (183, 22, 10, '2020-05-05 13:23:28', 'viverra diam vitae quam suspendisse potenti nullam porttitor lacus at turpis donec posuere metus vitae ipsum');
insert into BOOK_REVIEW (id, book_id, user_id, time, text) values (184, 12, 19, '2021-03-12 15:35:28', 'potenti in eleifend quam a odio in hac habitasse platea dictumst maecenas ut massa');
insert into BOOK_REVIEW (id, book_id, user_id, time, text) values (185, 62, 13, '2020-10-15 03:42:25', 'in imperdiet et commodo vulputate justo in blandit ultrices enim lorem ipsum dolor sit amet');
insert into BOOK_REVIEW (id, book_id, user_id, time, text) values (186, 54, 11, '2020-06-06 23:29:09', 'ut erat curabitur gravida nisi at nibh in hac habitasse platea dictumst aliquam augue quam sollicitudin');
insert into BOOK_REVIEW (id, book_id, user_id, time, text) values (187, 38, 11, '2020-11-06 04:32:11', 'adipiscing lorem vitae mattis nibh ligula nec sem duis aliquam convallis nunc proin at turpis a pede');
insert into BOOK_REVIEW (id, book_id, user_id, time, text) values (188, 6, 1, '2020-12-10 00:35:01', 'etiam justo etiam pretium iaculis justo in hac habitasse platea dictumst etiam faucibus cursus');
insert into BOOK_REVIEW (id, book_id, user_id, time, text) values (189, 61, 14, '2020-07-28 19:30:06', 'libero convallis eget eleifend luctus ultricies eu nibh quisque id justo sit amet sapien dignissim vestibulum vestibulum ante');
insert into BOOK_REVIEW (id, book_id, user_id, time, text) values (190, 5, 2, '2020-08-18 15:18:39', 'ante nulla justo aliquam quis turpis eget elit sodales scelerisque mauris sit amet eros suspendisse accumsan tortor quis');
insert into BOOK_REVIEW (id, book_id, user_id, time, text) values (191, 23, 5, '2020-09-22 18:46:32', 'id nulla ultrices aliquet maecenas leo odio condimentum id luctus nec molestie sed justo pellentesque viverra pede ac');
insert into BOOK_REVIEW (id, book_id, user_id, time, text) values (192, 57, 11, '2021-01-07 11:53:53', 'in est risus auctor sed tristique in tempus sit amet sem fusce consequat nulla nisl nunc');
insert into BOOK_REVIEW (id, book_id, user_id, time, text) values (193, 59, 3, '2020-06-17 20:18:19', 'aliquam convallis nunc proin at turpis a pede posuere nonummy integer non velit');
insert into BOOK_REVIEW (id, book_id, user_id, time, text) values (194, 33, 17, '2020-10-26 13:15:02', 'dui maecenas tristique est et tempus semper est quam pharetra magna ac');
insert into BOOK_REVIEW (id, book_id, user_id, time, text) values (195, 59, 5, '2021-03-02 01:44:07', 'quam pede lobortis ligula sit amet eleifend pede libero quis orci nullam molestie nibh in lectus');
insert into BOOK_REVIEW (id, book_id, user_id, time, text) values (196, 35, 2, '2021-03-18 06:31:14', 'justo eu massa donec dapibus duis at velit eu est');
insert into BOOK_REVIEW (id, book_id, user_id, time, text) values (197, 54, 8, '2020-11-09 16:36:06', 'mus etiam vel augue vestibulum rutrum rutrum neque aenean auctor gravida sem praesent id massa');
insert into BOOK_REVIEW (id, book_id, user_id, time, text) values (198, 43, 21, '2020-10-22 02:28:04', 'erat curabitur gravida nisi at nibh in hac habitasse platea dictumst aliquam augue quam sollicitudin');
insert into BOOK_REVIEW (id, book_id, user_id, time, text) values (199, 39, 11, '2020-11-08 01:14:26', 'eros elementum pellentesque quisque porta volutpat erat quisque erat eros viverra eget congue');
insert into BOOK_REVIEW (id, book_id, user_id, time, text) values (200, 43, 17, '2021-03-03 15:26:56', 'sapien quis libero nullam sit amet turpis elementum ligula vehicula consequat morbi a ipsum integer a nibh in quis');
insert into BOOK_REVIEW (id, book_id, user_id, time, text) values (201, 26, 3, '2020-06-20 13:36:11', 'nibh in lectus pellentesque at nulla suspendisse potenti cras in purus eu magna vulputate luctus cum sociis');
insert into BOOK_REVIEW (id, book_id, user_id, time, text) values (202, 11, 6, '2020-03-30 08:14:40', 'integer pede justo lacinia eget tincidunt eget tempus vel pede morbi porttitor lorem id ligula suspendisse ornare consequat');
insert into BOOK_REVIEW (id, book_id, user_id, time, text) values (203, 25, 6, '2020-08-23 13:09:28', 'volutpat sapien arcu sed augue aliquam erat volutpat in congue etiam justo etiam');
insert into BOOK_REVIEW (id, book_id, user_id, time, text) values (204, 12, 19, '2021-02-17 11:38:42', 'faucibus cursus urna ut tellus nulla ut erat id mauris vulputate elementum nullam');
insert into BOOK_REVIEW (id, book_id, user_id, time, text) values (205, 30, 1, '2020-05-15 00:00:49', 'nisl duis bibendum felis sed interdum venenatis turpis enim blandit mi in porttitor pede justo eu');
insert into BOOK_REVIEW (id, book_id, user_id, time, text) values (206, 44, 8, '2020-08-19 23:48:22', 'curae donec pharetra magna vestibulum aliquet ultrices erat tortor sollicitudin mi sit amet lobortis sapien sapien non');
insert into BOOK_REVIEW (id, book_id, user_id, time, text) values (207, 33, 2, '2020-10-22 15:59:02', 'sed augue aliquam erat volutpat in congue etiam justo etiam pretium');
insert into BOOK_REVIEW (id, book_id, user_id, time, text) values (208, 5, 9, '2021-01-08 08:05:56', 'orci eget orci vehicula condimentum curabitur in libero ut massa volutpat convallis morbi odio odio elementum eu interdum');
insert into BOOK_REVIEW (id, book_id, user_id, time, text) values (209, 66, 18, '2021-02-07 10:43:48', 'velit donec diam neque vestibulum eget vulputate ut ultrices vel augue vestibulum');
insert into BOOK_REVIEW (id, book_id, user_id, time, text) values (210, 20, 4, '2020-10-28 08:16:23', 'rutrum nulla tellus in sagittis dui vel nisl duis ac nibh fusce lacus purus aliquet');
insert into BOOK_REVIEW (id, book_id, user_id, time, text) values (211, 29, 23, '2020-08-16 11:45:27', 'eget elit sodales scelerisque mauris sit amet eros suspendisse accumsan');
insert into BOOK_REVIEW (id, book_id, user_id, time, text) values (212, 62, 15, '2020-10-06 13:28:30', 'quam suspendisse potenti nullam porttitor lacus at turpis donec posuere metus vitae ipsum aliquam');
insert into BOOK_REVIEW (id, book_id, user_id, time, text) values (213, 35, 14, '2020-07-02 23:25:38', 'orci mauris lacinia sapien quis libero nullam sit amet turpis elementum');
insert into BOOK_REVIEW (id, book_id, user_id, time, text) values (214, 21, 9, '2020-07-29 07:17:39', 'nibh in hac habitasse platea dictumst aliquam augue quam sollicitudin');
insert into BOOK_REVIEW (id, book_id, user_id, time, text) values (215, 65, 12, '2020-08-31 13:23:48', 'donec posuere metus vitae ipsum aliquam non mauris morbi non lectus aliquam');
insert into BOOK_REVIEW (id, book_id, user_id, time, text) values (216, 13, 10, '2020-11-07 18:31:22', 'lectus pellentesque eget nunc donec quis orci eget orci vehicula');
insert into BOOK_REVIEW (id, book_id, user_id, time, text) values (217, 63, 23, '2020-11-10 02:10:31', 'donec pharetra magna vestibulum aliquet ultrices erat tortor sollicitudin mi sit amet lobortis sapien sapien non');
insert into BOOK_REVIEW (id, book_id, user_id, time, text) values (218, 47, 6, '2020-04-09 11:53:56', 'aliquam lacus morbi quis tortor id nulla ultrices aliquet maecenas leo odio condimentum id luctus nec molestie sed');
insert into BOOK_REVIEW (id, book_id, user_id, time, text) values (219, 20, 3, '2020-08-16 11:25:51', 'nibh in lectus pellentesque at nulla suspendisse potenti cras in purus eu magna vulputate');
insert into BOOK_REVIEW (id, book_id, user_id, time, text) values (220, 7, 11, '2020-11-16 20:50:48', 'nisl ut volutpat sapien arcu sed augue aliquam erat volutpat in congue etiam');
insert into BOOK_REVIEW (id, book_id, user_id, time, text) values (221, 14, 6, '2020-10-13 17:45:12', 'vestibulum ac est lacinia nisi venenatis tristique fusce congue diam id');
insert into BOOK_REVIEW (id, book_id, user_id, time, text) values (222, 47, 19, '2021-02-24 20:33:39', 'mauris non ligula pellentesque ultrices phasellus id sapien in sapien iaculis congue vivamus metus arcu');
insert into BOOK_REVIEW (id, book_id, user_id, time, text) values (223, 61, 18, '2020-12-02 20:31:19', 'sem praesent id massa id nisl venenatis lacinia aenean sit amet justo morbi ut odio cras mi');
insert into BOOK_REVIEW (id, book_id, user_id, time, text) values (224, 36, 19, '2020-09-11 15:17:58', 'ut tellus nulla ut erat id mauris vulputate elementum nullam varius nulla facilisi cras non velit nec nisi vulputate nonummy');
insert into BOOK_REVIEW (id, book_id, user_id, time, text) values (225, 66, 21, '2021-02-09 01:46:30', 'eget semper rutrum nulla nunc purus phasellus in felis donec semper sapien a libero nam dui');
insert into BOOK_REVIEW (id, book_id, user_id, time, text) values (226, 53, 9, '2021-01-05 10:21:06', 'ipsum primis in faucibus orci luctus et ultrices posuere cubilia curae nulla dapibus dolor vel est donec odio');
insert into BOOK_REVIEW (id, book_id, user_id, time, text) values (227, 33, 23, '2021-03-16 15:17:00', 'odio donec vitae nisi nam ultrices libero non mattis pulvinar nulla pede ullamcorper augue a suscipit');
insert into BOOK_REVIEW (id, book_id, user_id, time, text) values (228, 35, 15, '2020-10-05 08:03:16', 'faucibus orci luctus et ultrices posuere cubilia curae nulla dapibus dolor vel est donec odio justo');
insert into BOOK_REVIEW (id, book_id, user_id, time, text) values (229, 44, 11, '2021-02-07 22:18:57', 'pellentesque at nulla suspendisse potenti cras in purus eu magna vulputate');
insert into BOOK_REVIEW (id, book_id, user_id, time, text) values (230, 37, 16, '2021-03-13 08:14:41', 'vitae quam suspendisse potenti nullam porttitor lacus at turpis donec');
insert into BOOK_REVIEW (id, book_id, user_id, time, text) values (231, 18, 20, '2020-10-02 21:58:31', 'tortor quis turpis sed ante vivamus tortor duis mattis egestas metus aenean fermentum');
insert into BOOK_REVIEW (id, book_id, user_id, time, text) values (232, 36, 16, '2020-07-27 20:17:41', 'congue diam id ornare imperdiet sapien urna pretium nisl ut volutpat sapien arcu sed augue aliquam');
insert into BOOK_REVIEW (id, book_id, user_id, time, text) values (233, 56, 11, '2020-08-06 11:41:39', 'eu magna vulputate luctus cum sociis natoque penatibus et magnis dis parturient montes nascetur ridiculus mus vivamus vestibulum sagittis');
insert into BOOK_REVIEW (id, book_id, user_id, time, text) values (234, 56, 9, '2020-07-27 07:17:32', 'tellus semper interdum mauris ullamcorper purus sit amet nulla quisque arcu libero rutrum ac lobortis vel dapibus at');
insert into BOOK_REVIEW (id, book_id, user_id, time, text) values (235, 32, 6, '2020-05-18 19:54:29', 'in consequat ut nulla sed accumsan felis ut at dolor quis odio consequat varius integer ac leo pellentesque');
insert into BOOK_REVIEW (id, book_id, user_id, time, text) values (236, 42, 7, '2020-09-03 17:21:27', 'dolor vel est donec odio justo sollicitudin ut suscipit a feugiat et eros vestibulum ac est');
insert into BOOK_REVIEW (id, book_id, user_id, time, text) values (237, 41, 15, '2020-09-21 15:47:43', 'libero convallis eget eleifend luctus ultricies eu nibh quisque id justo sit amet sapien dignissim');
insert into BOOK_REVIEW (id, book_id, user_id, time, text) values (238, 13, 22, '2020-12-24 05:07:37', 'interdum mauris ullamcorper purus sit amet nulla quisque arcu libero rutrum ac lobortis vel');
insert into BOOK_REVIEW (id, book_id, user_id, time, text) values (239, 10, 16, '2020-07-27 18:56:52', 'in quis justo maecenas rhoncus aliquam lacus morbi quis tortor id nulla ultrices aliquet');
insert into BOOK_REVIEW (id, book_id, user_id, time, text) values (240, 64, 10, '2021-03-07 21:15:41', 'vivamus metus arcu adipiscing molestie hendrerit at vulputate vitae nisl aenean lectus pellentesque eget nunc donec');
insert into BOOK_REVIEW (id, book_id, user_id, time, text) values (241, 46, 7, '2021-03-14 16:12:31', 'erat eros viverra eget congue eget semper rutrum nulla nunc purus phasellus in felis donec semper sapien a libero nam');
insert into BOOK_REVIEW (id, book_id, user_id, time, text) values (242, 53, 10, '2020-12-17 00:54:11', 'nibh fusce lacus purus aliquet at feugiat non pretium quis');
insert into BOOK_REVIEW (id, book_id, user_id, time, text) values (243, 28, 7, '2020-11-10 00:29:34', 'curae nulla dapibus dolor vel est donec odio justo sollicitudin');
insert into BOOK_REVIEW (id, book_id, user_id, time, text) values (244, 11, 22, '2020-11-26 19:57:23', 'elit proin interdum mauris non ligula pellentesque ultrices phasellus id');
insert into BOOK_REVIEW (id, book_id, user_id, time, text) values (245, 31, 15, '2020-10-11 13:09:21', 'et commodo vulputate justo in blandit ultrices enim lorem ipsum dolor sit amet consectetuer');
insert into BOOK_REVIEW (id, book_id, user_id, time, text) values (246, 10, 8, '2020-03-30 17:29:19', 'nisi nam ultrices libero non mattis pulvinar nulla pede ullamcorper augue a suscipit nulla elit ac nulla sed');
insert into BOOK_REVIEW (id, book_id, user_id, time, text) values (247, 16, 21, '2020-09-26 22:57:31', 'nec nisi vulputate nonummy maecenas tincidunt lacus at velit vivamus vel nulla eget eros elementum pellentesque quisque porta volutpat');
insert into BOOK_REVIEW (id, book_id, user_id, time, text) values (248, 57, 8, '2020-07-21 07:36:55', 'pellentesque at nulla suspendisse potenti cras in purus eu magna');
insert into BOOK_REVIEW (id, book_id, user_id, time, text) values (249, 19, 3, '2020-09-14 22:27:58', 'tempus sit amet sem fusce consequat nulla nisl nunc nisl duis');
insert into BOOK_REVIEW (id, book_id, user_id, time, text) values (250, 35, 16, '2020-07-29 05:39:21', 'mattis egestas metus aenean fermentum donec ut mauris eget massa tempor convallis nulla');
insert into BOOK_REVIEW (id, book_id, user_id, time, text) values (251, 48, 15, '2020-07-17 19:43:19', 'molestie nibh in lectus pellentesque at nulla suspendisse potenti cras in purus eu magna');
insert into BOOK_REVIEW (id, book_id, user_id, time, text) values (252, 13, 8, '2021-01-15 13:06:48', 'at lorem integer tincidunt ante vel ipsum praesent blandit lacinia erat vestibulum sed');
insert into BOOK_REVIEW (id, book_id, user_id, time, text) values (253, 1, 10, '2020-04-17 09:01:57', 'adipiscing molestie hendrerit at vulputate vitae nisl aenean lectus pellentesque eget nunc');
insert into BOOK_REVIEW (id, book_id, user_id, time, text) values (254, 29, 4, '2020-04-03 17:07:30', 'primis in faucibus orci luctus et ultrices posuere cubilia curae');
insert into BOOK_REVIEW (id, book_id, user_id, time, text) values (255, 51, 22, '2020-06-18 20:59:17', 'nunc commodo placerat praesent blandit nam nulla integer pede justo lacinia eget tincidunt eget tempus vel pede morbi porttitor');
insert into BOOK_REVIEW (id, book_id, user_id, time, text) values (256, 2, 19, '2020-05-23 21:20:55', 'donec dapibus duis at velit eu est congue elementum in');
insert into BOOK_REVIEW (id, book_id, user_id, time, text) values (257, 18, 10, '2020-12-30 08:31:25', 'in libero ut massa volutpat convallis morbi odio odio elementum eu interdum eu tincidunt in');
insert into BOOK_REVIEW (id, book_id, user_id, time, text) values (258, 32, 1, '2020-06-28 23:58:53', 'odio porttitor id consequat in consequat ut nulla sed accumsan felis ut at dolor quis odio consequat varius integer');
insert into BOOK_REVIEW (id, book_id, user_id, time, text) values (259, 56, 1, '2020-07-03 18:26:22', 'et commodo vulputate justo in blandit ultrices enim lorem ipsum dolor sit');
insert into BOOK_REVIEW (id, book_id, user_id, time, text) values (260, 19, 4, '2021-02-12 15:40:59', 'nam nulla integer pede justo lacinia eget tincidunt eget tempus vel pede morbi');
insert into BOOK_REVIEW (id, book_id, user_id, time, text) values (261, 43, 17, '2020-04-30 02:03:32', 'pede malesuada in imperdiet et commodo vulputate justo in blandit');
insert into BOOK_REVIEW (id, book_id, user_id, time, text) values (262, 38, 15, '2020-08-18 01:27:40', 'orci luctus et ultrices posuere cubilia curae donec pharetra magna vestibulum aliquet ultrices erat tortor sollicitudin mi sit amet');
insert into BOOK_REVIEW (id, book_id, user_id, time, text) values (263, 13, 4, '2020-08-12 02:39:39', 'posuere metus vitae ipsum aliquam non mauris morbi non lectus aliquam sit amet');
insert into BOOK_REVIEW (id, book_id, user_id, time, text) values (264, 11, 11, '2020-12-11 22:56:12', 'volutpat in congue etiam justo etiam pretium iaculis justo in hac habitasse platea dictumst etiam faucibus cursus urna ut tellus');
insert into BOOK_REVIEW (id, book_id, user_id, time, text) values (265, 57, 9, '2020-04-03 21:48:14', 'at turpis a pede posuere nonummy integer non velit donec');
insert into BOOK_REVIEW (id, book_id, user_id, time, text) values (266, 45, 8, '2020-04-24 22:50:34', 'et magnis dis parturient montes nascetur ridiculus mus etiam vel augue vestibulum rutrum rutrum neque');
insert into BOOK_REVIEW (id, book_id, user_id, time, text) values (267, 5, 7, '2021-03-14 22:46:15', 'sed magna at nunc commodo placerat praesent blandit nam nulla integer pede justo lacinia eget tincidunt eget');
insert into BOOK_REVIEW (id, book_id, user_id, time, text) values (268, 23, 17, '2021-02-23 12:32:17', 'aliquam non mauris morbi non lectus aliquam sit amet diam in magna bibendum imperdiet nullam orci pede venenatis non sodales');
insert into BOOK_REVIEW (id, book_id, user_id, time, text) values (269, 61, 12, '2020-11-14 20:01:16', 'nibh fusce lacus purus aliquet at feugiat non pretium quis lectus suspendisse potenti in');
insert into BOOK_REVIEW (id, book_id, user_id, time, text) values (270, 63, 20, '2020-08-13 12:59:44', 'montes nascetur ridiculus mus vivamus vestibulum sagittis sapien cum sociis natoque penatibus');
insert into BOOK_REVIEW (id, book_id, user_id, time, text) values (271, 64, 13, '2020-07-13 11:51:20', 'id mauris vulputate elementum nullam varius nulla facilisi cras non velit nec nisi vulputate nonummy maecenas tincidunt');
insert into BOOK_REVIEW (id, book_id, user_id, time, text) values (272, 54, 1, '2021-03-18 12:22:46', 'habitasse platea dictumst morbi vestibulum velit id pretium iaculis diam erat');
insert into BOOK_REVIEW (id, book_id, user_id, time, text) values (273, 39, 20, '2020-11-15 17:05:44', 'gravida nisi at nibh in hac habitasse platea dictumst aliquam augue quam sollicitudin vitae consectetuer eget rutrum at lorem');
insert into BOOK_REVIEW (id, book_id, user_id, time, text) values (274, 61, 12, '2020-12-18 00:55:25', 'eu tincidunt in leo maecenas pulvinar lobortis est phasellus sit amet');
insert into BOOK_REVIEW (id, book_id, user_id, time, text) values (275, 10, 4, '2020-07-25 23:01:39', 'sed nisl nunc rhoncus dui vel sem sed sagittis nam congue risus semper porta volutpat quam');
insert into BOOK_REVIEW (id, book_id, user_id, time, text) values (276, 1, 7, '2021-02-22 01:29:56', 'vestibulum proin eu mi nulla ac enim in tempor turpis nec euismod scelerisque quam turpis adipiscing');
insert into BOOK_REVIEW (id, book_id, user_id, time, text) values (277, 42, 5, '2020-12-09 21:26:10', 'odio donec vitae nisi nam ultrices libero non mattis pulvinar nulla pede');
insert into BOOK_REVIEW (id, book_id, user_id, time, text) values (278, 61, 20, '2020-06-07 22:54:53', 'volutpat convallis morbi odio odio elementum eu interdum eu tincidunt in leo maecenas pulvinar lobortis est phasellus sit');
insert into BOOK_REVIEW (id, book_id, user_id, time, text) values (279, 31, 21, '2020-04-15 11:34:08', 'in hac habitasse platea dictumst morbi vestibulum velit id pretium iaculis diam erat fermentum');
insert into BOOK_REVIEW (id, book_id, user_id, time, text) values (280, 55, 15, '2020-06-09 06:17:52', 'lorem id ligula suspendisse ornare consequat lectus in est risus auctor sed tristique in tempus sit amet sem');
insert into BOOK_REVIEW (id, book_id, user_id, time, text) values (281, 33, 23, '2020-06-09 02:04:25', 'in lacus curabitur at ipsum ac tellus semper interdum mauris ullamcorper purus');
insert into BOOK_REVIEW (id, book_id, user_id, time, text) values (282, 46, 3, '2020-12-12 02:38:14', 'eros viverra eget congue eget semper rutrum nulla nunc purus phasellus in felis donec semper sapien a libero');
insert into BOOK_REVIEW (id, book_id, user_id, time, text) values (283, 52, 16, '2020-08-10 00:37:20', 'tellus nisi eu orci mauris lacinia sapien quis libero nullam sit');
insert into BOOK_REVIEW (id, book_id, user_id, time, text) values (284, 31, 7, '2020-04-02 21:46:01', 'sed nisl nunc rhoncus dui vel sem sed sagittis nam congue risus semper porta volutpat quam pede lobortis');
insert into BOOK_REVIEW (id, book_id, user_id, time, text) values (285, 13, 5, '2020-06-30 03:31:33', 'dui nec nisi volutpat eleifend donec ut dolor morbi vel lectus in quam fringilla rhoncus mauris enim leo rhoncus');
insert into BOOK_REVIEW (id, book_id, user_id, time, text) values (286, 13, 13, '2020-11-14 19:26:08', 'in lacus curabitur at ipsum ac tellus semper interdum mauris ullamcorper purus sit amet nulla quisque arcu');
insert into BOOK_REVIEW (id, book_id, user_id, time, text) values (287, 40, 7, '2021-03-10 16:42:47', 'et commodo vulputate justo in blandit ultrices enim lorem ipsum dolor sit amet consectetuer');
insert into BOOK_REVIEW (id, book_id, user_id, time, text) values (288, 67, 5, '2020-10-07 08:56:05', 'accumsan odio curabitur convallis duis consequat dui nec nisi volutpat eleifend');
insert into BOOK_REVIEW (id, book_id, user_id, time, text) values (289, 5, 18, '2020-10-29 19:36:21', 'urna ut tellus nulla ut erat id mauris vulputate elementum nullam varius nulla facilisi cras non');
insert into BOOK_REVIEW (id, book_id, user_id, time, text) values (290, 45, 8, '2020-08-13 07:02:10', 'condimentum id luctus nec molestie sed justo pellentesque viverra pede ac diam');
insert into BOOK_REVIEW (id, book_id, user_id, time, text) values (291, 40, 2, '2021-01-05 06:01:20', 'ullamcorper purus sit amet nulla quisque arcu libero rutrum ac lobortis vel dapibus at');
insert into BOOK_REVIEW (id, book_id, user_id, time, text) values (292, 1, 20, '2020-07-23 19:33:22', 'sed augue aliquam erat volutpat in congue etiam justo etiam pretium iaculis');
insert into BOOK_REVIEW (id, book_id, user_id, time, text) values (293, 51, 11, '2020-07-23 14:12:25', 'platea dictumst morbi vestibulum velit id pretium iaculis diam erat fermentum justo nec condimentum neque sapien placerat');
insert into BOOK_REVIEW (id, book_id, user_id, time, text) values (294, 26, 5, '2020-09-05 19:25:19', 'sit amet cursus id turpis integer aliquet massa id lobortis convallis tortor risus dapibus augue vel accumsan tellus nisi eu');
insert into BOOK_REVIEW (id, book_id, user_id, time, text) values (295, 44, 16, '2020-08-05 02:31:46', 'consectetuer adipiscing elit proin interdum mauris non ligula pellentesque ultrices phasellus id sapien in');
insert into BOOK_REVIEW (id, book_id, user_id, time, text) values (296, 32, 18, '2020-07-17 22:35:06', 'iaculis diam erat fermentum justo nec condimentum neque sapien placerat ante');
insert into BOOK_REVIEW (id, book_id, user_id, time, text) values (297, 25, 21, '2020-11-13 03:38:10', 'lacus curabitur at ipsum ac tellus semper interdum mauris ullamcorper purus sit amet');
insert into BOOK_REVIEW (id, book_id, user_id, time, text) values (298, 16, 7, '2020-09-07 16:16:22', 'cum sociis natoque penatibus et magnis dis parturient montes nascetur');
insert into BOOK_REVIEW (id, book_id, user_id, time, text) values (299, 37, 14, '2021-02-04 00:14:31', 'posuere nonummy integer non velit donec diam neque vestibulum eget vulputate ut ultrices');
insert into BOOK_REVIEW (id, book_id, user_id, time, text) values (300, 16, 17, '2021-01-28 13:10:42', 'vel augue vestibulum ante ipsum primis in faucibus orci luctus et ultrices posuere cubilia curae donec');
insert into BOOK_REVIEW (id, book_id, user_id, time, text) values (301, 21, 9, '2021-02-14 00:49:10', 'cubilia curae nulla dapibus dolor vel est donec odio justo sollicitudin ut suscipit a feugiat et eros');
insert into BOOK_REVIEW (id, book_id, user_id, time, text) values (302, 32, 3, '2020-12-20 03:09:01', 'at lorem integer tincidunt ante vel ipsum praesent blandit lacinia erat vestibulum sed');
insert into BOOK_REVIEW (id, book_id, user_id, time, text) values (303, 54, 20, '2020-08-04 05:03:31', 'fusce consequat nulla nisl nunc nisl duis bibendum felis sed interdum venenatis turpis');
insert into BOOK_REVIEW (id, book_id, user_id, time, text) values (304, 8, 5, '2020-11-01 20:23:41', 'pellentesque at nulla suspendisse potenti cras in purus eu magna vulputate luctus cum');
insert into BOOK_REVIEW (id, book_id, user_id, time, text) values (305, 57, 9, '2020-10-19 12:20:20', 'mattis odio donec vitae nisi nam ultrices libero non mattis');
insert into BOOK_REVIEW (id, book_id, user_id, time, text) values (306, 67, 3, '2020-09-08 14:18:25', 'felis sed lacus morbi sem mauris laoreet ut rhoncus aliquet pulvinar');
insert into BOOK_REVIEW (id, book_id, user_id, time, text) values (307, 41, 12, '2020-04-01 09:02:29', 'elementum ligula vehicula consequat morbi a ipsum integer a nibh');
insert into BOOK_REVIEW (id, book_id, user_id, time, text) values (308, 12, 1, '2020-03-28 13:35:57', 'ornare consequat lectus in est risus auctor sed tristique in tempus sit');
insert into BOOK_REVIEW (id, book_id, user_id, time, text) values (309, 15, 17, '2021-01-25 06:46:55', 'massa quis augue luctus tincidunt nulla mollis molestie lorem quisque');
insert into BOOK_REVIEW (id, book_id, user_id, time, text) values (310, 21, 7, '2020-12-31 15:48:16', 'vestibulum sed magna at nunc commodo placerat praesent blandit nam nulla integer pede justo lacinia eget tincidunt');
insert into BOOK_REVIEW (id, book_id, user_id, time, text) values (311, 35, 9, '2020-07-10 13:54:58', 'dui nec nisi volutpat eleifend donec ut dolor morbi vel lectus in quam fringilla rhoncus mauris enim');
insert into BOOK_REVIEW (id, book_id, user_id, time, text) values (312, 30, 8, '2020-08-24 14:51:10', 'ipsum aliquam non mauris morbi non lectus aliquam sit amet diam in magna bibendum imperdiet nullam');

insert into BOOK_REVIEW_LIKE (id, review_id, user_id, time, value) values (1, 142, 1, '2020-11-16 03:00:51', false);
insert into BOOK_REVIEW_LIKE (id, review_id, user_id, time, value) values (2, 154, 1, '2021-01-06 12:37:23', true);
insert into BOOK_REVIEW_LIKE (id, review_id, user_id, time, value) values (3, 207, 18, '2020-10-06 19:49:04', false);
insert into BOOK_REVIEW_LIKE (id, review_id, user_id, time, value) values (4, 102, 16, '2020-08-27 03:13:36', true);
insert into BOOK_REVIEW_LIKE (id, review_id, user_id, time, value) values (5, 232, 2, '2021-01-08 23:29:00', false);
insert into BOOK_REVIEW_LIKE (id, review_id, user_id, time, value) values (6, 251, 10, '2021-01-03 22:48:48', false);
insert into BOOK_REVIEW_LIKE (id, review_id, user_id, time, value) values (7, 24, 15, '2020-04-08 15:29:35', true);
insert into BOOK_REVIEW_LIKE (id, review_id, user_id, time, value) values (8, 282, 2, '2020-04-23 13:08:20', false);
insert into BOOK_REVIEW_LIKE (id, review_id, user_id, time, value) values (9, 217, 5, '2020-12-15 01:10:14', true);
insert into BOOK_REVIEW_LIKE (id, review_id, user_id, time, value) values (10, 115, 14, '2021-01-24 19:00:31', false);
insert into BOOK_REVIEW_LIKE (id, review_id, user_id, time, value) values (11, 26, 23, '2020-10-21 16:02:15', false);
insert into BOOK_REVIEW_LIKE (id, review_id, user_id, time, value) values (12, 220, 16, '2020-05-06 13:40:23', true);
insert into BOOK_REVIEW_LIKE (id, review_id, user_id, time, value) values (13, 211, 18, '2020-10-28 20:47:22', false);
insert into BOOK_REVIEW_LIKE (id, review_id, user_id, time, value) values (14, 76, 8, '2020-08-06 00:52:53', true);
insert into BOOK_REVIEW_LIKE (id, review_id, user_id, time, value) values (15, 64, 6, '2020-11-19 02:22:55', false);
insert into BOOK_REVIEW_LIKE (id, review_id, user_id, time, value) values (16, 308, 14, '2020-05-22 05:46:29', true);
insert into BOOK_REVIEW_LIKE (id, review_id, user_id, time, value) values (17, 174, 11, '2021-02-08 18:29:22', false);
insert into BOOK_REVIEW_LIKE (id, review_id, user_id, time, value) values (18, 64, 7, '2021-01-29 16:03:34', false);
insert into BOOK_REVIEW_LIKE (id, review_id, user_id, time, value) values (19, 2, 23, '2020-03-22 16:38:12', true);
insert into BOOK_REVIEW_LIKE (id, review_id, user_id, time, value) values (20, 22, 20, '2020-04-23 13:38:12', true);
insert into BOOK_REVIEW_LIKE (id, review_id, user_id, time, value) values (21, 215, 14, '2021-03-04 07:13:31', true);
insert into BOOK_REVIEW_LIKE (id, review_id, user_id, time, value) values (22, 169, 21, '2020-12-31 11:48:13', true);
insert into BOOK_REVIEW_LIKE (id, review_id, user_id, time, value) values (23, 189, 14, '2020-06-02 15:54:34', true);
insert into BOOK_REVIEW_LIKE (id, review_id, user_id, time, value) values (24, 40, 21, '2020-04-18 21:13:57', true);
insert into BOOK_REVIEW_LIKE (id, review_id, user_id, time, value) values (25, 194, 15, '2020-09-23 03:25:45', true);
insert into BOOK_REVIEW_LIKE (id, review_id, user_id, time, value) values (26, 91, 5, '2020-07-09 12:37:49', false);
insert into BOOK_REVIEW_LIKE (id, review_id, user_id, time, value) values (27, 258, 18, '2020-07-09 16:04:07', true);
insert into BOOK_REVIEW_LIKE (id, review_id, user_id, time, value) values (28, 179, 20, '2020-11-17 00:30:52', false);
insert into BOOK_REVIEW_LIKE (id, review_id, user_id, time, value) values (29, 292, 17, '2020-07-31 03:44:30', false);
insert into BOOK_REVIEW_LIKE (id, review_id, user_id, time, value) values (30, 301, 16, '2020-11-02 23:17:51', false);
insert into BOOK_REVIEW_LIKE (id, review_id, user_id, time, value) values (31, 132, 11, '2020-08-30 04:10:40', false);
insert into BOOK_REVIEW_LIKE (id, review_id, user_id, time, value) values (32, 144, 12, '2020-07-14 17:38:09', true);
insert into BOOK_REVIEW_LIKE (id, review_id, user_id, time, value) values (33, 61, 5, '2020-06-14 20:10:20', false);
insert into BOOK_REVIEW_LIKE (id, review_id, user_id, time, value) values (34, 83, 15, '2020-11-01 10:36:36', true);
insert into BOOK_REVIEW_LIKE (id, review_id, user_id, time, value) values (35, 17, 18, '2020-06-13 19:16:37', true);
insert into BOOK_REVIEW_LIKE (id, review_id, user_id, time, value) values (36, 296, 4, '2020-09-07 23:58:48', true);
insert into BOOK_REVIEW_LIKE (id, review_id, user_id, time, value) values (37, 311, 19, '2021-02-19 13:59:57', true);
insert into BOOK_REVIEW_LIKE (id, review_id, user_id, time, value) values (38, 36, 14, '2020-08-20 08:32:04', false);
insert into BOOK_REVIEW_LIKE (id, review_id, user_id, time, value) values (39, 208, 17, '2020-06-23 08:17:33', true);
insert into BOOK_REVIEW_LIKE (id, review_id, user_id, time, value) values (40, 274, 19, '2021-03-01 09:33:21', true);
insert into BOOK_REVIEW_LIKE (id, review_id, user_id, time, value) values (41, 170, 16, '2020-12-15 08:44:47', true);
insert into BOOK_REVIEW_LIKE (id, review_id, user_id, time, value) values (42, 37, 20, '2020-03-31 13:26:03', false);
insert into BOOK_REVIEW_LIKE (id, review_id, user_id, time, value) values (43, 139, 6, '2020-09-01 07:14:40', true);
insert into BOOK_REVIEW_LIKE (id, review_id, user_id, time, value) values (44, 211, 20, '2020-09-13 05:21:37', true);
insert into BOOK_REVIEW_LIKE (id, review_id, user_id, time, value) values (45, 165, 5, '2020-12-18 18:42:09', true);
insert into BOOK_REVIEW_LIKE (id, review_id, user_id, time, value) values (46, 165, 4, '2020-04-22 19:04:37', false);
insert into BOOK_REVIEW_LIKE (id, review_id, user_id, time, value) values (47, 191, 22, '2021-01-28 07:09:25', true);
insert into BOOK_REVIEW_LIKE (id, review_id, user_id, time, value) values (48, 220, 1, '2021-02-02 00:15:06', false);
insert into BOOK_REVIEW_LIKE (id, review_id, user_id, time, value) values (49, 159, 21, '2020-05-21 12:37:25', true);
insert into BOOK_REVIEW_LIKE (id, review_id, user_id, time, value) values (50, 128, 19, '2020-10-20 14:27:08', true);
insert into BOOK_REVIEW_LIKE (id, review_id, user_id, time, value) values (51, 105, 9, '2020-03-19 18:39:02', false);
insert into BOOK_REVIEW_LIKE (id, review_id, user_id, time, value) values (52, 120, 10, '2021-03-15 03:43:42', false);
insert into BOOK_REVIEW_LIKE (id, review_id, user_id, time, value) values (53, 223, 16, '2020-08-10 00:19:14', true);
insert into BOOK_REVIEW_LIKE (id, review_id, user_id, time, value) values (54, 151, 11, '2020-11-28 07:20:30', false);
insert into BOOK_REVIEW_LIKE (id, review_id, user_id, time, value) values (55, 89, 18, '2020-06-01 18:08:32', false);
insert into BOOK_REVIEW_LIKE (id, review_id, user_id, time, value) values (56, 63, 14, '2020-06-30 20:37:06', false);
insert into BOOK_REVIEW_LIKE (id, review_id, user_id, time, value) values (57, 252, 11, '2020-05-15 03:17:30', true);
insert into BOOK_REVIEW_LIKE (id, review_id, user_id, time, value) values (58, 260, 20, '2021-02-03 00:48:09', false);
insert into BOOK_REVIEW_LIKE (id, review_id, user_id, time, value) values (59, 288, 15, '2021-02-27 19:10:49', true);
insert into BOOK_REVIEW_LIKE (id, review_id, user_id, time, value) values (60, 63, 2, '2020-10-19 07:36:07', false);
insert into BOOK_REVIEW_LIKE (id, review_id, user_id, time, value) values (61, 209, 4, '2020-03-25 08:33:12', false);
insert into BOOK_REVIEW_LIKE (id, review_id, user_id, time, value) values (62, 181, 10, '2020-10-21 08:38:55', true);
insert into BOOK_REVIEW_LIKE (id, review_id, user_id, time, value) values (63, 71, 1, '2021-02-08 04:31:03', true);
insert into BOOK_REVIEW_LIKE (id, review_id, user_id, time, value) values (64, 128, 4, '2020-09-12 12:04:49', true);
insert into BOOK_REVIEW_LIKE (id, review_id, user_id, time, value) values (65, 75, 16, '2021-02-10 06:33:20', false);
insert into BOOK_REVIEW_LIKE (id, review_id, user_id, time, value) values (66, 199, 1, '2021-02-07 10:35:55', true);
insert into BOOK_REVIEW_LIKE (id, review_id, user_id, time, value) values (67, 296, 10, '2020-04-25 12:36:28', true);
insert into BOOK_REVIEW_LIKE (id, review_id, user_id, time, value) values (68, 175, 21, '2020-04-29 06:08:48', false);
insert into BOOK_REVIEW_LIKE (id, review_id, user_id, time, value) values (69, 211, 2, '2020-06-12 06:45:46', false);
insert into BOOK_REVIEW_LIKE (id, review_id, user_id, time, value) values (70, 191, 7, '2021-03-17 15:42:53', false);
insert into BOOK_REVIEW_LIKE (id, review_id, user_id, time, value) values (71, 209, 14, '2020-07-26 16:29:50', false);
insert into BOOK_REVIEW_LIKE (id, review_id, user_id, time, value) values (72, 128, 10, '2020-06-27 01:43:52', false);
insert into BOOK_REVIEW_LIKE (id, review_id, user_id, time, value) values (73, 105, 3, '2020-08-17 03:39:12', true);
insert into BOOK_REVIEW_LIKE (id, review_id, user_id, time, value) values (74, 239, 7, '2020-05-16 12:53:25', true);
insert into BOOK_REVIEW_LIKE (id, review_id, user_id, time, value) values (75, 284, 2, '2021-02-04 09:49:31', false);
insert into BOOK_REVIEW_LIKE (id, review_id, user_id, time, value) values (76, 82, 19, '2020-11-01 13:08:49', false);
insert into BOOK_REVIEW_LIKE (id, review_id, user_id, time, value) values (77, 157, 8, '2020-08-28 10:31:49', false);
insert into BOOK_REVIEW_LIKE (id, review_id, user_id, time, value) values (78, 125, 12, '2020-05-15 10:27:54', false);
insert into BOOK_REVIEW_LIKE (id, review_id, user_id, time, value) values (79, 304, 18, '2020-06-08 15:14:58', false);
insert into BOOK_REVIEW_LIKE (id, review_id, user_id, time, value) values (80, 228, 6, '2020-03-29 06:08:36', true);
insert into BOOK_REVIEW_LIKE (id, review_id, user_id, time, value) values (81, 199, 16, '2020-05-05 21:52:00', true);
insert into BOOK_REVIEW_LIKE (id, review_id, user_id, time, value) values (82, 293, 4, '2020-12-25 00:56:11', true);
insert into BOOK_REVIEW_LIKE (id, review_id, user_id, time, value) values (83, 152, 9, '2020-06-04 19:10:31', false);
insert into BOOK_REVIEW_LIKE (id, review_id, user_id, time, value) values (84, 214, 23, '2021-02-26 00:01:05', false);
insert into BOOK_REVIEW_LIKE (id, review_id, user_id, time, value) values (85, 283, 8, '2020-12-21 07:06:27', true);
insert into BOOK_REVIEW_LIKE (id, review_id, user_id, time, value) values (86, 100, 22, '2020-09-26 11:55:02', false);
insert into BOOK_REVIEW_LIKE (id, review_id, user_id, time, value) values (87, 259, 6, '2021-03-16 19:58:17', true);
insert into BOOK_REVIEW_LIKE (id, review_id, user_id, time, value) values (88, 263, 5, '2020-11-29 09:33:41', true);
insert into BOOK_REVIEW_LIKE (id, review_id, user_id, time, value) values (89, 310, 17, '2021-02-17 05:48:34', false);
insert into BOOK_REVIEW_LIKE (id, review_id, user_id, time, value) values (90, 68, 11, '2021-01-28 19:39:37', false);
insert into BOOK_REVIEW_LIKE (id, review_id, user_id, time, value) values (91, 48, 12, '2020-12-27 13:17:43', true);
insert into BOOK_REVIEW_LIKE (id, review_id, user_id, time, value) values (92, 137, 3, '2020-12-27 08:16:51', false);
insert into BOOK_REVIEW_LIKE (id, review_id, user_id, time, value) values (93, 124, 4, '2020-06-09 01:28:10', false);
insert into BOOK_REVIEW_LIKE (id, review_id, user_id, time, value) values (94, 310, 2, '2021-01-05 10:32:35', true);
insert into BOOK_REVIEW_LIKE (id, review_id, user_id, time, value) values (95, 196, 19, '2020-10-06 04:51:03', true);
insert into BOOK_REVIEW_LIKE (id, review_id, user_id, time, value) values (96, 46, 4, '2020-05-11 12:13:47', true);
insert into BOOK_REVIEW_LIKE (id, review_id, user_id, time, value) values (97, 301, 22, '2021-01-11 16:24:19', true);
insert into BOOK_REVIEW_LIKE (id, review_id, user_id, time, value) values (98, 212, 9, '2020-10-22 08:11:04', false);
insert into BOOK_REVIEW_LIKE (id, review_id, user_id, time, value) values (99, 109, 14, '2020-07-09 18:35:18', true);
insert into BOOK_REVIEW_LIKE (id, review_id, user_id, time, value) values (100, 3, 10, '2021-02-26 13:21:41', false);
insert into BOOK_REVIEW_LIKE (id, review_id, user_id, time, value) values (101, 63, 6, '2020-12-20 00:09:39', true);
insert into BOOK_REVIEW_LIKE (id, review_id, user_id, time, value) values (102, 164, 19, '2020-05-28 08:33:39', true);
insert into BOOK_REVIEW_LIKE (id, review_id, user_id, time, value) values (103, 101, 18, '2020-03-28 01:58:41', false);
insert into BOOK_REVIEW_LIKE (id, review_id, user_id, time, value) values (104, 157, 19, '2020-04-29 19:50:58', false);
insert into BOOK_REVIEW_LIKE (id, review_id, user_id, time, value) values (105, 93, 5, '2021-02-13 12:54:04', true);
insert into BOOK_REVIEW_LIKE (id, review_id, user_id, time, value) values (106, 192, 18, '2021-03-07 11:32:58', false);
insert into BOOK_REVIEW_LIKE (id, review_id, user_id, time, value) values (107, 54, 11, '2020-05-19 03:59:37', true);
insert into BOOK_REVIEW_LIKE (id, review_id, user_id, time, value) values (108, 133, 4, '2020-06-02 10:21:06', false);
insert into BOOK_REVIEW_LIKE (id, review_id, user_id, time, value) values (109, 111, 20, '2020-12-15 01:15:11', false);
insert into BOOK_REVIEW_LIKE (id, review_id, user_id, time, value) values (110, 37, 22, '2020-05-27 21:18:39', true);
insert into BOOK_REVIEW_LIKE (id, review_id, user_id, time, value) values (111, 248, 23, '2021-01-23 13:06:49', false);
insert into BOOK_REVIEW_LIKE (id, review_id, user_id, time, value) values (112, 225, 1, '2021-02-13 03:56:30', true);
insert into BOOK_REVIEW_LIKE (id, review_id, user_id, time, value) values (113, 64, 5, '2020-04-13 14:57:35', false);
insert into BOOK_REVIEW_LIKE (id, review_id, user_id, time, value) values (114, 132, 19, '2020-08-15 13:21:49', true);
insert into BOOK_REVIEW_LIKE (id, review_id, user_id, time, value) values (115, 254, 8, '2020-04-12 06:38:54', false);
insert into BOOK_REVIEW_LIKE (id, review_id, user_id, time, value) values (116, 283, 12, '2021-01-14 15:17:33', false);
insert into BOOK_REVIEW_LIKE (id, review_id, user_id, time, value) values (117, 147, 16, '2020-08-11 03:05:03', false);
insert into BOOK_REVIEW_LIKE (id, review_id, user_id, time, value) values (118, 47, 15, '2020-09-01 10:40:44', false);
insert into BOOK_REVIEW_LIKE (id, review_id, user_id, time, value) values (119, 141, 12, '2020-07-13 07:10:46', true);
insert into BOOK_REVIEW_LIKE (id, review_id, user_id, time, value) values (120, 79, 1, '2020-08-11 19:35:58', false);
insert into BOOK_REVIEW_LIKE (id, review_id, user_id, time, value) values (121, 163, 5, '2020-05-20 11:30:33', false);
insert into BOOK_REVIEW_LIKE (id, review_id, user_id, time, value) values (122, 69, 2, '2020-05-22 17:41:44', true);
insert into BOOK_REVIEW_LIKE (id, review_id, user_id, time, value) values (123, 173, 21, '2021-01-31 03:44:00', false);
insert into BOOK_REVIEW_LIKE (id, review_id, user_id, time, value) values (124, 4, 11, '2021-03-17 05:47:41', true);
insert into BOOK_REVIEW_LIKE (id, review_id, user_id, time, value) values (125, 107, 19, '2020-05-30 21:32:04', true);
insert into BOOK_REVIEW_LIKE (id, review_id, user_id, time, value) values (126, 87, 20, '2020-04-24 08:51:54', false);
insert into BOOK_REVIEW_LIKE (id, review_id, user_id, time, value) values (127, 295, 8, '2021-03-05 23:01:54', true);
insert into BOOK_REVIEW_LIKE (id, review_id, user_id, time, value) values (128, 306, 4, '2020-04-24 03:13:49', true);
insert into BOOK_REVIEW_LIKE (id, review_id, user_id, time, value) values (129, 228, 8, '2020-07-26 03:29:20', false);
insert into BOOK_REVIEW_LIKE (id, review_id, user_id, time, value) values (130, 302, 16, '2020-09-16 05:47:26', true);
insert into BOOK_REVIEW_LIKE (id, review_id, user_id, time, value) values (131, 154, 21, '2020-11-20 04:43:59', true);
insert into BOOK_REVIEW_LIKE (id, review_id, user_id, time, value) values (132, 260, 8, '2020-05-23 15:42:02', false);
insert into BOOK_REVIEW_LIKE (id, review_id, user_id, time, value) values (133, 43, 18, '2021-01-19 10:51:26', false);
insert into BOOK_REVIEW_LIKE (id, review_id, user_id, time, value) values (134, 261, 9, '2020-07-15 13:56:58', false);
insert into BOOK_REVIEW_LIKE (id, review_id, user_id, time, value) values (135, 187, 3, '2021-02-22 21:11:16', true);
insert into BOOK_REVIEW_LIKE (id, review_id, user_id, time, value) values (136, 147, 9, '2021-01-17 20:15:36', true);
insert into BOOK_REVIEW_LIKE (id, review_id, user_id, time, value) values (137, 83, 7, '2020-08-15 10:37:57', false);
insert into BOOK_REVIEW_LIKE (id, review_id, user_id, time, value) values (138, 214, 2, '2020-08-12 04:12:29', false);
insert into BOOK_REVIEW_LIKE (id, review_id, user_id, time, value) values (139, 90, 1, '2020-09-03 09:18:24', true);
insert into BOOK_REVIEW_LIKE (id, review_id, user_id, time, value) values (140, 217, 9, '2020-12-28 14:19:44', false);
insert into BOOK_REVIEW_LIKE (id, review_id, user_id, time, value) values (141, 212, 23, '2021-02-09 02:40:33', true);
insert into BOOK_REVIEW_LIKE (id, review_id, user_id, time, value) values (142, 235, 1, '2021-03-11 21:03:07', false);
insert into BOOK_REVIEW_LIKE (id, review_id, user_id, time, value) values (143, 246, 1, '2020-06-10 14:35:35', false);
insert into BOOK_REVIEW_LIKE (id, review_id, user_id, time, value) values (144, 3, 20, '2020-08-22 12:39:48', true);
insert into BOOK_REVIEW_LIKE (id, review_id, user_id, time, value) values (145, 97, 16, '2020-11-14 08:55:19', false);
insert into BOOK_REVIEW_LIKE (id, review_id, user_id, time, value) values (146, 163, 13, '2020-06-05 17:24:02', true);
insert into BOOK_REVIEW_LIKE (id, review_id, user_id, time, value) values (147, 236, 18, '2020-07-06 07:44:51', false);
insert into BOOK_REVIEW_LIKE (id, review_id, user_id, time, value) values (148, 131, 3, '2020-11-22 07:22:22', true);
insert into BOOK_REVIEW_LIKE (id, review_id, user_id, time, value) values (149, 186, 12, '2020-03-20 14:13:17', false);
insert into BOOK_REVIEW_LIKE (id, review_id, user_id, time, value) values (150, 34, 4, '2020-04-15 18:07:44', false);
insert into BOOK_REVIEW_LIKE (id, review_id, user_id, time, value) values (151, 33, 15, '2020-06-29 17:51:46', false);
insert into BOOK_REVIEW_LIKE (id, review_id, user_id, time, value) values (152, 98, 17, '2020-08-15 14:44:35', true);
insert into BOOK_REVIEW_LIKE (id, review_id, user_id, time, value) values (153, 131, 7, '2020-04-08 21:18:01', false);
insert into BOOK_REVIEW_LIKE (id, review_id, user_id, time, value) values (154, 197, 3, '2020-08-22 15:48:40', true);
insert into BOOK_REVIEW_LIKE (id, review_id, user_id, time, value) values (155, 38, 5, '2020-12-27 00:26:18', true);
insert into BOOK_REVIEW_LIKE (id, review_id, user_id, time, value) values (156, 250, 16, '2020-06-01 12:51:50', true);
insert into BOOK_REVIEW_LIKE (id, review_id, user_id, time, value) values (157, 23, 10, '2020-08-02 14:21:03', true);
insert into BOOK_REVIEW_LIKE (id, review_id, user_id, time, value) values (158, 144, 21, '2020-04-22 07:54:18', false);
insert into BOOK_REVIEW_LIKE (id, review_id, user_id, time, value) values (159, 109, 2, '2020-10-03 20:22:48', true);
insert into BOOK_REVIEW_LIKE (id, review_id, user_id, time, value) values (160, 254, 16, '2020-07-28 16:24:29', false);
insert into BOOK_REVIEW_LIKE (id, review_id, user_id, time, value) values (161, 239, 6, '2020-08-07 13:27:26', false);
insert into BOOK_REVIEW_LIKE (id, review_id, user_id, time, value) values (162, 196, 9, '2020-12-08 13:06:28', false);
insert into BOOK_REVIEW_LIKE (id, review_id, user_id, time, value) values (163, 239, 23, '2020-05-18 18:57:23', true);
insert into BOOK_REVIEW_LIKE (id, review_id, user_id, time, value) values (164, 281, 7, '2020-04-05 16:27:21', true);
insert into BOOK_REVIEW_LIKE (id, review_id, user_id, time, value) values (165, 68, 18, '2020-04-02 23:15:16', true);
insert into BOOK_REVIEW_LIKE (id, review_id, user_id, time, value) values (166, 206, 11, '2020-07-11 12:59:36', true);
insert into BOOK_REVIEW_LIKE (id, review_id, user_id, time, value) values (167, 189, 18, '2020-05-20 01:12:57', false);
insert into BOOK_REVIEW_LIKE (id, review_id, user_id, time, value) values (168, 20, 22, '2020-03-25 02:18:43', true);
insert into BOOK_REVIEW_LIKE (id, review_id, user_id, time, value) values (169, 29, 21, '2020-08-20 19:14:36', true);
insert into BOOK_REVIEW_LIKE (id, review_id, user_id, time, value) values (170, 63, 3, '2021-02-01 02:50:57', true);
insert into BOOK_REVIEW_LIKE (id, review_id, user_id, time, value) values (171, 41, 18, '2020-04-02 07:49:12', false);
insert into BOOK_REVIEW_LIKE (id, review_id, user_id, time, value) values (172, 260, 3, '2020-10-31 15:34:12', false);
insert into BOOK_REVIEW_LIKE (id, review_id, user_id, time, value) values (173, 193, 11, '2020-10-12 04:50:50', true);
insert into BOOK_REVIEW_LIKE (id, review_id, user_id, time, value) values (174, 247, 5, '2020-06-05 08:55:22', true);
insert into BOOK_REVIEW_LIKE (id, review_id, user_id, time, value) values (175, 159, 23, '2020-03-22 02:14:01', true);
insert into BOOK_REVIEW_LIKE (id, review_id, user_id, time, value) values (176, 187, 10, '2020-10-21 07:56:28', false);
insert into BOOK_REVIEW_LIKE (id, review_id, user_id, time, value) values (177, 4, 12, '2020-06-07 09:36:24', true);
insert into BOOK_REVIEW_LIKE (id, review_id, user_id, time, value) values (178, 208, 22, '2020-05-07 23:16:31', false);
insert into BOOK_REVIEW_LIKE (id, review_id, user_id, time, value) values (179, 155, 10, '2020-04-13 08:45:19', false);
insert into BOOK_REVIEW_LIKE (id, review_id, user_id, time, value) values (180, 270, 12, '2020-07-14 09:33:11', true);
insert into BOOK_REVIEW_LIKE (id, review_id, user_id, time, value) values (181, 61, 9, '2020-07-28 16:38:50', true);
insert into BOOK_REVIEW_LIKE (id, review_id, user_id, time, value) values (182, 174, 22, '2021-01-26 19:01:36', false);
insert into BOOK_REVIEW_LIKE (id, review_id, user_id, time, value) values (183, 164, 2, '2020-11-10 07:55:36', true);
insert into BOOK_REVIEW_LIKE (id, review_id, user_id, time, value) values (184, 117, 5, '2020-10-04 13:09:36', true);
insert into BOOK_REVIEW_LIKE (id, review_id, user_id, time, value) values (185, 39, 16, '2020-05-28 13:04:53', false);
insert into BOOK_REVIEW_LIKE (id, review_id, user_id, time, value) values (186, 178, 9, '2020-10-24 09:30:41', false);
insert into BOOK_REVIEW_LIKE (id, review_id, user_id, time, value) values (187, 190, 6, '2020-08-11 10:10:43', true);
insert into BOOK_REVIEW_LIKE (id, review_id, user_id, time, value) values (188, 236, 5, '2020-11-05 13:45:29', true);
insert into BOOK_REVIEW_LIKE (id, review_id, user_id, time, value) values (189, 239, 17, '2020-11-25 00:03:17', true);
insert into BOOK_REVIEW_LIKE (id, review_id, user_id, time, value) values (190, 134, 4, '2020-12-17 19:22:08', true);
insert into BOOK_REVIEW_LIKE (id, review_id, user_id, time, value) values (191, 183, 15, '2020-12-29 00:22:12', false);
insert into BOOK_REVIEW_LIKE (id, review_id, user_id, time, value) values (192, 194, 7, '2020-05-24 14:51:56', false);
insert into BOOK_REVIEW_LIKE (id, review_id, user_id, time, value) values (193, 121, 8, '2020-12-01 12:18:45', true);
insert into BOOK_REVIEW_LIKE (id, review_id, user_id, time, value) values (194, 72, 1, '2021-02-20 09:16:44', false);
insert into BOOK_REVIEW_LIKE (id, review_id, user_id, time, value) values (195, 247, 17, '2020-10-03 14:40:29', false);
insert into BOOK_REVIEW_LIKE (id, review_id, user_id, time, value) values (196, 137, 4, '2020-11-28 17:55:16', false);
insert into BOOK_REVIEW_LIKE (id, review_id, user_id, time, value) values (197, 216, 19, '2020-06-03 17:47:26', false);
insert into BOOK_REVIEW_LIKE (id, review_id, user_id, time, value) values (198, 11, 19, '2020-12-18 11:50:08', true);
insert into BOOK_REVIEW_LIKE (id, review_id, user_id, time, value) values (199, 56, 1, '2020-12-06 21:30:51', false);
insert into BOOK_REVIEW_LIKE (id, review_id, user_id, time, value) values (200, 187, 17, '2021-01-19 08:17:37', false);
insert into BOOK_REVIEW_LIKE (id, review_id, user_id, time, value) values (201, 70, 14, '2020-09-02 11:06:53', true);
insert into BOOK_REVIEW_LIKE (id, review_id, user_id, time, value) values (202, 16, 7, '2021-03-09 02:42:22', true);
insert into BOOK_REVIEW_LIKE (id, review_id, user_id, time, value) values (203, 309, 15, '2020-11-27 07:59:17', true);
insert into BOOK_REVIEW_LIKE (id, review_id, user_id, time, value) values (204, 154, 19, '2020-11-13 07:23:10', false);
insert into BOOK_REVIEW_LIKE (id, review_id, user_id, time, value) values (205, 300, 7, '2020-12-07 15:52:21', false);
insert into BOOK_REVIEW_LIKE (id, review_id, user_id, time, value) values (206, 264, 11, '2020-04-11 16:52:11', false);
insert into BOOK_REVIEW_LIKE (id, review_id, user_id, time, value) values (207, 274, 3, '2020-06-01 19:10:58', true);
insert into BOOK_REVIEW_LIKE (id, review_id, user_id, time, value) values (208, 223, 22, '2020-07-25 09:51:10', true);
insert into BOOK_REVIEW_LIKE (id, review_id, user_id, time, value) values (209, 31, 21, '2020-09-20 05:20:46', true);
insert into BOOK_REVIEW_LIKE (id, review_id, user_id, time, value) values (210, 236, 22, '2021-02-27 00:42:20', true);
insert into BOOK_REVIEW_LIKE (id, review_id, user_id, time, value) values (211, 124, 2, '2020-06-03 14:55:04', true);
insert into BOOK_REVIEW_LIKE (id, review_id, user_id, time, value) values (212, 132, 19, '2020-10-22 06:02:58', true);
insert into BOOK_REVIEW_LIKE (id, review_id, user_id, time, value) values (213, 91, 8, '2020-12-04 07:43:24', true);
insert into BOOK_REVIEW_LIKE (id, review_id, user_id, time, value) values (214, 2, 14, '2020-06-08 09:11:03', false);
insert into BOOK_REVIEW_LIKE (id, review_id, user_id, time, value) values (215, 262, 12, '2020-06-20 07:37:28', true);
insert into BOOK_REVIEW_LIKE (id, review_id, user_id, time, value) values (216, 309, 22, '2020-09-04 20:07:49', true);
insert into BOOK_REVIEW_LIKE (id, review_id, user_id, time, value) values (217, 96, 9, '2020-12-19 19:55:55', true);
insert into BOOK_REVIEW_LIKE (id, review_id, user_id, time, value) values (218, 55, 16, '2020-12-25 12:58:13', true);
insert into BOOK_REVIEW_LIKE (id, review_id, user_id, time, value) values (219, 153, 2, '2021-03-14 07:19:07', false);
insert into BOOK_REVIEW_LIKE (id, review_id, user_id, time, value) values (220, 79, 13, '2021-02-19 14:10:59', false);
insert into BOOK_REVIEW_LIKE (id, review_id, user_id, time, value) values (221, 209, 11, '2020-11-01 14:18:45', false);
insert into BOOK_REVIEW_LIKE (id, review_id, user_id, time, value) values (222, 226, 22, '2021-03-11 01:17:43', true);
insert into BOOK_REVIEW_LIKE (id, review_id, user_id, time, value) values (223, 88, 13, '2020-04-30 22:14:49', false);
insert into BOOK_REVIEW_LIKE (id, review_id, user_id, time, value) values (224, 289, 12, '2020-11-21 00:47:25', false);
insert into BOOK_REVIEW_LIKE (id, review_id, user_id, time, value) values (225, 225, 9, '2021-02-24 18:35:57', true);
insert into BOOK_REVIEW_LIKE (id, review_id, user_id, time, value) values (226, 160, 14, '2020-07-24 12:01:06', false);
insert into BOOK_REVIEW_LIKE (id, review_id, user_id, time, value) values (227, 93, 10, '2020-12-30 20:21:07', false);
insert into BOOK_REVIEW_LIKE (id, review_id, user_id, time, value) values (228, 19, 17, '2020-05-05 04:11:25', true);
insert into BOOK_REVIEW_LIKE (id, review_id, user_id, time, value) values (229, 259, 18, '2020-04-24 15:21:57', false);
insert into BOOK_REVIEW_LIKE (id, review_id, user_id, time, value) values (230, 97, 7, '2020-10-23 18:54:24', true);
insert into BOOK_REVIEW_LIKE (id, review_id, user_id, time, value) values (231, 22, 1, '2020-12-06 13:43:08', true);
insert into BOOK_REVIEW_LIKE (id, review_id, user_id, time, value) values (232, 34, 22, '2020-11-01 17:10:18', true);
insert into BOOK_REVIEW_LIKE (id, review_id, user_id, time, value) values (233, 295, 20, '2020-08-14 18:02:39', true);
insert into BOOK_REVIEW_LIKE (id, review_id, user_id, time, value) values (234, 202, 9, '2020-08-14 07:17:36', false);
insert into BOOK_REVIEW_LIKE (id, review_id, user_id, time, value) values (235, 172, 3, '2020-07-27 08:58:47', false);
insert into BOOK_REVIEW_LIKE (id, review_id, user_id, time, value) values (236, 199, 22, '2020-07-02 14:46:11', false);
insert into BOOK_REVIEW_LIKE (id, review_id, user_id, time, value) values (237, 13, 18, '2020-05-16 11:01:35', false);
insert into BOOK_REVIEW_LIKE (id, review_id, user_id, time, value) values (238, 218, 5, '2020-04-15 12:03:10', false);
insert into BOOK_REVIEW_LIKE (id, review_id, user_id, time, value) values (239, 41, 8, '2020-04-12 08:21:24', false);
insert into BOOK_REVIEW_LIKE (id, review_id, user_id, time, value) values (240, 114, 18, '2020-04-26 11:38:38', true);
insert into BOOK_REVIEW_LIKE (id, review_id, user_id, time, value) values (241, 305, 3, '2021-02-20 20:19:24', false);
insert into BOOK_REVIEW_LIKE (id, review_id, user_id, time, value) values (242, 94, 9, '2021-02-03 07:40:04', false);
insert into BOOK_REVIEW_LIKE (id, review_id, user_id, time, value) values (243, 88, 5, '2020-07-18 21:12:53', true);
insert into BOOK_REVIEW_LIKE (id, review_id, user_id, time, value) values (244, 155, 8, '2020-05-27 01:13:32', false);
insert into BOOK_REVIEW_LIKE (id, review_id, user_id, time, value) values (245, 254, 6, '2021-02-20 13:01:08', true);
insert into BOOK_REVIEW_LIKE (id, review_id, user_id, time, value) values (246, 113, 6, '2020-09-03 00:04:36', true);
insert into BOOK_REVIEW_LIKE (id, review_id, user_id, time, value) values (247, 175, 7, '2020-04-16 21:25:04', true);
insert into BOOK_REVIEW_LIKE (id, review_id, user_id, time, value) values (248, 44, 1, '2020-09-13 14:34:37', false);
insert into BOOK_REVIEW_LIKE (id, review_id, user_id, time, value) values (249, 99, 11, '2021-03-03 00:05:54', true);
insert into BOOK_REVIEW_LIKE (id, review_id, user_id, time, value) values (250, 166, 23, '2021-01-12 11:40:58', false);
insert into BOOK_REVIEW_LIKE (id, review_id, user_id, time, value) values (251, 176, 9, '2021-01-12 17:14:53', false);
insert into BOOK_REVIEW_LIKE (id, review_id, user_id, time, value) values (252, 83, 14, '2020-06-03 00:44:13', true);
insert into BOOK_REVIEW_LIKE (id, review_id, user_id, time, value) values (253, 118, 15, '2020-09-21 20:15:33', false);
insert into BOOK_REVIEW_LIKE (id, review_id, user_id, time, value) values (254, 164, 21, '2021-01-14 06:26:09', true);
insert into BOOK_REVIEW_LIKE (id, review_id, user_id, time, value) values (255, 287, 12, '2020-08-25 23:18:48', true);
insert into BOOK_REVIEW_LIKE (id, review_id, user_id, time, value) values (256, 40, 2, '2020-10-18 14:15:27', true);
insert into BOOK_REVIEW_LIKE (id, review_id, user_id, time, value) values (257, 167, 2, '2021-02-13 11:46:22', false);
insert into BOOK_REVIEW_LIKE (id, review_id, user_id, time, value) values (258, 277, 6, '2020-04-18 21:40:47', true);
insert into BOOK_REVIEW_LIKE (id, review_id, user_id, time, value) values (259, 217, 13, '2020-06-21 01:05:45', false);
insert into BOOK_REVIEW_LIKE (id, review_id, user_id, time, value) values (260, 281, 15, '2020-07-25 13:01:14', true);
insert into BOOK_REVIEW_LIKE (id, review_id, user_id, time, value) values (261, 61, 19, '2020-04-09 09:52:52', true);
insert into BOOK_REVIEW_LIKE (id, review_id, user_id, time, value) values (262, 201, 18, '2020-06-19 01:18:33', false);
insert into BOOK_REVIEW_LIKE (id, review_id, user_id, time, value) values (263, 298, 6, '2021-01-14 14:48:52', false);
insert into BOOK_REVIEW_LIKE (id, review_id, user_id, time, value) values (264, 232, 8, '2020-10-19 04:47:48', false);
insert into BOOK_REVIEW_LIKE (id, review_id, user_id, time, value) values (265, 1, 12, '2021-02-16 02:08:48', true);
insert into BOOK_REVIEW_LIKE (id, review_id, user_id, time, value) values (266, 120, 19, '2020-12-22 11:37:04', true);
insert into BOOK_REVIEW_LIKE (id, review_id, user_id, time, value) values (267, 144, 9, '2020-07-01 12:05:57', true);
insert into BOOK_REVIEW_LIKE (id, review_id, user_id, time, value) values (268, 109, 20, '2020-07-04 08:26:58', true);
insert into BOOK_REVIEW_LIKE (id, review_id, user_id, time, value) values (269, 91, 19, '2021-03-15 07:09:39', true);
insert into BOOK_REVIEW_LIKE (id, review_id, user_id, time, value) values (270, 193, 2, '2020-09-02 22:38:02', false);
insert into BOOK_REVIEW_LIKE (id, review_id, user_id, time, value) values (271, 171, 20, '2020-08-29 17:36:44', false);
insert into BOOK_REVIEW_LIKE (id, review_id, user_id, time, value) values (272, 180, 4, '2020-05-24 09:51:18', false);
insert into BOOK_REVIEW_LIKE (id, review_id, user_id, time, value) values (273, 140, 18, '2020-12-15 19:56:19', false);
insert into BOOK_REVIEW_LIKE (id, review_id, user_id, time, value) values (274, 281, 2, '2020-03-24 16:38:32', false);
insert into BOOK_REVIEW_LIKE (id, review_id, user_id, time, value) values (275, 157, 17, '2020-09-06 18:37:14', false);
insert into BOOK_REVIEW_LIKE (id, review_id, user_id, time, value) values (276, 26, 8, '2021-01-12 22:12:11', true);
insert into BOOK_REVIEW_LIKE (id, review_id, user_id, time, value) values (277, 278, 11, '2020-08-29 10:16:43', true);
insert into BOOK_REVIEW_LIKE (id, review_id, user_id, time, value) values (278, 89, 1, '2021-02-21 00:40:01', true);
insert into BOOK_REVIEW_LIKE (id, review_id, user_id, time, value) values (279, 48, 17, '2020-08-06 11:21:43', false);
insert into BOOK_REVIEW_LIKE (id, review_id, user_id, time, value) values (280, 33, 8, '2020-04-02 03:03:50', true);
insert into BOOK_REVIEW_LIKE (id, review_id, user_id, time, value) values (281, 139, 5, '2021-02-24 23:07:21', false);
insert into BOOK_REVIEW_LIKE (id, review_id, user_id, time, value) values (282, 307, 7, '2020-06-05 06:22:43', false);
insert into BOOK_REVIEW_LIKE (id, review_id, user_id, time, value) values (283, 82, 7, '2021-01-27 16:27:24', false);
insert into BOOK_REVIEW_LIKE (id, review_id, user_id, time, value) values (284, 167, 19, '2021-02-15 03:50:57', false);
insert into BOOK_REVIEW_LIKE (id, review_id, user_id, time, value) values (285, 44, 4, '2020-06-06 01:00:05', false);
insert into BOOK_REVIEW_LIKE (id, review_id, user_id, time, value) values (286, 288, 23, '2020-07-29 03:41:20', false);
insert into BOOK_REVIEW_LIKE (id, review_id, user_id, time, value) values (287, 130, 3, '2020-08-19 07:05:15', true);
insert into BOOK_REVIEW_LIKE (id, review_id, user_id, time, value) values (288, 237, 6, '2020-12-25 03:01:07', true);
insert into BOOK_REVIEW_LIKE (id, review_id, user_id, time, value) values (289, 272, 17, '2020-12-11 06:22:35', false);
insert into BOOK_REVIEW_LIKE (id, review_id, user_id, time, value) values (290, 280, 9, '2020-06-29 17:02:21', false);
insert into BOOK_REVIEW_LIKE (id, review_id, user_id, time, value) values (291, 23, 23, '2020-04-23 20:38:22', false);
insert into BOOK_REVIEW_LIKE (id, review_id, user_id, time, value) values (292, 17, 3, '2020-05-26 18:10:33', false);
insert into BOOK_REVIEW_LIKE (id, review_id, user_id, time, value) values (293, 166, 8, '2020-08-12 10:12:48', false);
insert into BOOK_REVIEW_LIKE (id, review_id, user_id, time, value) values (294, 247, 8, '2020-12-11 18:19:46', false);
insert into BOOK_REVIEW_LIKE (id, review_id, user_id, time, value) values (295, 209, 16, '2020-07-21 23:31:34', true);
insert into BOOK_REVIEW_LIKE (id, review_id, user_id, time, value) values (296, 35, 11, '2021-03-04 05:24:50', true);
insert into BOOK_REVIEW_LIKE (id, review_id, user_id, time, value) values (297, 61, 12, '2021-01-15 11:34:52', false);
insert into BOOK_REVIEW_LIKE (id, review_id, user_id, time, value) values (298, 232, 10, '2020-08-02 13:28:16', false);
insert into BOOK_REVIEW_LIKE (id, review_id, user_id, time, value) values (299, 87, 4, '2020-04-19 09:39:19', true);
insert into BOOK_REVIEW_LIKE (id, review_id, user_id, time, value) values (300, 303, 13, '2020-08-12 23:22:36', true);
insert into BOOK_REVIEW_LIKE (id, review_id, user_id, time, value) values (301, 5, 7, '2020-06-16 08:17:44', false);
insert into BOOK_REVIEW_LIKE (id, review_id, user_id, time, value) values (302, 277, 4, '2020-07-31 16:34:21', true);
insert into BOOK_REVIEW_LIKE (id, review_id, user_id, time, value) values (303, 298, 4, '2021-03-10 01:59:49', false);
insert into BOOK_REVIEW_LIKE (id, review_id, user_id, time, value) values (304, 166, 6, '2020-12-06 04:15:31', true);
insert into BOOK_REVIEW_LIKE (id, review_id, user_id, time, value) values (305, 66, 20, '2020-07-05 14:33:46', false);
insert into BOOK_REVIEW_LIKE (id, review_id, user_id, time, value) values (306, 23, 1, '2021-01-03 06:48:29', false);
insert into BOOK_REVIEW_LIKE (id, review_id, user_id, time, value) values (307, 266, 17, '2020-06-23 13:20:33', true);
insert into BOOK_REVIEW_LIKE (id, review_id, user_id, time, value) values (308, 59, 8, '2020-06-24 05:31:07', false);
insert into BOOK_REVIEW_LIKE (id, review_id, user_id, time, value) values (309, 45, 9, '2020-11-23 15:06:59', true);
insert into BOOK_REVIEW_LIKE (id, review_id, user_id, time, value) values (310, 87, 15, '2020-07-09 04:57:20', true);
insert into BOOK_REVIEW_LIKE (id, review_id, user_id, time, value) values (311, 100, 18, '2020-05-06 00:56:02', false);
insert into BOOK_REVIEW_LIKE (id, review_id, user_id, time, value) values (312, 59, 13, '2020-07-23 00:09:57', false);
insert into BOOK_REVIEW_LIKE (id, review_id, user_id, time, value) values (313, 96, 9, '2020-09-12 15:38:48', true);
insert into BOOK_REVIEW_LIKE (id, review_id, user_id, time, value) values (314, 274, 15, '2020-05-14 13:37:24', false);
insert into BOOK_REVIEW_LIKE (id, review_id, user_id, time, value) values (315, 140, 6, '2020-11-17 22:35:09', false);
insert into BOOK_REVIEW_LIKE (id, review_id, user_id, time, value) values (316, 9, 2, '2020-08-05 02:58:22', true);
insert into BOOK_REVIEW_LIKE (id, review_id, user_id, time, value) values (317, 276, 13, '2021-01-21 06:17:11', false);
insert into BOOK_REVIEW_LIKE (id, review_id, user_id, time, value) values (318, 78, 4, '2020-04-25 05:39:29', true);
insert into BOOK_REVIEW_LIKE (id, review_id, user_id, time, value) values (319, 119, 17, '2020-12-04 11:34:08', true);
insert into BOOK_REVIEW_LIKE (id, review_id, user_id, time, value) values (320, 60, 6, '2020-11-30 03:53:10', false);
insert into BOOK_REVIEW_LIKE (id, review_id, user_id, time, value) values (321, 46, 2, '2021-03-15 07:01:44', true);
insert into BOOK_REVIEW_LIKE (id, review_id, user_id, time, value) values (322, 120, 6, '2021-03-10 11:42:04', false);
insert into BOOK_REVIEW_LIKE (id, review_id, user_id, time, value) values (323, 43, 18, '2020-10-20 01:44:14', true);
insert into BOOK_REVIEW_LIKE (id, review_id, user_id, time, value) values (324, 160, 14, '2021-02-12 00:54:16', false);
insert into BOOK_REVIEW_LIKE (id, review_id, user_id, time, value) values (325, 215, 9, '2021-03-12 20:06:22', true);
insert into BOOK_REVIEW_LIKE (id, review_id, user_id, time, value) values (326, 256, 2, '2020-09-18 05:24:43', true);
insert into BOOK_REVIEW_LIKE (id, review_id, user_id, time, value) values (327, 270, 13, '2020-05-07 19:32:09', false);
insert into BOOK_REVIEW_LIKE (id, review_id, user_id, time, value) values (328, 137, 5, '2020-04-25 02:37:41', true);
insert into BOOK_REVIEW_LIKE (id, review_id, user_id, time, value) values (329, 68, 15, '2020-04-14 15:12:52', false);
insert into BOOK_REVIEW_LIKE (id, review_id, user_id, time, value) values (330, 305, 8, '2020-06-20 14:15:07', false);
insert into BOOK_REVIEW_LIKE (id, review_id, user_id, time, value) values (331, 197, 16, '2020-09-08 14:09:40', true);
insert into BOOK_REVIEW_LIKE (id, review_id, user_id, time, value) values (332, 23, 19, '2021-03-07 03:57:37', true);
insert into BOOK_REVIEW_LIKE (id, review_id, user_id, time, value) values (333, 231, 5, '2021-02-05 07:49:08', false);
insert into BOOK_REVIEW_LIKE (id, review_id, user_id, time, value) values (334, 172, 2, '2020-08-21 12:47:42', false);
insert into BOOK_REVIEW_LIKE (id, review_id, user_id, time, value) values (335, 174, 11, '2020-10-06 07:15:03', false);
insert into BOOK_REVIEW_LIKE (id, review_id, user_id, time, value) values (336, 181, 18, '2020-10-15 12:39:28', true);
insert into BOOK_REVIEW_LIKE (id, review_id, user_id, time, value) values (337, 255, 6, '2020-12-19 09:38:29', false);
insert into BOOK_REVIEW_LIKE (id, review_id, user_id, time, value) values (338, 222, 21, '2020-03-22 10:44:54', true);
insert into BOOK_REVIEW_LIKE (id, review_id, user_id, time, value) values (339, 160, 3, '2020-09-29 08:29:06', false);
insert into BOOK_REVIEW_LIKE (id, review_id, user_id, time, value) values (340, 305, 18, '2020-06-04 15:37:12', false);
insert into BOOK_REVIEW_LIKE (id, review_id, user_id, time, value) values (341, 152, 21, '2020-12-10 16:04:25', false);
insert into BOOK_REVIEW_LIKE (id, review_id, user_id, time, value) values (342, 136, 13, '2021-02-17 22:53:47', false);
insert into BOOK_REVIEW_LIKE (id, review_id, user_id, time, value) values (343, 186, 14, '2021-02-16 12:30:38', false);
insert into BOOK_REVIEW_LIKE (id, review_id, user_id, time, value) values (344, 56, 11, '2021-01-11 22:32:42', true);
insert into BOOK_REVIEW_LIKE (id, review_id, user_id, time, value) values (345, 267, 3, '2020-10-02 02:52:50', true);
insert into BOOK_REVIEW_LIKE (id, review_id, user_id, time, value) values (346, 142, 11, '2020-11-22 12:57:52', true);
insert into BOOK_REVIEW_LIKE (id, review_id, user_id, time, value) values (347, 240, 23, '2020-10-24 15:46:22', false);
insert into BOOK_REVIEW_LIKE (id, review_id, user_id, time, value) values (348, 260, 14, '2020-12-22 09:25:57', true);
insert into BOOK_REVIEW_LIKE (id, review_id, user_id, time, value) values (349, 60, 7, '2021-01-21 08:28:54', false);
insert into BOOK_REVIEW_LIKE (id, review_id, user_id, time, value) values (350, 45, 4, '2020-11-16 00:38:36', false);
insert into BOOK_REVIEW_LIKE (id, review_id, user_id, time, value) values (351, 9, 7, '2020-07-20 12:18:23', false);
insert into BOOK_REVIEW_LIKE (id, review_id, user_id, time, value) values (352, 262, 2, '2020-11-04 22:47:27', false);
insert into BOOK_REVIEW_LIKE (id, review_id, user_id, time, value) values (353, 254, 23, '2021-01-13 10:44:27', true);
insert into BOOK_REVIEW_LIKE (id, review_id, user_id, time, value) values (354, 87, 18, '2020-05-07 11:15:41', false);
insert into BOOK_REVIEW_LIKE (id, review_id, user_id, time, value) values (355, 293, 16, '2020-08-09 06:31:41', true);
insert into BOOK_REVIEW_LIKE (id, review_id, user_id, time, value) values (356, 20, 4, '2020-07-04 06:56:21', true);
insert into BOOK_REVIEW_LIKE (id, review_id, user_id, time, value) values (357, 91, 14, '2020-03-23 23:00:14', true);
insert into BOOK_REVIEW_LIKE (id, review_id, user_id, time, value) values (358, 302, 13, '2020-07-05 18:51:54', true);
insert into BOOK_REVIEW_LIKE (id, review_id, user_id, time, value) values (359, 216, 18, '2020-11-10 20:59:13', false);
insert into BOOK_REVIEW_LIKE (id, review_id, user_id, time, value) values (360, 312, 13, '2020-06-04 23:34:53', true);
insert into BOOK_REVIEW_LIKE (id, review_id, user_id, time, value) values (361, 11, 1, '2020-04-04 03:44:31', false);
insert into BOOK_REVIEW_LIKE (id, review_id, user_id, time, value) values (362, 219, 13, '2020-07-27 07:46:14', false);
insert into BOOK_REVIEW_LIKE (id, review_id, user_id, time, value) values (363, 207, 10, '2020-12-30 22:06:52', true);
insert into BOOK_REVIEW_LIKE (id, review_id, user_id, time, value) values (364, 211, 2, '2020-09-05 06:50:09', true);
insert into BOOK_REVIEW_LIKE (id, review_id, user_id, time, value) values (365, 31, 17, '2020-11-24 16:37:36', true);
insert into BOOK_REVIEW_LIKE (id, review_id, user_id, time, value) values (366, 293, 11, '2020-05-27 11:10:01', true);
insert into BOOK_REVIEW_LIKE (id, review_id, user_id, time, value) values (367, 19, 8, '2020-06-15 05:22:11', false);
insert into BOOK_REVIEW_LIKE (id, review_id, user_id, time, value) values (368, 118, 6, '2020-12-23 20:05:58', true);
insert into BOOK_REVIEW_LIKE (id, review_id, user_id, time, value) values (369, 158, 20, '2021-02-04 00:04:53', false);
insert into BOOK_REVIEW_LIKE (id, review_id, user_id, time, value) values (370, 210, 18, '2020-12-01 23:49:21', false);
insert into BOOK_REVIEW_LIKE (id, review_id, user_id, time, value) values (371, 141, 22, '2020-09-13 08:25:20', true);
insert into BOOK_REVIEW_LIKE (id, review_id, user_id, time, value) values (372, 180, 2, '2021-01-04 18:25:43', false);
insert into BOOK_REVIEW_LIKE (id, review_id, user_id, time, value) values (373, 181, 7, '2020-08-28 13:50:02', false);
insert into BOOK_REVIEW_LIKE (id, review_id, user_id, time, value) values (374, 5, 13, '2020-05-31 06:41:12', true);
insert into BOOK_REVIEW_LIKE (id, review_id, user_id, time, value) values (375, 102, 14, '2020-06-12 18:32:47', true);
insert into BOOK_REVIEW_LIKE (id, review_id, user_id, time, value) values (376, 16, 11, '2020-03-27 23:08:20', true);
insert into BOOK_REVIEW_LIKE (id, review_id, user_id, time, value) values (377, 190, 7, '2020-10-26 09:24:12', true);
insert into BOOK_REVIEW_LIKE (id, review_id, user_id, time, value) values (378, 102, 13, '2021-02-01 11:11:26', false);
insert into BOOK_REVIEW_LIKE (id, review_id, user_id, time, value) values (379, 68, 20, '2021-02-04 13:35:55', true);
insert into BOOK_REVIEW_LIKE (id, review_id, user_id, time, value) values (380, 107, 13, '2020-07-29 22:13:13', true);
insert into BOOK_REVIEW_LIKE (id, review_id, user_id, time, value) values (381, 180, 5, '2020-09-04 21:44:34', false);
insert into BOOK_REVIEW_LIKE (id, review_id, user_id, time, value) values (382, 234, 1, '2020-10-17 06:18:05', true);
insert into BOOK_REVIEW_LIKE (id, review_id, user_id, time, value) values (383, 29, 8, '2020-03-23 14:23:01', true);
insert into BOOK_REVIEW_LIKE (id, review_id, user_id, time, value) values (384, 130, 5, '2020-07-11 15:58:34', true);
insert into BOOK_REVIEW_LIKE (id, review_id, user_id, time, value) values (385, 277, 2, '2020-09-23 17:23:53', false);
insert into BOOK_REVIEW_LIKE (id, review_id, user_id, time, value) values (386, 153, 16, '2021-02-02 18:16:17', true);
insert into BOOK_REVIEW_LIKE (id, review_id, user_id, time, value) values (387, 250, 5, '2021-01-20 09:27:38', false);
insert into BOOK_REVIEW_LIKE (id, review_id, user_id, time, value) values (388, 230, 9, '2021-02-21 01:47:50', true);
insert into BOOK_REVIEW_LIKE (id, review_id, user_id, time, value) values (389, 229, 18, '2020-10-26 13:34:03', false);
insert into BOOK_REVIEW_LIKE (id, review_id, user_id, time, value) values (390, 5, 18, '2021-02-24 11:29:53', false);
insert into BOOK_REVIEW_LIKE (id, review_id, user_id, time, value) values (391, 69, 16, '2020-10-02 03:19:28', true);
insert into BOOK_REVIEW_LIKE (id, review_id, user_id, time, value) values (392, 280, 16, '2021-03-11 11:14:48', true);
insert into BOOK_REVIEW_LIKE (id, review_id, user_id, time, value) values (393, 113, 11, '2020-04-05 17:47:44', true);
insert into BOOK_REVIEW_LIKE (id, review_id, user_id, time, value) values (394, 29, 19, '2020-10-23 12:12:16', true);
insert into BOOK_REVIEW_LIKE (id, review_id, user_id, time, value) values (395, 23, 7, '2020-11-04 07:33:12', false);
insert into BOOK_REVIEW_LIKE (id, review_id, user_id, time, value) values (396, 109, 13, '2020-11-25 05:04:50', true);
insert into BOOK_REVIEW_LIKE (id, review_id, user_id, time, value) values (397, 249, 14, '2021-01-30 03:26:13', false);
insert into BOOK_REVIEW_LIKE (id, review_id, user_id, time, value) values (398, 13, 10, '2020-09-26 17:38:23', false);
insert into BOOK_REVIEW_LIKE (id, review_id, user_id, time, value) values (399, 119, 17, '2021-03-03 01:14:20', false);
insert into BOOK_REVIEW_LIKE (id, review_id, user_id, time, value) values (400, 297, 3, '2020-11-09 17:12:13', true);
insert into BOOK_REVIEW_LIKE (id, review_id, user_id, time, value) values (401, 88, 22, '2020-12-10 18:50:40', true);
insert into BOOK_REVIEW_LIKE (id, review_id, user_id, time, value) values (402, 77, 20, '2020-06-01 01:28:02', false);
insert into BOOK_REVIEW_LIKE (id, review_id, user_id, time, value) values (403, 162, 21, '2020-06-04 12:33:34', false);
insert into BOOK_REVIEW_LIKE (id, review_id, user_id, time, value) values (404, 3, 3, '2020-08-25 16:53:55', true);
insert into BOOK_REVIEW_LIKE (id, review_id, user_id, time, value) values (405, 47, 13, '2020-12-05 07:14:04', false);
insert into BOOK_REVIEW_LIKE (id, review_id, user_id, time, value) values (406, 200, 5, '2020-12-12 02:49:56', false);
insert into BOOK_REVIEW_LIKE (id, review_id, user_id, time, value) values (407, 264, 1, '2020-12-24 19:22:37', false);
insert into BOOK_REVIEW_LIKE (id, review_id, user_id, time, value) values (408, 263, 2, '2021-02-06 08:04:58', false);
insert into BOOK_REVIEW_LIKE (id, review_id, user_id, time, value) values (409, 222, 1, '2021-02-18 20:58:07', true);
insert into BOOK_REVIEW_LIKE (id, review_id, user_id, time, value) values (410, 248, 1, '2021-03-14 19:50:55', false);
insert into BOOK_REVIEW_LIKE (id, review_id, user_id, time, value) values (411, 49, 5, '2021-01-30 16:29:20', false);
insert into BOOK_REVIEW_LIKE (id, review_id, user_id, time, value) values (412, 275, 10, '2020-05-29 04:39:24', false);
insert into BOOK_REVIEW_LIKE (id, review_id, user_id, time, value) values (413, 271, 19, '2020-04-06 06:42:37', true);
insert into BOOK_REVIEW_LIKE (id, review_id, user_id, time, value) values (414, 242, 14, '2020-11-09 00:16:27', false);
insert into BOOK_REVIEW_LIKE (id, review_id, user_id, time, value) values (415, 308, 2, '2020-09-04 16:30:34', true);
insert into BOOK_REVIEW_LIKE (id, review_id, user_id, time, value) values (416, 298, 1, '2020-10-07 15:21:37', true);
insert into BOOK_REVIEW_LIKE (id, review_id, user_id, time, value) values (417, 222, 19, '2021-03-02 19:34:36', true);
insert into BOOK_REVIEW_LIKE (id, review_id, user_id, time, value) values (418, 238, 6, '2020-08-17 13:36:08', false);
insert into BOOK_REVIEW_LIKE (id, review_id, user_id, time, value) values (419, 217, 23, '2020-06-30 18:56:44', true);
insert into BOOK_REVIEW_LIKE (id, review_id, user_id, time, value) values (420, 229, 7, '2020-08-25 01:30:34', true);
insert into BOOK_REVIEW_LIKE (id, review_id, user_id, time, value) values (421, 190, 16, '2021-03-01 01:56:52', false);
insert into BOOK_REVIEW_LIKE (id, review_id, user_id, time, value) values (422, 175, 17, '2021-02-28 05:08:03', false);
insert into BOOK_REVIEW_LIKE (id, review_id, user_id, time, value) values (423, 252, 5, '2020-07-29 09:05:49', false);
insert into BOOK_REVIEW_LIKE (id, review_id, user_id, time, value) values (424, 105, 17, '2020-11-10 05:44:52', true);
insert into BOOK_REVIEW_LIKE (id, review_id, user_id, time, value) values (425, 147, 19, '2020-12-02 09:28:55', false);
insert into BOOK_REVIEW_LIKE (id, review_id, user_id, time, value) values (426, 94, 6, '2020-09-06 09:21:11', true);
insert into BOOK_REVIEW_LIKE (id, review_id, user_id, time, value) values (427, 132, 12, '2021-02-14 02:10:54', true);
insert into BOOK_REVIEW_LIKE (id, review_id, user_id, time, value) values (428, 74, 22, '2020-03-21 03:49:33', true);
insert into BOOK_REVIEW_LIKE (id, review_id, user_id, time, value) values (429, 256, 17, '2020-04-19 02:35:08', true);
insert into BOOK_REVIEW_LIKE (id, review_id, user_id, time, value) values (430, 245, 18, '2020-07-16 10:40:11', false);
insert into BOOK_REVIEW_LIKE (id, review_id, user_id, time, value) values (431, 84, 19, '2020-10-20 13:26:03', false);
insert into BOOK_REVIEW_LIKE (id, review_id, user_id, time, value) values (432, 126, 7, '2021-01-17 11:47:27', false);
insert into BOOK_REVIEW_LIKE (id, review_id, user_id, time, value) values (433, 173, 14, '2020-08-12 13:14:11', false);
insert into BOOK_REVIEW_LIKE (id, review_id, user_id, time, value) values (434, 279, 20, '2020-11-03 15:16:26', true);
insert into BOOK_REVIEW_LIKE (id, review_id, user_id, time, value) values (435, 269, 8, '2020-12-29 22:09:33', false);
insert into BOOK_REVIEW_LIKE (id, review_id, user_id, time, value) values (436, 271, 9, '2020-05-25 02:59:49', true);
insert into BOOK_REVIEW_LIKE (id, review_id, user_id, time, value) values (437, 138, 17, '2020-04-04 12:13:18', true);
insert into BOOK_REVIEW_LIKE (id, review_id, user_id, time, value) values (438, 78, 2, '2020-07-13 00:49:05', false);
insert into BOOK_REVIEW_LIKE (id, review_id, user_id, time, value) values (439, 299, 21, '2020-08-20 05:19:14', true);
insert into BOOK_REVIEW_LIKE (id, review_id, user_id, time, value) values (440, 195, 20, '2020-11-16 00:13:47', true);
insert into BOOK_REVIEW_LIKE (id, review_id, user_id, time, value) values (441, 286, 22, '2020-09-21 12:52:51', true);
insert into BOOK_REVIEW_LIKE (id, review_id, user_id, time, value) values (442, 307, 3, '2020-06-14 06:09:18', true);
insert into BOOK_REVIEW_LIKE (id, review_id, user_id, time, value) values (443, 191, 6, '2020-07-12 11:30:32', true);
insert into BOOK_REVIEW_LIKE (id, review_id, user_id, time, value) values (444, 228, 10, '2021-01-11 07:18:57', false);
insert into BOOK_REVIEW_LIKE (id, review_id, user_id, time, value) values (445, 291, 19, '2020-10-12 18:54:18', false);
insert into BOOK_REVIEW_LIKE (id, review_id, user_id, time, value) values (446, 97, 13, '2020-06-01 14:51:29', true);
insert into BOOK_REVIEW_LIKE (id, review_id, user_id, time, value) values (447, 186, 15, '2020-09-20 11:44:27', false);
insert into BOOK_REVIEW_LIKE (id, review_id, user_id, time, value) values (448, 85, 10, '2020-06-01 16:47:26', false);
insert into BOOK_REVIEW_LIKE (id, review_id, user_id, time, value) values (449, 118, 19, '2020-06-07 20:18:42', true);
insert into BOOK_REVIEW_LIKE (id, review_id, user_id, time, value) values (450, 41, 13, '2021-01-31 01:24:57', false);
insert into BOOK_REVIEW_LIKE (id, review_id, user_id, time, value) values (451, 233, 2, '2020-07-26 06:42:04', true);
insert into BOOK_REVIEW_LIKE (id, review_id, user_id, time, value) values (452, 104, 12, '2020-05-14 03:00:21', true);
insert into BOOK_REVIEW_LIKE (id, review_id, user_id, time, value) values (453, 124, 20, '2020-03-27 06:17:31', false);
insert into BOOK_REVIEW_LIKE (id, review_id, user_id, time, value) values (454, 16, 23, '2020-05-13 04:56:32', false);
insert into BOOK_REVIEW_LIKE (id, review_id, user_id, time, value) values (455, 258, 14, '2020-12-30 18:35:05', false);
insert into BOOK_REVIEW_LIKE (id, review_id, user_id, time, value) values (456, 310, 5, '2020-12-29 14:18:11', false);
insert into BOOK_REVIEW_LIKE (id, review_id, user_id, time, value) values (457, 24, 2, '2020-08-09 05:12:06', false);
insert into BOOK_REVIEW_LIKE (id, review_id, user_id, time, value) values (458, 258, 13, '2021-02-01 10:46:34', true);
insert into BOOK_REVIEW_LIKE (id, review_id, user_id, time, value) values (459, 131, 9, '2020-11-09 06:34:30', false);
insert into BOOK_REVIEW_LIKE (id, review_id, user_id, time, value) values (460, 21, 7, '2020-04-27 17:02:30', false);
insert into BOOK_REVIEW_LIKE (id, review_id, user_id, time, value) values (461, 302, 3, '2020-04-04 09:55:01', true);
insert into BOOK_REVIEW_LIKE (id, review_id, user_id, time, value) values (462, 250, 18, '2020-07-23 13:01:28', true);
insert into BOOK_REVIEW_LIKE (id, review_id, user_id, time, value) values (463, 213, 2, '2021-02-08 13:19:46', false);
insert into BOOK_REVIEW_LIKE (id, review_id, user_id, time, value) values (464, 175, 19, '2020-06-05 16:37:36', true);
insert into BOOK_REVIEW_LIKE (id, review_id, user_id, time, value) values (465, 271, 9, '2020-06-24 02:02:01', false);
insert into BOOK_REVIEW_LIKE (id, review_id, user_id, time, value) values (466, 173, 20, '2020-11-24 17:58:54', false);
insert into BOOK_REVIEW_LIKE (id, review_id, user_id, time, value) values (467, 256, 21, '2020-11-24 18:31:13', true);
insert into BOOK_REVIEW_LIKE (id, review_id, user_id, time, value) values (468, 234, 16, '2020-05-24 09:14:17', true);
insert into BOOK_REVIEW_LIKE (id, review_id, user_id, time, value) values (469, 104, 6, '2020-09-09 00:27:32', false);
insert into BOOK_REVIEW_LIKE (id, review_id, user_id, time, value) values (470, 275, 13, '2020-08-20 05:47:43', false);
insert into BOOK_REVIEW_LIKE (id, review_id, user_id, time, value) values (471, 176, 10, '2020-06-15 18:35:13', true);
insert into BOOK_REVIEW_LIKE (id, review_id, user_id, time, value) values (472, 277, 10, '2020-10-29 20:37:18', true);
insert into BOOK_REVIEW_LIKE (id, review_id, user_id, time, value) values (473, 291, 20, '2020-07-23 21:52:53', false);
insert into BOOK_REVIEW_LIKE (id, review_id, user_id, time, value) values (474, 261, 20, '2020-05-13 16:58:34', false);
insert into BOOK_REVIEW_LIKE (id, review_id, user_id, time, value) values (475, 182, 23, '2020-05-19 19:50:25', false);
insert into BOOK_REVIEW_LIKE (id, review_id, user_id, time, value) values (476, 4, 6, '2020-06-14 22:19:54', true);
insert into BOOK_REVIEW_LIKE (id, review_id, user_id, time, value) values (477, 48, 15, '2021-01-02 08:17:26', false);
insert into BOOK_REVIEW_LIKE (id, review_id, user_id, time, value) values (478, 239, 12, '2020-12-20 12:26:24', false);
insert into BOOK_REVIEW_LIKE (id, review_id, user_id, time, value) values (479, 231, 21, '2020-11-11 03:40:06', false);
insert into BOOK_REVIEW_LIKE (id, review_id, user_id, time, value) values (480, 194, 12, '2020-12-11 03:59:26', true);
insert into BOOK_REVIEW_LIKE (id, review_id, user_id, time, value) values (481, 274, 19, '2020-12-31 04:36:13', false);
insert into BOOK_REVIEW_LIKE (id, review_id, user_id, time, value) values (482, 195, 8, '2020-10-12 08:55:41', false);
insert into BOOK_REVIEW_LIKE (id, review_id, user_id, time, value) values (483, 99, 6, '2020-07-12 15:43:18', true);
insert into BOOK_REVIEW_LIKE (id, review_id, user_id, time, value) values (484, 6, 3, '2021-02-18 18:19:51', false);
insert into BOOK_REVIEW_LIKE (id, review_id, user_id, time, value) values (485, 260, 5, '2020-08-25 17:42:50', true);
insert into BOOK_REVIEW_LIKE (id, review_id, user_id, time, value) values (486, 88, 10, '2020-10-24 16:22:48', true);
insert into BOOK_REVIEW_LIKE (id, review_id, user_id, time, value) values (487, 210, 16, '2020-12-04 13:35:02', true);
insert into BOOK_REVIEW_LIKE (id, review_id, user_id, time, value) values (488, 77, 10, '2020-09-16 17:33:49', false);
insert into BOOK_REVIEW_LIKE (id, review_id, user_id, time, value) values (489, 218, 23, '2020-08-20 17:52:28', true);
insert into BOOK_REVIEW_LIKE (id, review_id, user_id, time, value) values (490, 311, 13, '2020-12-26 08:41:08', true);
insert into BOOK_REVIEW_LIKE (id, review_id, user_id, time, value) values (491, 8, 15, '2020-11-04 14:03:49', true);
insert into BOOK_REVIEW_LIKE (id, review_id, user_id, time, value) values (492, 243, 1, '2020-07-15 12:11:32', false);
insert into BOOK_REVIEW_LIKE (id, review_id, user_id, time, value) values (493, 125, 7, '2021-01-21 05:54:18', false);
insert into BOOK_REVIEW_LIKE (id, review_id, user_id, time, value) values (494, 238, 9, '2020-04-13 11:38:14', true);
insert into BOOK_REVIEW_LIKE (id, review_id, user_id, time, value) values (495, 12, 8, '2021-02-12 02:23:19', true);
insert into BOOK_REVIEW_LIKE (id, review_id, user_id, time, value) values (496, 166, 9, '2020-11-02 19:00:09', false);
insert into BOOK_REVIEW_LIKE (id, review_id, user_id, time, value) values (497, 69, 13, '2020-08-12 00:40:58', false);
insert into BOOK_REVIEW_LIKE (id, review_id, user_id, time, value) values (498, 74, 14, '2021-02-03 19:23:48', false);
insert into BOOK_REVIEW_LIKE (id, review_id, user_id, time, value) values (499, 65, 1, '2020-04-19 12:07:54', true);
insert into BOOK_REVIEW_LIKE (id, review_id, user_id, time, value) values (500, 111, 17, '2020-09-02 18:56:25', false);
insert into BOOK_REVIEW_LIKE (id, review_id, user_id, time, value) values (501, 285, 18, '2020-10-07 19:08:34', false);
insert into BOOK_REVIEW_LIKE (id, review_id, user_id, time, value) values (502, 130, 14, '2020-07-04 03:38:47', false);
insert into BOOK_REVIEW_LIKE (id, review_id, user_id, time, value) values (503, 120, 8, '2021-01-30 10:58:31', false);
insert into BOOK_REVIEW_LIKE (id, review_id, user_id, time, value) values (504, 47, 11, '2020-10-23 09:33:34', false);
insert into BOOK_REVIEW_LIKE (id, review_id, user_id, time, value) values (505, 5, 16, '2020-04-29 02:37:50', false);
insert into BOOK_REVIEW_LIKE (id, review_id, user_id, time, value) values (506, 92, 14, '2021-01-11 10:43:12', true);
insert into BOOK_REVIEW_LIKE (id, review_id, user_id, time, value) values (507, 249, 6, '2021-01-06 10:00:40', false);
insert into BOOK_REVIEW_LIKE (id, review_id, user_id, time, value) values (508, 74, 6, '2020-06-15 16:38:34', true);
insert into BOOK_REVIEW_LIKE (id, review_id, user_id, time, value) values (509, 26, 1, '2020-11-13 00:53:23', true);
insert into BOOK_REVIEW_LIKE (id, review_id, user_id, time, value) values (510, 50, 2, '2020-07-01 04:45:55', true);
insert into BOOK_REVIEW_LIKE (id, review_id, user_id, time, value) values (511, 258, 22, '2020-08-16 14:17:09', true);
insert into BOOK_REVIEW_LIKE (id, review_id, user_id, time, value) values (512, 74, 19, '2020-12-06 00:31:17', true);
insert into BOOK_REVIEW_LIKE (id, review_id, user_id, time, value) values (513, 310, 21, '2021-03-18 20:58:02', true);
insert into BOOK_REVIEW_LIKE (id, review_id, user_id, time, value) values (514, 154, 17, '2020-05-18 02:54:04', true);
insert into BOOK_REVIEW_LIKE (id, review_id, user_id, time, value) values (515, 262, 14, '2020-12-16 23:46:59', false);
insert into BOOK_REVIEW_LIKE (id, review_id, user_id, time, value) values (516, 8, 13, '2020-12-06 09:40:16', true);
insert into BOOK_REVIEW_LIKE (id, review_id, user_id, time, value) values (517, 32, 7, '2021-01-17 20:50:33', false);
insert into BOOK_REVIEW_LIKE (id, review_id, user_id, time, value) values (518, 249, 17, '2020-06-23 00:20:27', false);
insert into BOOK_REVIEW_LIKE (id, review_id, user_id, time, value) values (519, 252, 17, '2021-01-18 03:24:45', false);
insert into BOOK_REVIEW_LIKE (id, review_id, user_id, time, value) values (520, 235, 12, '2021-01-21 15:40:13', true);
insert into BOOK_REVIEW_LIKE (id, review_id, user_id, time, value) values (521, 249, 16, '2020-12-03 23:06:37', true);
insert into BOOK_REVIEW_LIKE (id, review_id, user_id, time, value) values (522, 131, 19, '2021-03-15 21:47:51', false);
insert into BOOK_REVIEW_LIKE (id, review_id, user_id, time, value) values (523, 101, 23, '2020-03-22 18:49:16', true);
insert into BOOK_REVIEW_LIKE (id, review_id, user_id, time, value) values (524, 209, 10, '2020-12-07 15:11:53', false);
insert into BOOK_REVIEW_LIKE (id, review_id, user_id, time, value) values (525, 179, 12, '2020-11-18 07:19:19', false);
insert into BOOK_REVIEW_LIKE (id, review_id, user_id, time, value) values (526, 20, 7, '2020-09-07 08:18:29', false);
insert into BOOK_REVIEW_LIKE (id, review_id, user_id, time, value) values (527, 246, 7, '2020-06-29 08:47:18', true);
insert into BOOK_REVIEW_LIKE (id, review_id, user_id, time, value) values (528, 43, 5, '2020-11-12 08:00:45', false);
insert into BOOK_REVIEW_LIKE (id, review_id, user_id, time, value) values (529, 293, 12, '2020-10-24 21:54:50', true);
insert into BOOK_REVIEW_LIKE (id, review_id, user_id, time, value) values (530, 28, 17, '2020-04-11 07:24:40', false);
insert into BOOK_REVIEW_LIKE (id, review_id, user_id, time, value) values (531, 194, 4, '2020-04-12 20:44:27', true);
insert into BOOK_REVIEW_LIKE (id, review_id, user_id, time, value) values (532, 170, 21, '2020-08-24 11:13:15', true);
insert into BOOK_REVIEW_LIKE (id, review_id, user_id, time, value) values (533, 114, 2, '2020-12-14 13:45:00', true);
insert into BOOK_REVIEW_LIKE (id, review_id, user_id, time, value) values (534, 208, 22, '2020-11-08 18:00:42', true);
insert into BOOK_REVIEW_LIKE (id, review_id, user_id, time, value) values (535, 262, 2, '2021-01-15 18:15:58', true);
insert into BOOK_REVIEW_LIKE (id, review_id, user_id, time, value) values (536, 76, 12, '2021-02-22 09:43:43', false);
insert into BOOK_REVIEW_LIKE (id, review_id, user_id, time, value) values (537, 235, 13, '2020-11-19 13:05:10', false);
insert into BOOK_REVIEW_LIKE (id, review_id, user_id, time, value) values (538, 129, 17, '2020-12-27 16:18:13', false);
insert into BOOK_REVIEW_LIKE (id, review_id, user_id, time, value) values (539, 269, 8, '2021-02-03 15:08:56', true);
insert into BOOK_REVIEW_LIKE (id, review_id, user_id, time, value) values (540, 34, 5, '2021-01-06 06:53:30', true);
insert into BOOK_REVIEW_LIKE (id, review_id, user_id, time, value) values (541, 251, 13, '2020-08-07 16:58:29', true);
insert into BOOK_REVIEW_LIKE (id, review_id, user_id, time, value) values (542, 5, 19, '2021-02-05 22:38:34', true);
insert into BOOK_REVIEW_LIKE (id, review_id, user_id, time, value) values (543, 216, 2, '2020-08-03 15:11:37', false);

insert into GENRE (id, parent_id, name, slug) values (1, 6, 'Romance|Sci-Fi', 'romancesci-fi');
insert into GENRE (id, parent_id, name, slug) values (2, 5, 'Comedy', 'comedy');
insert into GENRE (id, parent_id, name, slug) values (3, 6, 'Drama', 'drama');
insert into GENRE (id, parent_id, name, slug) values (4, 4, 'Comedy', 'comedy');
insert into GENRE (id, parent_id, name, slug) values (5, null, 'Comedy', 'comedy');
insert into GENRE (id, parent_id, name, slug) values (6, 9, 'Action|Thriller', 'actionthriller');
insert into GENRE (id, parent_id, name, slug) values (7, 4, 'Crime|Drama|Thriller', 'crimedramathriller');
insert into GENRE (id, parent_id, name, slug) values (8, 7, 'Horror', 'horror');
insert into GENRE (id, parent_id, name, slug) values (9, 2, 'Crime|Drama|Thriller', 'crimedramathriller');

insert into BOOK2GENRE (book_id, genre_id) values (1, 4);
insert into BOOK2GENRE (book_id, genre_id) values (2, 8);
insert into BOOK2GENRE (book_id, genre_id) values (3, 3);
insert into BOOK2GENRE (book_id, genre_id) values (4, 5);
insert into BOOK2GENRE (book_id, genre_id) values (5, 3);
insert into BOOK2GENRE (book_id, genre_id) values (6, 9);
insert into BOOK2GENRE (book_id, genre_id) values (7, 7);
insert into BOOK2GENRE (book_id, genre_id) values (8, 1);
insert into BOOK2GENRE (book_id, genre_id) values (9, 3);
insert into BOOK2GENRE (book_id, genre_id) values (10, 4);
insert into BOOK2GENRE (book_id, genre_id) values (11, 6);
insert into BOOK2GENRE (book_id, genre_id) values (12, 1);
insert into BOOK2GENRE (book_id, genre_id) values (13, 2);
insert into BOOK2GENRE (book_id, genre_id) values (14, 3);
insert into BOOK2GENRE (book_id, genre_id) values (15, 4);
insert into BOOK2GENRE (book_id, genre_id) values (16, 4);
insert into BOOK2GENRE (book_id, genre_id) values (17, 2);
insert into BOOK2GENRE (book_id, genre_id) values (18, 2);
insert into BOOK2GENRE (book_id, genre_id) values (19, 1);
insert into BOOK2GENRE (book_id, genre_id) values (20, 6);
insert into BOOK2GENRE (book_id, genre_id) values (21, 1);
insert into BOOK2GENRE (book_id, genre_id) values (22, 6);
insert into BOOK2GENRE (book_id, genre_id) values (23, 1);
insert into BOOK2GENRE (book_id, genre_id) values (24, 4);
insert into BOOK2GENRE (book_id, genre_id) values (25, 9);
insert into BOOK2GENRE (book_id, genre_id) values (26, 8);
insert into BOOK2GENRE (book_id, genre_id) values (27, 2);
insert into BOOK2GENRE (book_id, genre_id) values (28, 6);
insert into BOOK2GENRE (book_id, genre_id) values (29, 1);
insert into BOOK2GENRE (book_id, genre_id) values (30, 4);
insert into BOOK2GENRE (book_id, genre_id) values (31, 7);
insert into BOOK2GENRE (book_id, genre_id) values (32, 4);
insert into BOOK2GENRE (book_id, genre_id) values (33, 5);
insert into BOOK2GENRE (book_id, genre_id) values (34, 1);
insert into BOOK2GENRE (book_id, genre_id) values (35, 5);
insert into BOOK2GENRE (book_id, genre_id) values (36, 6);
insert into BOOK2GENRE (book_id, genre_id) values (37, 8);
insert into BOOK2GENRE (book_id, genre_id) values (38, 6);
insert into BOOK2GENRE (book_id, genre_id) values (39, 4);
insert into BOOK2GENRE (book_id, genre_id) values (40, 4);
insert into BOOK2GENRE (book_id, genre_id) values (41, 7);
insert into BOOK2GENRE (book_id, genre_id) values (42, 3);
insert into BOOK2GENRE (book_id, genre_id) values (43, 7);
insert into BOOK2GENRE (book_id, genre_id) values (44, 6);
insert into BOOK2GENRE (book_id, genre_id) values (45, 8);
insert into BOOK2GENRE (book_id, genre_id) values (46, 2);
insert into BOOK2GENRE (book_id, genre_id) values (47, 5);
insert into BOOK2GENRE (book_id, genre_id) values (48, 3);
insert into BOOK2GENRE (book_id, genre_id) values (49, 8);
insert into BOOK2GENRE (book_id, genre_id) values (50, 6);
insert into BOOK2GENRE (book_id, genre_id) values (51, 3);
insert into BOOK2GENRE (book_id, genre_id) values (52, 9);
insert into BOOK2GENRE (book_id, genre_id) values (53, 4);
insert into BOOK2GENRE (book_id, genre_id) values (54, 6);
insert into BOOK2GENRE (book_id, genre_id) values (55, 1);
insert into BOOK2GENRE (book_id, genre_id) values (56, 2);
insert into BOOK2GENRE (book_id, genre_id) values (57, 8);
insert into BOOK2GENRE (book_id, genre_id) values (58, 6);
insert into BOOK2GENRE (book_id, genre_id) values (59, 8);
insert into BOOK2GENRE (book_id, genre_id) values (60, 5);
insert into BOOK2GENRE (book_id, genre_id) values (61, 7);
insert into BOOK2GENRE (book_id, genre_id) values (62, 7);
insert into BOOK2GENRE (book_id, genre_id) values (63, 4);
insert into BOOK2GENRE (book_id, genre_id) values (64, 3);
insert into BOOK2GENRE (book_id, genre_id) values (65, 1);
insert into BOOK2GENRE (book_id, genre_id) values (66, 5);
insert into BOOK2GENRE (book_id, genre_id) values (67, 6);

SELECT setval('public.book_id_seq', 67, true);
