insert into BOOK (id, pub_date, is_bestseller, title, slug, image, description, price, discount, price_old) values (1, '05/17/2008', 1, 'VP Accounting', 'vpaccounting', 'http://dummyimage.com/162x149.png/dddddd/000000', 'recontextualize granular solutions', 3995, 28, 891);
insert into BOOK (id, pub_date, is_bestseller, title, slug, image, description, price, discount, price_old) values (2, '09/01/1951', 5, 'Speech Pathologist', 'speechpathologist', 'http://dummyimage.com/178x129.png/dddddd/000000', 'facilitate scalable functionalities', 4893, 29, 5177);
insert into BOOK (id, pub_date, is_bestseller, title, slug, image, description, price, discount, price_old) values (3, '02/18/1975', 7, 'Nurse', 'nurse', 'http://dummyimage.com/145x142.bmp/dddddd/000000', 'orchestrate rich bandwidth', 2222, 3, 2913);
insert into BOOK (id, pub_date, is_bestseller, title, slug, image, description, price, discount, price_old) values (4, '05/01/1987', 1, 'Paralegal', 'paralegal', 'http://dummyimage.com/155x103.png/ff4444/ffffff', 'seize turn-key infomediaries', 4016, 17, 4295);
insert into BOOK (id, pub_date, is_bestseller, title, slug, image, description, price, discount, price_old) values (5, '02/06/1969', 5, 'VP Accounting', 'vpaccounting', 'http://dummyimage.com/130x124.jpg/5fa2dd/ffffff', 'generate revolutionary action-items', 1708, 16, 4737);
insert into BOOK (id, pub_date, is_bestseller, title, slug, image, description, price, discount, price_old) values (6, '04/18/1921', 9, 'Tax Accountant', 'taxaccountant', 'http://dummyimage.com/152x100.png/cc0000/ffffff', 'evolve dot-com paradigms', 4942, 4, 1977);
insert into BOOK (id, pub_date, is_bestseller, title, slug, image, description, price, discount, price_old) values (7, '09/07/1922', 9, 'Marketing Assistant', 'marketingassistant', 'http://dummyimage.com/224x123.jpg/dddddd/000000', 'deploy intuitive schemas', 1082, 23, 5485);
insert into BOOK (id, pub_date, is_bestseller, title, slug, image, description, price, discount, price_old) values (8, '05/11/1951', 9, 'Junior Executive', 'juniorexecutive', 'http://dummyimage.com/147x141.bmp/cc0000/ffffff', 'orchestrate holistic e-markets', 3909, 29, 5969);
insert into BOOK (id, pub_date, is_bestseller, title, slug, image, description, price, discount, price_old) values (9, '01/28/1939', 10, 'Office Assistant I', 'officeassistanti', 'http://dummyimage.com/220x155.jpg/ff4444/ffffff', 'exploit proactive e-markets', 325, 28, 1156);
insert into BOOK (id, pub_date, is_bestseller, title, slug, image, description, price, discount, price_old) values (10, '02/14/1929', 6, 'Systems Administrator I', 'systemsadministratori', 'http://dummyimage.com/175x166.png/ff4444/ffffff', 'deliver scalable e-services', 1695, 28, 3538);
insert into BOOK (id, pub_date, is_bestseller, title, slug, image, description, price, discount, price_old) values (11, '05/08/1934', 5, 'Senior Quality Engineer', 'seniorqualityengineer', 'http://dummyimage.com/197x105.png/cc0000/ffffff', 'drive integrated interfaces', 5991, 8, 4686);
insert into BOOK (id, pub_date, is_bestseller, title, slug, image, description, price, discount, price_old) values (12, '08/12/1962', 3, 'Assistant Manager', 'assistantmanager', 'http://dummyimage.com/222x125.jpg/cc0000/ffffff', 'deliver B2B methodologies', 3999, 9, 2579);
insert into BOOK (id, pub_date, is_bestseller, title, slug, image, description, price, discount, price_old) values (13, '12/18/1980', 10, 'General Manager', 'generalmanager', 'http://dummyimage.com/209x197.jpg/cc0000/ffffff', 'benchmark rich networks', 5390, 30, 1410);
insert into BOOK (id, pub_date, is_bestseller, title, slug, image, description, price, discount, price_old) values (14, '02/02/1926', 7, 'Geological Engineer', 'geologicalengineer', 'http://dummyimage.com/141x240.jpg/dddddd/000000', 'evolve mission-critical bandwidth', 1241, 25, 2069);
insert into BOOK (id, pub_date, is_bestseller, title, slug, image, description, price, discount, price_old) values (15, '03/04/1931', 1, 'Analog Circuit Design manager', 'analogcircuitdesignmanager', 'http://dummyimage.com/183x145.png/cc0000/ffffff', 'scale global paradigms', 3945, 23, 1995);
insert into BOOK (id, pub_date, is_bestseller, title, slug, image, description, price, discount, price_old) values (16, '12/18/1919', 5, 'Internal Auditor', 'internalauditor', 'http://dummyimage.com/110x152.bmp/cc0000/ffffff', 'innovate cross-platform web services', 4674, 29, 4865);
insert into BOOK (id, pub_date, is_bestseller, title, slug, image, description, price, discount, price_old) values (17, '01/15/2010', 0, 'Sales Representative', 'salesrepresentative', 'http://dummyimage.com/233x172.png/ff4444/ffffff', 'seize seamless action-items', 4110, 8, 1178);
insert into BOOK (id, pub_date, is_bestseller, title, slug, image, description, price, discount, price_old) values (18, '07/26/2007', 10, 'Statistician II', 'statisticianii', 'http://dummyimage.com/100x161.jpg/ff4444/ffffff', 'matrix B2B infrastructures', 754, 14, 4554);
insert into BOOK (id, pub_date, is_bestseller, title, slug, image, description, price, discount, price_old) values (19, '04/23/1981', 0, 'Clinical Specialist', 'clinicalspecialist', 'http://dummyimage.com/226x128.jpg/5fa2dd/ffffff', 'exploit end-to-end e-business', 4534, 13, 4285);
insert into BOOK (id, pub_date, is_bestseller, title, slug, image, description, price, discount, price_old) values (20, '09/14/1996', 7, 'Dental Hygienist', 'dentalhygienist', 'http://dummyimage.com/213x105.bmp/dddddd/000000', 'iterate integrated networks', 469, 23, 4405);
insert into BOOK (id, pub_date, is_bestseller, title, slug, image, description, price, discount, price_old) values (21, '01/28/1970', 7, 'Community Outreach Specialist', 'communityoutreachspecialist', 'http://dummyimage.com/120x154.jpg/ff4444/ffffff', 'monetize scalable action-items', 2613, 17, 1603);
insert into BOOK (id, pub_date, is_bestseller, title, slug, image, description, price, discount, price_old) values (22, '12/16/1922', 10, 'Accountant I', 'accountanti', 'http://dummyimage.com/229x129.bmp/cc0000/ffffff', 'cultivate transparent partnerships', 1331, 20, 3737);
insert into BOOK (id, pub_date, is_bestseller, title, slug, image, description, price, discount, price_old) values (23, '05/06/1958', 8, 'Accounting Assistant IV', 'accountingassistantiv', 'http://dummyimage.com/216x216.jpg/cc0000/ffffff', 'mesh ubiquitous bandwidth', 5249, 26, 5319);
insert into BOOK (id, pub_date, is_bestseller, title, slug, image, description, price, discount, price_old) values (24, '12/19/1952', 4, 'Environmental Tech', 'environmentaltech', 'http://dummyimage.com/141x161.png/cc0000/ffffff', 'empower killer markets', 952, 4, 3877);
insert into BOOK (id, pub_date, is_bestseller, title, slug, image, description, price, discount, price_old) values (25, '12/05/2018', 4, 'Accounting Assistant I', 'accountingassistanti', 'http://dummyimage.com/190x145.jpg/cc0000/ffffff', 'reinvent frictionless bandwidth', 4988, 5, 5721);
insert into BOOK (id, pub_date, is_bestseller, title, slug, image, description, price, discount, price_old) values (26, '11/12/1943', 1, 'Recruiter', 'recruiter', 'http://dummyimage.com/247x129.png/dddddd/000000', 'brand sticky e-markets', 1256, 29, 3964);
insert into BOOK (id, pub_date, is_bestseller, title, slug, image, description, price, discount, price_old) values (27, '12/04/2010', 10, 'Administrative Assistant III', 'administrativeassistantiii', 'http://dummyimage.com/137x244.jpg/5fa2dd/ffffff', 'disintermediate e-business e-tailers', 3915, 30, 2425);
insert into BOOK (id, pub_date, is_bestseller, title, slug, image, description, price, discount, price_old) values (28, '07/05/1932', 8, 'Clinical Specialist', 'clinicalspecialist', 'http://dummyimage.com/183x132.png/dddddd/000000', 'seize visionary experiences', 3292, 27, 3313);
insert into BOOK (id, pub_date, is_bestseller, title, slug, image, description, price, discount, price_old) values (29, '10/17/1997', 7, 'Computer Systems Analyst III', 'computersystemsanalystiii', 'http://dummyimage.com/195x140.png/cc0000/ffffff', 'incubate web-enabled platforms', 2028, 29, 2998);
insert into BOOK (id, pub_date, is_bestseller, title, slug, image, description, price, discount, price_old) values (30, '06/22/1927', 6, 'Community Outreach Specialist', 'communityoutreachspecialist', 'http://dummyimage.com/110x126.bmp/ff4444/ffffff', 'productize 24/7 schemas', 1875, 3, 1700);
insert into BOOK (id, pub_date, is_bestseller, title, slug, image, description, price, discount, price_old) values (31, '10/18/1981', 1, 'Media Manager I', 'mediamanageri', 'http://dummyimage.com/136x120.png/dddddd/000000', 'revolutionize synergistic web services', 1978, 28, 5321);
insert into BOOK (id, pub_date, is_bestseller, title, slug, image, description, price, discount, price_old) values (32, '11/14/2007', 4, 'Sales Representative', 'salesrepresentative', 'http://dummyimage.com/205x187.png/5fa2dd/ffffff', 'architect next-generation technologies', 485, 9, 5961);
insert into BOOK (id, pub_date, is_bestseller, title, slug, image, description, price, discount, price_old) values (33, '05/14/1929', 10, 'Developer I', 'developeri', 'http://dummyimage.com/227x106.jpg/5fa2dd/ffffff', 'whiteboard collaborative e-business', 3948, 8, 5673);
insert into BOOK (id, pub_date, is_bestseller, title, slug, image, description, price, discount, price_old) values (34, '09/12/1990', 5, 'Programmer II', 'programmerii', 'http://dummyimage.com/160x224.png/5fa2dd/ffffff', 'monetize best-of-breed platforms', 5786, 0, 3345);
insert into BOOK (id, pub_date, is_bestseller, title, slug, image, description, price, discount, price_old) values (35, '10/09/1992', 2, 'Research Nurse', 'researchnurse', 'http://dummyimage.com/130x160.bmp/dddddd/000000', 'evolve 24/7 e-business', 5112, 20, 3226);
insert into BOOK (id, pub_date, is_bestseller, title, slug, image, description, price, discount, price_old) values (36, '07/08/1985', 8, 'Financial Advisor', 'financialadvisor', 'http://dummyimage.com/195x212.jpg/ff4444/ffffff', 'syndicate B2B bandwidth', 4147, 15, 1091);
insert into BOOK (id, pub_date, is_bestseller, title, slug, image, description, price, discount, price_old) values (37, '07/08/2014', 3, 'Community Outreach Specialist', 'communityoutreachspecialist', 'http://dummyimage.com/238x184.jpg/dddddd/000000', 'seize killer convergence', 400, 19, 4572);
insert into BOOK (id, pub_date, is_bestseller, title, slug, image, description, price, discount, price_old) values (38, '11/18/1934', 6, 'Assistant Manager', 'assistantmanager', 'http://dummyimage.com/213x195.jpg/cc0000/ffffff', 'mesh plug-and-play technologies', 4273, 21, 5141);
insert into BOOK (id, pub_date, is_bestseller, title, slug, image, description, price, discount, price_old) values (39, '09/24/1940', 8, 'Food Chemist', 'foodchemist', 'http://dummyimage.com/244x168.png/5fa2dd/ffffff', 'innovate plug-and-play content', 3627, 14, 1641);
insert into BOOK (id, pub_date, is_bestseller, title, slug, image, description, price, discount, price_old) values (40, '06/08/1936', 1, 'Technical Writer', 'technicalwriter', 'http://dummyimage.com/122x208.bmp/dddddd/000000', 'utilize end-to-end solutions', 5272, 2, 5855);
insert into BOOK (id, pub_date, is_bestseller, title, slug, image, description, price, discount, price_old) values (41, '10/05/1978', 6, 'Food Chemist', 'foodchemist', 'http://dummyimage.com/179x187.jpg/dddddd/000000', 'enhance end-to-end experiences', 5770, 10, 464);
insert into BOOK (id, pub_date, is_bestseller, title, slug, image, description, price, discount, price_old) values (42, '07/10/1955', 9, 'Physical Therapy Assistant', 'physicaltherapyassistant', 'http://dummyimage.com/150x159.png/dddddd/000000', 'orchestrate wireless communities', 3583, 10, 1664);
insert into BOOK (id, pub_date, is_bestseller, title, slug, image, description, price, discount, price_old) values (43, '01/04/1933', 10, 'Developer II', 'developerii', 'http://dummyimage.com/179x101.png/cc0000/ffffff', 'revolutionize mission-critical ROI', 1821, 21, 5068);
insert into BOOK (id, pub_date, is_bestseller, title, slug, image, description, price, discount, price_old) values (44, '09/29/1939', 8, 'Product Engineer', 'productengineer', 'http://dummyimage.com/169x157.jpg/dddddd/000000', 'facilitate clicks-and-mortar systems', 4635, 3, 850);
insert into BOOK (id, pub_date, is_bestseller, title, slug, image, description, price, discount, price_old) values (45, '03/30/1997', 9, 'Actuary', 'actuary', 'http://dummyimage.com/119x206.jpg/cc0000/ffffff', 'aggregate strategic architectures', 2793, 3, 2614);
insert into BOOK (id, pub_date, is_bestseller, title, slug, image, description, price, discount, price_old) values (46, '12/02/1950', 3, 'Research Assistant IV', 'researchassistantiv', 'http://dummyimage.com/175x239.jpg/dddddd/000000', 'unleash cutting-edge networks', 3963, 29, 1445);
insert into BOOK (id, pub_date, is_bestseller, title, slug, image, description, price, discount, price_old) values (47, '02/14/2006', 3, 'Research Nurse', 'researchnurse', 'http://dummyimage.com/161x137.png/5fa2dd/ffffff', 'optimize web-enabled channels', 2907, 12, 1601);
insert into BOOK (id, pub_date, is_bestseller, title, slug, image, description, price, discount, price_old) values (48, '07/19/1935', 8, 'Research Assistant III', 'researchassistantiii', 'http://dummyimage.com/113x165.png/cc0000/ffffff', 'synergize mission-critical web services', 4710, 30, 2015);
insert into BOOK (id, pub_date, is_bestseller, title, slug, image, description, price, discount, price_old) values (49, '07/30/2010', 3, 'Account Executive', 'accountexecutive', 'http://dummyimage.com/240x144.jpg/dddddd/000000', 'mesh best-of-breed initiatives', 4745, 30, 5579);
insert into BOOK (id, pub_date, is_bestseller, title, slug, image, description, price, discount, price_old) values (50, '06/07/1980', 9, 'Quality Control Specialist', 'qualitycontrolspecialist', 'http://dummyimage.com/166x187.bmp/cc0000/ffffff', 'maximize bleeding-edge metrics', 2023, 0, 3780);
insert into BOOK (id, pub_date, is_bestseller, title, slug, image, description, price, discount, price_old) values (51, '04/19/1948', 0, 'Dental Hygienist', 'dentalhygienist', 'http://dummyimage.com/145x192.bmp/ff4444/ffffff', 'utilize collaborative convergence', 573, 25, 1508);
insert into BOOK (id, pub_date, is_bestseller, title, slug, image, description, price, discount, price_old) values (52, '03/15/1996', 4, 'Financial Advisor', 'financialadvisor', 'http://dummyimage.com/230x243.bmp/5fa2dd/ffffff', 'extend impactful paradigms', 796, 22, 4259);
insert into BOOK (id, pub_date, is_bestseller, title, slug, image, description, price, discount, price_old) values (53, '01/16/1998', 9, 'Statistician IV', 'statisticianiv', 'http://dummyimage.com/206x129.jpg/dddddd/000000', 'unleash enterprise eyeballs', 5131, 13, 694);
insert into BOOK (id, pub_date, is_bestseller, title, slug, image, description, price, discount, price_old) values (54, '04/23/1977', 2, 'Professor', 'professor', 'http://dummyimage.com/230x202.bmp/ff4444/ffffff', 'expedite next-generation schemas', 967, 10, 3588);
insert into BOOK (id, pub_date, is_bestseller, title, slug, image, description, price, discount, price_old) values (55, '05/20/1946', 8, 'Information Systems Manager', 'informationsystemsmanager', 'http://dummyimage.com/109x171.png/dddddd/000000', 'utilize granular ROI', 5571, 5, 2195);
insert into BOOK (id, pub_date, is_bestseller, title, slug, image, description, price, discount, price_old) values (56, '04/07/1966', 0, 'Web Designer I', 'webdesigneri', 'http://dummyimage.com/198x176.jpg/dddddd/000000', 'engage collaborative networks', 4982, 29, 3931);
insert into BOOK (id, pub_date, is_bestseller, title, slug, image, description, price, discount, price_old) values (57, '05/21/1919', 3, 'Internal Auditor', 'internalauditor', 'http://dummyimage.com/141x221.png/5fa2dd/ffffff', 'exploit interactive portals', 4160, 27, 4272);
insert into BOOK (id, pub_date, is_bestseller, title, slug, image, description, price, discount, price_old) values (58, '05/14/2008', 3, 'Software Consultant', 'softwareconsultant', 'http://dummyimage.com/136x183.jpg/ff4444/ffffff', 'seize collaborative communities', 341, 3, 1056);
insert into BOOK (id, pub_date, is_bestseller, title, slug, image, description, price, discount, price_old) values (59, '05/09/1976', 7, 'Assistant Media Planner', 'assistantmediaplanner', 'http://dummyimage.com/152x145.png/dddddd/000000', 'matrix B2B platforms', 888, 5, 1278);
insert into BOOK (id, pub_date, is_bestseller, title, slug, image, description, price, discount, price_old) values (60, '04/10/1977', 7, 'Quality Engineer', 'qualityengineer', 'http://dummyimage.com/144x168.png/5fa2dd/ffffff', 'grow bleeding-edge models', 3917, 9, 756);
insert into BOOK (id, pub_date, is_bestseller, title, slug, image, description, price, discount, price_old) values (61, '03/17/2014', 1, 'Professor', 'professor', 'http://dummyimage.com/232x103.jpg/dddddd/000000', 'redefine B2C interfaces', 5929, 3, 2946);
insert into BOOK (id, pub_date, is_bestseller, title, slug, image, description, price, discount, price_old) values (62, '02/25/1966', 9, 'Professor', 'professor', 'http://dummyimage.com/219x229.png/5fa2dd/ffffff', 'disintermediate customized content', 3118, 7, 5393);
insert into BOOK (id, pub_date, is_bestseller, title, slug, image, description, price, discount, price_old) values (63, '02/23/1980', 3, 'Data Coordiator', 'datacoordiator', 'http://dummyimage.com/139x184.bmp/ff4444/ffffff', 'e-enable efficient markets', 3611, 24, 2140);
insert into BOOK (id, pub_date, is_bestseller, title, slug, image, description, price, discount, price_old) values (64, '09/01/1962', 1, 'Internal Auditor', 'internalauditor', 'http://dummyimage.com/212x177.jpg/dddddd/000000', 'harness plug-and-play e-tailers', 5973, 29, 436);
insert into BOOK (id, pub_date, is_bestseller, title, slug, image, description, price, discount, price_old) values (65, '08/27/1918', 6, 'Assistant Professor', 'assistantprofessor', 'http://dummyimage.com/208x191.bmp/cc0000/ffffff', 'empower transparent experiences', 3970, 15, 610);
insert into BOOK (id, pub_date, is_bestseller, title, slug, image, description, price, discount, price_old) values (66, '07/21/1952', 1, 'Engineer III', 'engineeriii', 'http://dummyimage.com/226x140.png/5fa2dd/ffffff', 'utilize 24/7 applications', 5836, 20, 5164);
insert into BOOK (id, pub_date, is_bestseller, title, slug, image, description, price, discount, price_old) values (67, '12/17/2013', 9, 'Nurse', 'nurse', 'http://dummyimage.com/214x237.jpg/dddddd/000000', 'deploy user-centric networks', 5195, 5, 2514);

insert into AUTHOR (id, photo, name, slug, description) values (1, 'http://dummyimage.com/229x146.bmp/ff4444/ffffff', 'Dominique Bonder', 'dominiquebonder', 'Variable Frequency Drives');
insert into AUTHOR (id, photo, name, slug, description) values (2, 'http://dummyimage.com/240x152.jpg/cc0000/ffffff', 'Tate Francescuzzi', 'tatefrancescuzzi', 'OTV');
insert into AUTHOR (id, photo, name, slug, description) values (3, 'http://dummyimage.com/120x224.png/ff4444/ffffff', 'Gabby Blanch', 'gabbyblanch', 'Hypertension');
insert into AUTHOR (id, photo, name, slug, description) values (4, 'http://dummyimage.com/210x202.png/5fa2dd/ffffff', 'Craig McGonigal', 'craigmcgonigal', 'Zone Alarm');
insert into AUTHOR (id, photo, name, slug, description) values (5, 'http://dummyimage.com/186x116.jpg/dddddd/000000', 'Mada Hayford', 'madahayford', 'System Deployment');
insert into AUTHOR (id, photo, name, slug, description) values (6, 'http://dummyimage.com/132x151.jpg/cc0000/ffffff', 'Caitlin Reynault', 'caitlinreynault', 'IVUS');
insert into AUTHOR (id, photo, name, slug, description) values (7, 'http://dummyimage.com/141x136.bmp/dddddd/000000', 'Jourdain Cosin', 'jourdaincosin', 'Czech');
insert into AUTHOR (id, photo, name, slug, description) values (8, 'http://dummyimage.com/101x178.png/cc0000/ffffff', 'Brittne Dickson', 'brittnedickson', 'Pediatrics');
insert into AUTHOR (id, photo, name, slug, description) values (9, 'http://dummyimage.com/150x198.bmp/ff4444/ffffff', 'Ira Sullens', 'irasullens', 'fMRI');
insert into AUTHOR (id, photo, name, slug, description) values (10, 'http://dummyimage.com/182x123.jpg/cc0000/ffffff', 'Arlen Fearnley', 'arlenfearnley', 'Gcov');
insert into AUTHOR (id, photo, name, slug, description) values (11, 'http://dummyimage.com/113x235.png/cc0000/ffffff', 'Raff Robertis', 'raffrobertis', 'FHA Financing');
insert into AUTHOR (id, photo, name, slug, description) values (12, 'http://dummyimage.com/163x214.bmp/cc0000/ffffff', 'Corina Forte', 'corinaforte', 'MHP');
insert into AUTHOR (id, photo, name, slug, description) values (13, 'http://dummyimage.com/226x138.bmp/5fa2dd/ffffff', 'Dagmar Firbanks', 'dagmarfirbanks', 'Applied Behavior Analysis');
insert into AUTHOR (id, photo, name, slug, description) values (14, 'http://dummyimage.com/248x215.jpg/dddddd/000000', 'Luz Lingley', 'luzlingley', 'Omnibus');
insert into AUTHOR (id, photo, name, slug, description) values (15, 'http://dummyimage.com/113x112.bmp/cc0000/ffffff', 'Codi Routham', 'codiroutham', 'Silverlight');
insert into AUTHOR (id, photo, name, slug, description) values (16, 'http://dummyimage.com/163x189.bmp/cc0000/ffffff', 'Rustin Kretschmer', 'rustinkretschmer', 'IT Hardware Support');
insert into AUTHOR (id, photo, name, slug, description) values (17, 'http://dummyimage.com/114x243.png/5fa2dd/ffffff', 'Mateo Kench', 'mateokench', 'NLB');
insert into AUTHOR (id, photo, name, slug, description) values (18, 'http://dummyimage.com/107x203.bmp/5fa2dd/ffffff', 'Gardie Osband', 'gardieosband', 'HUET');
insert into AUTHOR (id, photo, name, slug, description) values (19, 'http://dummyimage.com/138x185.jpg/cc0000/ffffff', 'Cathleen Colomb', 'cathleencolomb', 'Google Earth');
insert into AUTHOR (id, photo, name, slug, description) values (20, 'http://dummyimage.com/154x201.jpg/dddddd/000000', 'Silvain Michieli', 'silvainmichieli', 'Operational Due Diligence');
insert into AUTHOR (id, photo, name, slug, description) values (21, 'http://dummyimage.com/234x166.jpg/5fa2dd/ffffff', 'Nona Perritt', 'nonaperritt', 'AHLTA');
insert into AUTHOR (id, photo, name, slug, description) values (22, 'http://dummyimage.com/168x237.jpg/cc0000/ffffff', 'Kyle Mayfield', 'kylemayfield', 'qPCR');
insert into AUTHOR (id, photo, name, slug, description) values (23, 'http://dummyimage.com/131x163.bmp/dddddd/000000', 'Joly Trassler', 'jolytrassler', 'USDA Rural Housing');

insert into BOOK2AUTHOR (id, book_id, author_id, sort_index) values (1, 27, 23, 1);
insert into BOOK2AUTHOR (id, book_id, author_id, sort_index) values (2, 61, 10, 2);
insert into BOOK2AUTHOR (id, book_id, author_id, sort_index) values (3, 23, 2, 3);
insert into BOOK2AUTHOR (id, book_id, author_id, sort_index) values (4, 15, 8, 4);
insert into BOOK2AUTHOR (id, book_id, author_id, sort_index) values (5, 12, 18, 5);
insert into BOOK2AUTHOR (id, book_id, author_id, sort_index) values (6, 58, 13, 6);
insert into BOOK2AUTHOR (id, book_id, author_id, sort_index) values (7, 5, 13, 7);
insert into BOOK2AUTHOR (id, book_id, author_id, sort_index) values (8, 34, 5, 8);
insert into BOOK2AUTHOR (id, book_id, author_id, sort_index) values (9, 56, 6, 9);
insert into BOOK2AUTHOR (id, book_id, author_id, sort_index) values (10, 29, 20, 10);
insert into BOOK2AUTHOR (id, book_id, author_id, sort_index) values (11, 14, 5, 11);
insert into BOOK2AUTHOR (id, book_id, author_id, sort_index) values (12, 4, 1, 12);
insert into BOOK2AUTHOR (id, book_id, author_id, sort_index) values (13, 42, 20, 13);
insert into BOOK2AUTHOR (id, book_id, author_id, sort_index) values (14, 31, 2, 14);
insert into BOOK2AUTHOR (id, book_id, author_id, sort_index) values (15, 64, 16, 15);
insert into BOOK2AUTHOR (id, book_id, author_id, sort_index) values (16, 58, 23, 16);
insert into BOOK2AUTHOR (id, book_id, author_id, sort_index) values (17, 50, 21, 17);
insert into BOOK2AUTHOR (id, book_id, author_id, sort_index) values (18, 43, 6, 18);
insert into BOOK2AUTHOR (id, book_id, author_id, sort_index) values (19, 50, 12, 19);
insert into BOOK2AUTHOR (id, book_id, author_id, sort_index) values (20, 6, 12, 20);
insert into BOOK2AUTHOR (id, book_id, author_id, sort_index) values (21, 6, 15, 21);
insert into BOOK2AUTHOR (id, book_id, author_id, sort_index) values (22, 64, 13, 22);
insert into BOOK2AUTHOR (id, book_id, author_id, sort_index) values (23, 40, 14, 23);
insert into BOOK2AUTHOR (id, book_id, author_id, sort_index) values (24, 25, 18, 24);
insert into BOOK2AUTHOR (id, book_id, author_id, sort_index) values (25, 47, 23, 25);
insert into BOOK2AUTHOR (id, book_id, author_id, sort_index) values (26, 9, 11, 26);
insert into BOOK2AUTHOR (id, book_id, author_id, sort_index) values (27, 14, 11, 27);
insert into BOOK2AUTHOR (id, book_id, author_id, sort_index) values (28, 4, 5, 28);
insert into BOOK2AUTHOR (id, book_id, author_id, sort_index) values (29, 58, 10, 29);
insert into BOOK2AUTHOR (id, book_id, author_id, sort_index) values (30, 37, 4, 30);
insert into BOOK2AUTHOR (id, book_id, author_id, sort_index) values (31, 44, 17, 31);
insert into BOOK2AUTHOR (id, book_id, author_id, sort_index) values (32, 21, 3, 32);
insert into BOOK2AUTHOR (id, book_id, author_id, sort_index) values (33, 33, 5, 33);
insert into BOOK2AUTHOR (id, book_id, author_id, sort_index) values (34, 13, 16, 34);
insert into BOOK2AUTHOR (id, book_id, author_id, sort_index) values (35, 53, 3, 35);
insert into BOOK2AUTHOR (id, book_id, author_id, sort_index) values (36, 47, 17, 36);
insert into BOOK2AUTHOR (id, book_id, author_id, sort_index) values (37, 55, 19, 37);
insert into BOOK2AUTHOR (id, book_id, author_id, sort_index) values (38, 14, 14, 38);
insert into BOOK2AUTHOR (id, book_id, author_id, sort_index) values (39, 37, 7, 39);
insert into BOOK2AUTHOR (id, book_id, author_id, sort_index) values (40, 58, 12, 40);
insert into BOOK2AUTHOR (id, book_id, author_id, sort_index) values (41, 6, 2, 41);
insert into BOOK2AUTHOR (id, book_id, author_id, sort_index) values (42, 47, 21, 42);
insert into BOOK2AUTHOR (id, book_id, author_id, sort_index) values (43, 18, 19, 43);
insert into BOOK2AUTHOR (id, book_id, author_id, sort_index) values (44, 19, 8, 44);
insert into BOOK2AUTHOR (id, book_id, author_id, sort_index) values (45, 35, 13, 45);
insert into BOOK2AUTHOR (id, book_id, author_id, sort_index) values (46, 8, 23, 46);
insert into BOOK2AUTHOR (id, book_id, author_id, sort_index) values (47, 24, 23, 47);
insert into BOOK2AUTHOR (id, book_id, author_id, sort_index) values (48, 53, 14, 48);
insert into BOOK2AUTHOR (id, book_id, author_id, sort_index) values (49, 61, 20, 49);
insert into BOOK2AUTHOR (id, book_id, author_id, sort_index) values (50, 3, 17, 50);
insert into BOOK2AUTHOR (id, book_id, author_id, sort_index) values (51, 2, 13, 51);
insert into BOOK2AUTHOR (id, book_id, author_id, sort_index) values (52, 18, 8, 52);
insert into BOOK2AUTHOR (id, book_id, author_id, sort_index) values (53, 60, 4, 53);
insert into BOOK2AUTHOR (id, book_id, author_id, sort_index) values (54, 8, 20, 54);
insert into BOOK2AUTHOR (id, book_id, author_id, sort_index) values (55, 33, 8, 55);
insert into BOOK2AUTHOR (id, book_id, author_id, sort_index) values (56, 21, 21, 56);
insert into BOOK2AUTHOR (id, book_id, author_id, sort_index) values (57, 3, 4, 57);
insert into BOOK2AUTHOR (id, book_id, author_id, sort_index) values (58, 50, 7, 58);
insert into BOOK2AUTHOR (id, book_id, author_id, sort_index) values (59, 7, 16, 59);
insert into BOOK2AUTHOR (id, book_id, author_id, sort_index) values (60, 26, 18, 60);
insert into BOOK2AUTHOR (id, book_id, author_id, sort_index) values (61, 14, 7, 61);
insert into BOOK2AUTHOR (id, book_id, author_id, sort_index) values (62, 2, 1, 62);
insert into BOOK2AUTHOR (id, book_id, author_id, sort_index) values (63, 41, 7, 63);
insert into BOOK2AUTHOR (id, book_id, author_id, sort_index) values (64, 32, 9, 64);
insert into BOOK2AUTHOR (id, book_id, author_id, sort_index) values (65, 58, 18, 65);
insert into BOOK2AUTHOR (id, book_id, author_id, sort_index) values (66, 3, 1, 66);
insert into BOOK2AUTHOR (id, book_id, author_id, sort_index) values (67, 30, 20, 67);
insert into BOOK2AUTHOR (id, book_id, author_id, sort_index) values (68, 41, 4, 68);
insert into BOOK2AUTHOR (id, book_id, author_id, sort_index) values (69, 25, 18, 69);
insert into BOOK2AUTHOR (id, book_id, author_id, sort_index) values (70, 20, 11, 70);
insert into BOOK2AUTHOR (id, book_id, author_id, sort_index) values (71, 18, 4, 71);
insert into BOOK2AUTHOR (id, book_id, author_id, sort_index) values (72, 26, 15, 72);
insert into BOOK2AUTHOR (id, book_id, author_id, sort_index) values (73, 16, 23, 73);
insert into BOOK2AUTHOR (id, book_id, author_id, sort_index) values (74, 20, 17, 74);
insert into BOOK2AUTHOR (id, book_id, author_id, sort_index) values (75, 15, 22, 75);
insert into BOOK2AUTHOR (id, book_id, author_id, sort_index) values (76, 66, 1, 76);
insert into BOOK2AUTHOR (id, book_id, author_id, sort_index) values (77, 67, 18, 77);
insert into BOOK2AUTHOR (id, book_id, author_id, sort_index) values (78, 4, 15, 78);
insert into BOOK2AUTHOR (id, book_id, author_id, sort_index) values (79, 60, 5, 79);
insert into BOOK2AUTHOR (id, book_id, author_id, sort_index) values (80, 20, 4, 80);
insert into BOOK2AUTHOR (id, book_id, author_id, sort_index) values (81, 5, 3, 81);
insert into BOOK2AUTHOR (id, book_id, author_id, sort_index) values (82, 27, 13, 82);
insert into BOOK2AUTHOR (id, book_id, author_id, sort_index) values (83, 54, 16, 83);
insert into BOOK2AUTHOR (id, book_id, author_id, sort_index) values (84, 31, 12, 84);
insert into BOOK2AUTHOR (id, book_id, author_id, sort_index) values (85, 55, 14, 85);
insert into BOOK2AUTHOR (id, book_id, author_id, sort_index) values (86, 19, 13, 86);
insert into BOOK2AUTHOR (id, book_id, author_id, sort_index) values (87, 25, 10, 87);
insert into BOOK2AUTHOR (id, book_id, author_id, sort_index) values (88, 65, 8, 88);
insert into BOOK2AUTHOR (id, book_id, author_id, sort_index) values (89, 33, 8, 89);
insert into BOOK2AUTHOR (id, book_id, author_id, sort_index) values (90, 33, 13, 90);
insert into BOOK2AUTHOR (id, book_id, author_id, sort_index) values (91, 27, 12, 91);
insert into BOOK2AUTHOR (id, book_id, author_id, sort_index) values (92, 52, 21, 92);

insert into "user" (id, hash, reg_time, balance, name) values (1, 'b6f1a491f557c8e6cbc3788c71e679b2ca97dd4644b5104a89ca5cec30966e7a', '2020-07-14 02:11:42', 6640, 'mhannent0');
insert into "user" (id, hash, reg_time, balance, name) values (2, 'ca4049700699b363efd0e1f484a62bdb16c37b987020165eb93c4a2e1d80ead1', '2020-09-03 17:54:01', 8701, 'itee1');
insert into "user" (id, hash, reg_time, balance, name) values (3, '2128fd81df5a15bb09beebf02e463b06eb107c0e61fdd0d1b8085a4411dcaa9d', '2020-12-06 09:21:33', 8936, 'syurshev2');
insert into "user" (id, hash, reg_time, balance, name) values (4, '32224cc5580ee3873f0518a8b05c388c57d5628b620f8a334737b467414ceb8a', '2020-04-08 09:11:24', 4119, 'kpacke3');
insert into "user" (id, hash, reg_time, balance, name) values (5, '8a5d3f46b5b84c228a380212027c23e395336ef6456e6c6f0a0b93d55426dfab', '2021-01-10 18:58:07', 2665, 'sshovelin4');
insert into "user" (id, hash, reg_time, balance, name) values (6, '6804a3efcc71d8b4a11175cd858a922841cb026f867c00105931b253845b7900', '2020-04-23 12:28:48', 2270, 'kdive5');
insert into "user" (id, hash, reg_time, balance, name) values (7, 'e0472e199d3d2037d9290eaefad05faaf91303b7bae576746f878bfe9857263b', '2020-12-03 11:26:45', 5739, 'ngabriel6');
insert into "user" (id, hash, reg_time, balance, name) values (8, 'c6f87e3e23c768779dd5aee37d7f926f683a3e752419868b47cc43affdf2f42e', '2020-12-06 23:40:26', 2676, 'kshipway7');
insert into "user" (id, hash, reg_time, balance, name) values (9, 'a9fbdbb69752419ee05a95454d1fe510ccbc605e61dcac352e911cd26f140034', '2020-06-26 07:09:24', 9341, 'bgutans8');
insert into "user" (id, hash, reg_time, balance, name) values (10, '41f3d5f442c7b3a752fbf9af5df24f9eaaaf5cd9c103d78339e616b63b9ee348', '2020-12-02 13:46:41', 1411, 'etoffetto9');
insert into "user" (id, hash, reg_time, balance, name) values (11, 'baee7d048c45e5862c30de12bd5ffba869295271f9bedfbe3bc16057dead11de', '2020-10-06 21:54:08', 8986, 'mjakewaya');
insert into "user" (id, hash, reg_time, balance, name) values (12, '9222a934662daa565bc750420554b76c1d7226c6f2690014bb93913a942aa0df', '2020-03-21 13:59:41', 1434, 'vcrebottb');
insert into "user" (id, hash, reg_time, balance, name) values (13, '7e135b3f8a03a44f9c72640fc6526292815b9aa0cb338ddad938434b583d796b', '2020-06-24 11:19:46', 8966, 'ebamlettc');
insert into "user" (id, hash, reg_time, balance, name) values (14, '9ade299ce266a956e76d29c8cd2738afa1dd7ddea4f9ef6bbbd71d11d9f21f29', '2020-11-28 17:54:40', 3513, 'askellsd');
insert into "user" (id, hash, reg_time, balance, name) values (15, '476f72a8f61109efd32e339f4cb06bdaf26d8763eaf2a600fab285819bf6830f', '2020-11-19 23:58:46', 9477, 'waudase');
insert into "user" (id, hash, reg_time, balance, name) values (16, '20d5431ba240ed56b19ca6da878d27627cc76828a9b797718a725cf5de5ef323', '2020-05-27 03:03:05', 7919, 'rhoylesf');
insert into "user" (id, hash, reg_time, balance, name) values (17, '9d64d1eec374d1dfacc13b60842a3671a52fa62f73f24c3bf9fb4e38747320bb', '2021-02-12 17:39:19', 399, 'arockallg');
insert into "user" (id, hash, reg_time, balance, name) values (18, '81455d47878b1b4a02b39cdd82660e89b4dacd25caf0009a88b9e2032a87af83', '2020-05-24 13:05:34', 3699, 'lcovottih');
insert into "user" (id, hash, reg_time, balance, name) values (19, 'a309537eb995f4b714cd4693a16f0d77a49343027fc05aa8d8dd2d76777a37b1', '2020-07-10 08:19:11', 7776, 'tferfullei');
insert into "user" (id, hash, reg_time, balance, name) values (20, '6140120fd77e6f66652e198e541d5981d8c3fdc0d5dfca0a41cc67b492093ed3', '2020-04-14 09:40:31', 3080, 'alinsayj');
insert into "user" (id, hash, reg_time, balance, name) values (21, '85b1a874bc619266a1b9e863248222432c8e51630eaf7ebdd296b38e1e34fa73', '2021-03-07 16:28:38', 7845, 'kspraggsk');
insert into "user" (id, hash, reg_time, balance, name) values (22, 'db73d3937c08fafdade36d36b892f637dc818618f8789ee8d5f11bc3ce6a82a4', '2021-01-25 12:49:45', 3397, 'bcalveyl');
insert into "user" (id, hash, reg_time, balance, name) values (23, '558e1561290776e22b14d664a1b96f432b1162f87132c9e0ac6aeb2f55937fff', '2020-10-09 18:36:41', 3241, 'ccamellinim');

insert into BOOK_REVIEW (id, book_id, user_id, time, text) values (1, 31, 14, '2020-07-10 05:47:32', 'odio curabitur convallis duis consequat dui nec nisi volutpat eleifend donec ut dolor morbi vel lectus in quam');
insert into BOOK_REVIEW (id, book_id, user_id, time, text) values (2, 39, 21, '2020-04-29 05:37:26', 'convallis nunc proin at turpis a pede posuere nonummy integer non velit donec diam');
insert into BOOK_REVIEW (id, book_id, user_id, time, text) values (3, 15, 4, '2020-06-02 07:00:52', 'id luctus nec molestie sed justo pellentesque viverra pede ac diam cras');
insert into BOOK_REVIEW (id, book_id, user_id, time, text) values (4, 47, 22, '2020-12-17 19:54:13', 'non mauris morbi non lectus aliquam sit amet diam in magna bibendum');
insert into BOOK_REVIEW (id, book_id, user_id, time, text) values (5, 27, 15, '2020-05-30 13:59:58', 'nulla eget eros elementum pellentesque quisque porta volutpat erat quisque erat eros viverra eget congue eget semper rutrum nulla nunc');
insert into BOOK_REVIEW (id, book_id, user_id, time, text) values (6, 44, 23, '2021-03-09 06:38:10', 'lectus pellentesque at nulla suspendisse potenti cras in purus eu magna');
insert into BOOK_REVIEW (id, book_id, user_id, time, text) values (7, 54, 5, '2020-03-29 17:59:54', 'sed lacus morbi sem mauris laoreet ut rhoncus aliquet pulvinar sed nisl nunc');
insert into BOOK_REVIEW (id, book_id, user_id, time, text) values (8, 6, 16, '2021-01-17 07:19:59', 'nunc viverra dapibus nulla suscipit ligula in lacus curabitur at ipsum ac tellus');
insert into BOOK_REVIEW (id, book_id, user_id, time, text) values (9, 66, 3, '2020-12-29 16:09:20', 'lectus aliquam sit amet diam in magna bibendum imperdiet nullam orci');
insert into BOOK_REVIEW (id, book_id, user_id, time, text) values (10, 43, 15, '2020-08-08 01:33:25', 'sociis natoque penatibus et magnis dis parturient montes nascetur ridiculus mus vivamus vestibulum');
insert into BOOK_REVIEW (id, book_id, user_id, time, text) values (11, 57, 20, '2021-01-29 10:47:22', 'quis justo maecenas rhoncus aliquam lacus morbi quis tortor id nulla ultrices aliquet maecenas leo odio condimentum id luctus');
insert into BOOK_REVIEW (id, book_id, user_id, time, text) values (12, 30, 16, '2020-06-19 10:58:24', 'sapien urna pretium nisl ut volutpat sapien arcu sed augue aliquam erat');
insert into BOOK_REVIEW (id, book_id, user_id, time, text) values (13, 62, 18, '2020-12-21 19:10:35', 'sit amet consectetuer adipiscing elit proin interdum mauris non ligula pellentesque ultrices phasellus id');
insert into BOOK_REVIEW (id, book_id, user_id, time, text) values (14, 5, 14, '2020-05-05 04:37:51', 'et tempus semper est quam pharetra magna ac consequat metus');
insert into BOOK_REVIEW (id, book_id, user_id, time, text) values (15, 55, 3, '2020-12-07 19:28:25', 'et magnis dis parturient montes nascetur ridiculus mus etiam vel augue vestibulum rutrum rutrum neque aenean');
insert into BOOK_REVIEW (id, book_id, user_id, time, text) values (16, 50, 14, '2020-06-14 11:17:32', 'aliquam quis turpis eget elit sodales scelerisque mauris sit amet eros suspendisse accumsan tortor quis turpis sed ante vivamus tortor');
insert into BOOK_REVIEW (id, book_id, user_id, time, text) values (17, 60, 21, '2020-12-11 15:22:57', 'aliquam lacus morbi quis tortor id nulla ultrices aliquet maecenas leo odio condimentum id');
insert into BOOK_REVIEW (id, book_id, user_id, time, text) values (18, 67, 9, '2020-07-17 09:02:22', 'ornare imperdiet sapien urna pretium nisl ut volutpat sapien arcu sed augue aliquam erat volutpat');
insert into BOOK_REVIEW (id, book_id, user_id, time, text) values (19, 6, 18, '2020-05-31 19:26:02', 'fusce lacus purus aliquet at feugiat non pretium quis lectus suspendisse potenti in eleifend');
insert into BOOK_REVIEW (id, book_id, user_id, time, text) values (20, 40, 5, '2021-01-21 12:59:07', 'ut at dolor quis odio consequat varius integer ac leo pellentesque ultrices mattis odio donec');
insert into BOOK_REVIEW (id, book_id, user_id, time, text) values (21, 66, 3, '2021-01-08 17:16:48', 'donec semper sapien a libero nam dui proin leo odio porttitor id consequat in consequat ut nulla sed');
insert into BOOK_REVIEW (id, book_id, user_id, time, text) values (22, 58, 19, '2020-05-30 14:41:13', 'volutpat quam pede lobortis ligula sit amet eleifend pede libero quis orci nullam');
insert into BOOK_REVIEW (id, book_id, user_id, time, text) values (23, 58, 20, '2020-12-20 21:30:07', 'sapien varius ut blandit non interdum in ante vestibulum ante');
insert into BOOK_REVIEW (id, book_id, user_id, time, text) values (24, 13, 12, '2020-07-08 22:27:32', 'ut dolor morbi vel lectus in quam fringilla rhoncus mauris enim leo rhoncus sed');
insert into BOOK_REVIEW (id, book_id, user_id, time, text) values (25, 40, 6, '2020-12-22 06:01:24', 'sed lacus morbi sem mauris laoreet ut rhoncus aliquet pulvinar sed nisl nunc rhoncus dui vel');
insert into BOOK_REVIEW (id, book_id, user_id, time, text) values (26, 11, 16, '2020-08-28 11:51:05', 'faucibus orci luctus et ultrices posuere cubilia curae nulla dapibus dolor vel est donec odio');
insert into BOOK_REVIEW (id, book_id, user_id, time, text) values (27, 2, 13, '2020-06-09 06:11:59', 'et ultrices posuere cubilia curae nulla dapibus dolor vel est donec');
insert into BOOK_REVIEW (id, book_id, user_id, time, text) values (28, 24, 1, '2020-06-26 10:48:07', 'id ornare imperdiet sapien urna pretium nisl ut volutpat sapien arcu');
insert into BOOK_REVIEW (id, book_id, user_id, time, text) values (29, 38, 6, '2021-01-13 07:16:59', 'aliquet massa id lobortis convallis tortor risus dapibus augue vel accumsan tellus nisi');
insert into BOOK_REVIEW (id, book_id, user_id, time, text) values (30, 42, 23, '2020-12-29 06:51:26', 'primis in faucibus orci luctus et ultrices posuere cubilia curae nulla');
insert into BOOK_REVIEW (id, book_id, user_id, time, text) values (31, 1, 12, '2020-10-11 14:47:14', 'convallis tortor risus dapibus augue vel accumsan tellus nisi eu orci mauris lacinia sapien quis');
insert into BOOK_REVIEW (id, book_id, user_id, time, text) values (32, 32, 19, '2020-12-31 10:49:51', 'volutpat sapien arcu sed augue aliquam erat volutpat in congue etiam justo etiam');
insert into BOOK_REVIEW (id, book_id, user_id, time, text) values (33, 19, 5, '2021-01-25 03:30:07', 'vitae ipsum aliquam non mauris morbi non lectus aliquam sit');
insert into BOOK_REVIEW (id, book_id, user_id, time, text) values (34, 51, 2, '2021-03-16 19:25:12', 'interdum mauris ullamcorper purus sit amet nulla quisque arcu libero rutrum ac lobortis');
insert into BOOK_REVIEW (id, book_id, user_id, time, text) values (35, 18, 21, '2020-04-07 23:31:08', 'fringilla rhoncus mauris enim leo rhoncus sed vestibulum sit amet');
insert into BOOK_REVIEW (id, book_id, user_id, time, text) values (36, 5, 4, '2020-06-18 08:33:06', 'vitae consectetuer eget rutrum at lorem integer tincidunt ante vel ipsum praesent blandit lacinia erat vestibulum');
insert into BOOK_REVIEW (id, book_id, user_id, time, text) values (37, 38, 18, '2020-09-29 02:26:10', 'sem sed sagittis nam congue risus semper porta volutpat quam pede lobortis ligula sit amet eleifend');
insert into BOOK_REVIEW (id, book_id, user_id, time, text) values (38, 53, 15, '2020-04-27 04:59:19', 'curabitur in libero ut massa volutpat convallis morbi odio odio elementum eu');
insert into BOOK_REVIEW (id, book_id, user_id, time, text) values (39, 51, 6, '2020-12-31 04:18:54', 'tempor turpis nec euismod scelerisque quam turpis adipiscing lorem vitae mattis nibh');
insert into BOOK_REVIEW (id, book_id, user_id, time, text) values (40, 8, 10, '2021-03-02 15:06:22', 'eget tincidunt eget tempus vel pede morbi porttitor lorem id ligula suspendisse ornare consequat lectus in est risus');
insert into BOOK_REVIEW (id, book_id, user_id, time, text) values (41, 54, 6, '2020-11-30 10:38:57', 'in tempor turpis nec euismod scelerisque quam turpis adipiscing lorem vitae mattis nibh');
insert into BOOK_REVIEW (id, book_id, user_id, time, text) values (42, 67, 5, '2020-04-03 07:15:17', 'et magnis dis parturient montes nascetur ridiculus mus vivamus vestibulum sagittis sapien cum sociis natoque penatibus et magnis dis');
insert into BOOK_REVIEW (id, book_id, user_id, time, text) values (43, 2, 19, '2020-04-20 16:31:59', 'enim sit amet nunc viverra dapibus nulla suscipit ligula in lacus curabitur at ipsum ac tellus semper');
insert into BOOK_REVIEW (id, book_id, user_id, time, text) values (44, 37, 22, '2020-12-26 02:17:46', 'donec odio justo sollicitudin ut suscipit a feugiat et eros vestibulum ac est lacinia');
insert into BOOK_REVIEW (id, book_id, user_id, time, text) values (45, 16, 11, '2020-03-29 04:52:09', 'id pretium iaculis diam erat fermentum justo nec condimentum neque sapien placerat ante');
insert into BOOK_REVIEW (id, book_id, user_id, time, text) values (46, 28, 21, '2021-02-21 18:57:25', 'viverra dapibus nulla suscipit ligula in lacus curabitur at ipsum ac tellus semper interdum mauris ullamcorper purus sit');
insert into BOOK_REVIEW (id, book_id, user_id, time, text) values (47, 39, 3, '2020-04-28 13:43:58', 'vivamus metus arcu adipiscing molestie hendrerit at vulputate vitae nisl aenean lectus');
insert into BOOK_REVIEW (id, book_id, user_id, time, text) values (48, 58, 15, '2020-08-22 22:03:33', 'metus arcu adipiscing molestie hendrerit at vulputate vitae nisl aenean lectus pellentesque eget');
insert into BOOK_REVIEW (id, book_id, user_id, time, text) values (49, 65, 2, '2021-02-27 17:17:48', 'eu magna vulputate luctus cum sociis natoque penatibus et magnis dis');
insert into BOOK_REVIEW (id, book_id, user_id, time, text) values (50, 3, 14, '2020-07-02 23:44:42', 'justo in hac habitasse platea dictumst etiam faucibus cursus urna ut tellus nulla ut erat');
insert into BOOK_REVIEW (id, book_id, user_id, time, text) values (51, 60, 15, '2021-03-03 01:49:21', 'quam pharetra magna ac consequat metus sapien ut nunc vestibulum ante ipsum primis in faucibus orci luctus et ultrices posuere');
insert into BOOK_REVIEW (id, book_id, user_id, time, text) values (52, 62, 7, '2020-04-27 15:47:46', 'in est risus auctor sed tristique in tempus sit amet sem fusce consequat nulla nisl nunc nisl');
insert into BOOK_REVIEW (id, book_id, user_id, time, text) values (53, 38, 20, '2021-02-11 20:55:39', 'dui luctus rutrum nulla tellus in sagittis dui vel nisl duis ac nibh fusce lacus purus aliquet at');
insert into BOOK_REVIEW (id, book_id, user_id, time, text) values (54, 10, 8, '2020-07-03 21:46:45', 'diam vitae quam suspendisse potenti nullam porttitor lacus at turpis donec posuere metus');
insert into BOOK_REVIEW (id, book_id, user_id, time, text) values (55, 6, 23, '2021-03-18 04:31:16', 'duis bibendum morbi non quam nec dui luctus rutrum nulla tellus in sagittis dui vel nisl duis ac');
insert into BOOK_REVIEW (id, book_id, user_id, time, text) values (56, 53, 18, '2020-10-22 05:53:43', 'eu est congue elementum in hac habitasse platea dictumst morbi vestibulum velit id');
insert into BOOK_REVIEW (id, book_id, user_id, time, text) values (57, 4, 8, '2021-02-18 17:23:31', 'sit amet sem fusce consequat nulla nisl nunc nisl duis bibendum felis sed interdum venenatis turpis enim');
insert into BOOK_REVIEW (id, book_id, user_id, time, text) values (58, 34, 2, '2021-02-28 07:04:10', 'cubilia curae duis faucibus accumsan odio curabitur convallis duis consequat dui nec nisi volutpat eleifend donec');
insert into BOOK_REVIEW (id, book_id, user_id, time, text) values (59, 52, 6, '2021-02-01 08:51:46', 'erat id mauris vulputate elementum nullam varius nulla facilisi cras non velit nec nisi vulputate nonummy maecenas tincidunt lacus at');
insert into BOOK_REVIEW (id, book_id, user_id, time, text) values (60, 3, 14, '2020-05-14 12:58:36', 'tristique est et tempus semper est quam pharetra magna ac consequat metus sapien ut nunc');
insert into BOOK_REVIEW (id, book_id, user_id, time, text) values (61, 5, 15, '2020-10-03 02:00:45', 'quis lectus suspendisse potenti in eleifend quam a odio in');
insert into BOOK_REVIEW (id, book_id, user_id, time, text) values (62, 11, 13, '2021-02-08 13:23:50', 'morbi quis tortor id nulla ultrices aliquet maecenas leo odio condimentum id luctus nec molestie sed');
insert into BOOK_REVIEW (id, book_id, user_id, time, text) values (63, 23, 13, '2020-12-22 03:27:35', 'amet consectetuer adipiscing elit proin risus praesent lectus vestibulum quam sapien varius ut blandit non interdum in ante vestibulum ante');
insert into BOOK_REVIEW (id, book_id, user_id, time, text) values (64, 39, 12, '2020-08-09 04:21:54', 'amet sapien dignissim vestibulum vestibulum ante ipsum primis in faucibus orci luctus et ultrices');
insert into BOOK_REVIEW (id, book_id, user_id, time, text) values (65, 43, 11, '2020-05-20 17:32:13', 'quisque erat eros viverra eget congue eget semper rutrum nulla nunc');
insert into BOOK_REVIEW (id, book_id, user_id, time, text) values (66, 54, 19, '2020-03-23 02:28:46', 'cum sociis natoque penatibus et magnis dis parturient montes nascetur ridiculus');
insert into BOOK_REVIEW (id, book_id, user_id, time, text) values (67, 66, 7, '2021-01-23 17:08:24', 'vestibulum ac est lacinia nisi venenatis tristique fusce congue diam id ornare');
insert into BOOK_REVIEW (id, book_id, user_id, time, text) values (68, 31, 12, '2020-08-13 23:25:09', 'sem sed sagittis nam congue risus semper porta volutpat quam pede lobortis ligula sit amet eleifend pede libero');
insert into BOOK_REVIEW (id, book_id, user_id, time, text) values (69, 10, 3, '2020-10-08 17:57:26', 'congue vivamus metus arcu adipiscing molestie hendrerit at vulputate vitae nisl aenean lectus pellentesque eget nunc');
insert into BOOK_REVIEW (id, book_id, user_id, time, text) values (70, 16, 11, '2020-06-23 11:11:01', 'amet consectetuer adipiscing elit proin interdum mauris non ligula pellentesque');
insert into BOOK_REVIEW (id, book_id, user_id, time, text) values (71, 3, 7, '2020-11-25 19:37:34', 'id turpis integer aliquet massa id lobortis convallis tortor risus dapibus augue vel accumsan tellus nisi eu');
insert into BOOK_REVIEW (id, book_id, user_id, time, text) values (72, 50, 10, '2020-12-25 17:17:12', 'quis tortor id nulla ultrices aliquet maecenas leo odio condimentum id luctus nec molestie sed justo');
insert into BOOK_REVIEW (id, book_id, user_id, time, text) values (73, 27, 8, '2020-11-21 08:23:07', 'ante vel ipsum praesent blandit lacinia erat vestibulum sed magna at nunc commodo placerat praesent');
insert into BOOK_REVIEW (id, book_id, user_id, time, text) values (74, 56, 11, '2020-12-17 19:30:59', 'lorem ipsum dolor sit amet consectetuer adipiscing elit proin interdum mauris non ligula pellentesque ultrices phasellus');
insert into BOOK_REVIEW (id, book_id, user_id, time, text) values (75, 46, 5, '2020-11-12 10:03:29', 'proin risus praesent lectus vestibulum quam sapien varius ut blandit non interdum in');
insert into BOOK_REVIEW (id, book_id, user_id, time, text) values (76, 55, 9, '2020-07-09 17:29:44', 'hac habitasse platea dictumst aliquam augue quam sollicitudin vitae consectetuer eget rutrum at lorem');
insert into BOOK_REVIEW (id, book_id, user_id, time, text) values (77, 14, 16, '2020-04-12 20:15:02', 'phasellus sit amet erat nulla tempus vivamus in felis eu sapien cursus vestibulum proin eu');
insert into BOOK_REVIEW (id, book_id, user_id, time, text) values (78, 24, 1, '2020-05-27 04:14:43', 'ac est lacinia nisi venenatis tristique fusce congue diam id');
insert into BOOK_REVIEW (id, book_id, user_id, time, text) values (79, 18, 1, '2020-04-27 15:53:23', 'nascetur ridiculus mus etiam vel augue vestibulum rutrum rutrum neque aenean auctor gravida');
insert into BOOK_REVIEW (id, book_id, user_id, time, text) values (80, 6, 10, '2020-04-06 19:06:30', 'nulla integer pede justo lacinia eget tincidunt eget tempus vel pede morbi porttitor lorem');
insert into BOOK_REVIEW (id, book_id, user_id, time, text) values (81, 22, 8, '2021-02-13 21:49:08', 'pede venenatis non sodales sed tincidunt eu felis fusce posuere felis sed lacus morbi sem mauris laoreet ut rhoncus aliquet');
insert into BOOK_REVIEW (id, book_id, user_id, time, text) values (82, 49, 23, '2020-10-07 10:45:26', 'odio elementum eu interdum eu tincidunt in leo maecenas pulvinar lobortis est phasellus sit amet erat');
insert into BOOK_REVIEW (id, book_id, user_id, time, text) values (83, 54, 9, '2020-05-14 08:20:40', 'vivamus tortor duis mattis egestas metus aenean fermentum donec ut mauris eget massa tempor convallis nulla neque libero convallis');
insert into BOOK_REVIEW (id, book_id, user_id, time, text) values (84, 62, 20, '2020-03-21 15:21:57', 'posuere nonummy integer non velit donec diam neque vestibulum eget vulputate ut ultrices');
insert into BOOK_REVIEW (id, book_id, user_id, time, text) values (85, 58, 8, '2020-10-29 21:26:34', 'erat vestibulum sed magna at nunc commodo placerat praesent blandit nam nulla');
insert into BOOK_REVIEW (id, book_id, user_id, time, text) values (86, 24, 15, '2020-12-27 23:55:20', 'lacinia aenean sit amet justo morbi ut odio cras mi pede malesuada in imperdiet');
insert into BOOK_REVIEW (id, book_id, user_id, time, text) values (87, 51, 22, '2020-11-01 19:23:10', 'leo maecenas pulvinar lobortis est phasellus sit amet erat nulla tempus vivamus in felis eu sapien');
insert into BOOK_REVIEW (id, book_id, user_id, time, text) values (88, 35, 21, '2020-07-10 01:23:48', 'ultrices posuere cubilia curae donec pharetra magna vestibulum aliquet ultrices erat tortor sollicitudin mi sit amet lobortis sapien');
insert into BOOK_REVIEW (id, book_id, user_id, time, text) values (89, 43, 13, '2020-04-06 03:37:01', 'felis eu sapien cursus vestibulum proin eu mi nulla ac enim in tempor turpis nec euismod scelerisque');
insert into BOOK_REVIEW (id, book_id, user_id, time, text) values (90, 37, 23, '2020-08-19 08:07:50', 'volutpat quam pede lobortis ligula sit amet eleifend pede libero quis orci nullam molestie nibh in');
insert into BOOK_REVIEW (id, book_id, user_id, time, text) values (91, 41, 9, '2020-09-28 06:16:24', 'eu massa donec dapibus duis at velit eu est congue elementum in hac habitasse platea dictumst morbi vestibulum velit id');
insert into BOOK_REVIEW (id, book_id, user_id, time, text) values (92, 16, 9, '2020-07-08 05:50:58', 'aliquam non mauris morbi non lectus aliquam sit amet diam in magna bibendum imperdiet nullam orci pede venenatis');
insert into BOOK_REVIEW (id, book_id, user_id, time, text) values (93, 63, 3, '2020-10-09 08:02:36', 'ultrices erat tortor sollicitudin mi sit amet lobortis sapien sapien non mi integer');
insert into BOOK_REVIEW (id, book_id, user_id, time, text) values (94, 36, 21, '2020-04-21 04:04:30', 'vitae nisl aenean lectus pellentesque eget nunc donec quis orci');
insert into BOOK_REVIEW (id, book_id, user_id, time, text) values (95, 19, 12, '2020-03-19 10:01:19', 'in hac habitasse platea dictumst etiam faucibus cursus urna ut');
insert into BOOK_REVIEW (id, book_id, user_id, time, text) values (96, 1, 11, '2021-01-19 02:28:34', 'luctus ultricies eu nibh quisque id justo sit amet sapien dignissim vestibulum');
insert into BOOK_REVIEW (id, book_id, user_id, time, text) values (97, 60, 14, '2020-08-07 15:26:58', 'et commodo vulputate justo in blandit ultrices enim lorem ipsum');
insert into BOOK_REVIEW (id, book_id, user_id, time, text) values (98, 39, 9, '2020-04-28 23:43:50', 'dui vel sem sed sagittis nam congue risus semper porta volutpat quam pede lobortis ligula sit amet eleifend pede');
insert into BOOK_REVIEW (id, book_id, user_id, time, text) values (99, 42, 1, '2020-09-01 13:02:13', 'tellus nulla ut erat id mauris vulputate elementum nullam varius nulla facilisi cras non velit nec nisi vulputate nonummy maecenas');
insert into BOOK_REVIEW (id, book_id, user_id, time, text) values (100, 8, 6, '2020-07-31 05:46:14', 'dolor morbi vel lectus in quam fringilla rhoncus mauris enim leo');
insert into BOOK_REVIEW (id, book_id, user_id, time, text) values (101, 63, 12, '2020-07-09 04:53:55', 'habitasse platea dictumst maecenas ut massa quis augue luctus tincidunt nulla mollis molestie lorem quisque ut erat curabitur');
insert into BOOK_REVIEW (id, book_id, user_id, time, text) values (102, 57, 11, '2020-12-31 07:30:06', 'tempus semper est quam pharetra magna ac consequat metus sapien ut nunc vestibulum ante ipsum primis in faucibus orci luctus');
insert into BOOK_REVIEW (id, book_id, user_id, time, text) values (103, 33, 11, '2020-12-02 09:36:59', 'metus vitae ipsum aliquam non mauris morbi non lectus aliquam sit amet diam');
insert into BOOK_REVIEW (id, book_id, user_id, time, text) values (104, 57, 13, '2020-06-18 03:58:42', 'nascetur ridiculus mus vivamus vestibulum sagittis sapien cum sociis natoque');
insert into BOOK_REVIEW (id, book_id, user_id, time, text) values (105, 18, 22, '2021-03-16 13:52:06', 'eros viverra eget congue eget semper rutrum nulla nunc purus phasellus');
insert into BOOK_REVIEW (id, book_id, user_id, time, text) values (106, 33, 1, '2020-05-08 14:13:37', 'donec odio justo sollicitudin ut suscipit a feugiat et eros vestibulum ac est');
insert into BOOK_REVIEW (id, book_id, user_id, time, text) values (107, 59, 7, '2021-02-26 01:54:44', 'vulputate justo in blandit ultrices enim lorem ipsum dolor sit amet consectetuer adipiscing elit proin interdum mauris non');
insert into BOOK_REVIEW (id, book_id, user_id, time, text) values (108, 29, 8, '2020-03-31 22:05:16', 'nulla tellus in sagittis dui vel nisl duis ac nibh');
insert into BOOK_REVIEW (id, book_id, user_id, time, text) values (109, 45, 22, '2020-03-27 05:11:50', 'ultrices posuere cubilia curae donec pharetra magna vestibulum aliquet ultrices erat tortor sollicitudin');
insert into BOOK_REVIEW (id, book_id, user_id, time, text) values (110, 23, 4, '2020-05-16 21:49:59', 'in felis eu sapien cursus vestibulum proin eu mi nulla ac');
insert into BOOK_REVIEW (id, book_id, user_id, time, text) values (111, 28, 15, '2021-03-06 15:36:48', 'ridiculus mus etiam vel augue vestibulum rutrum rutrum neque aenean auctor gravida sem praesent id');
insert into BOOK_REVIEW (id, book_id, user_id, time, text) values (112, 23, 8, '2021-02-24 09:15:23', 'placerat ante nulla justo aliquam quis turpis eget elit sodales scelerisque mauris sit amet eros suspendisse accumsan tortor');
insert into BOOK_REVIEW (id, book_id, user_id, time, text) values (113, 5, 11, '2020-12-22 03:32:13', 'amet diam in magna bibendum imperdiet nullam orci pede venenatis non sodales sed tincidunt');
insert into BOOK_REVIEW (id, book_id, user_id, time, text) values (114, 55, 22, '2020-04-15 08:19:06', 'eu est congue elementum in hac habitasse platea dictumst morbi');
insert into BOOK_REVIEW (id, book_id, user_id, time, text) values (115, 27, 10, '2020-04-19 14:04:42', 'faucibus accumsan odio curabitur convallis duis consequat dui nec nisi volutpat eleifend donec ut dolor');
insert into BOOK_REVIEW (id, book_id, user_id, time, text) values (116, 43, 3, '2020-10-03 00:04:01', 'posuere cubilia curae nulla dapibus dolor vel est donec odio justo sollicitudin ut');
insert into BOOK_REVIEW (id, book_id, user_id, time, text) values (117, 37, 7, '2020-06-04 20:50:33', 'enim leo rhoncus sed vestibulum sit amet cursus id turpis integer aliquet massa id lobortis convallis');
insert into BOOK_REVIEW (id, book_id, user_id, time, text) values (118, 40, 5, '2021-02-28 02:23:07', 'potenti cras in purus eu magna vulputate luctus cum sociis natoque penatibus et');
insert into BOOK_REVIEW (id, book_id, user_id, time, text) values (119, 67, 17, '2020-12-15 16:40:31', 'convallis nulla neque libero convallis eget eleifend luctus ultricies eu nibh quisque id justo sit amet sapien');
insert into BOOK_REVIEW (id, book_id, user_id, time, text) values (120, 10, 7, '2020-12-06 19:22:57', 'venenatis turpis enim blandit mi in porttitor pede justo eu massa donec dapibus duis at velit eu est congue elementum');
insert into BOOK_REVIEW (id, book_id, user_id, time, text) values (121, 54, 8, '2020-05-20 21:05:49', 'arcu sed augue aliquam erat volutpat in congue etiam justo etiam pretium iaculis justo in hac habitasse platea dictumst');
insert into BOOK_REVIEW (id, book_id, user_id, time, text) values (122, 54, 1, '2020-09-25 20:30:35', 'mauris viverra diam vitae quam suspendisse potenti nullam porttitor lacus at turpis donec posuere metus vitae ipsum aliquam');
insert into BOOK_REVIEW (id, book_id, user_id, time, text) values (123, 20, 5, '2020-10-31 23:11:28', 'nunc viverra dapibus nulla suscipit ligula in lacus curabitur at ipsum ac tellus semper interdum mauris ullamcorper');
insert into BOOK_REVIEW (id, book_id, user_id, time, text) values (124, 44, 1, '2020-09-01 15:26:37', 'eu sapien cursus vestibulum proin eu mi nulla ac enim in tempor');
insert into BOOK_REVIEW (id, book_id, user_id, time, text) values (125, 20, 11, '2020-06-30 00:29:19', 'in porttitor pede justo eu massa donec dapibus duis at');
insert into BOOK_REVIEW (id, book_id, user_id, time, text) values (126, 31, 9, '2020-11-07 13:42:11', 'scelerisque quam turpis adipiscing lorem vitae mattis nibh ligula nec sem duis aliquam convallis nunc proin at turpis a pede');
insert into BOOK_REVIEW (id, book_id, user_id, time, text) values (127, 34, 8, '2020-04-12 18:46:42', 'vel accumsan tellus nisi eu orci mauris lacinia sapien quis libero nullam sit amet turpis');
insert into BOOK_REVIEW (id, book_id, user_id, time, text) values (128, 56, 8, '2021-02-10 18:35:50', 'pretium iaculis justo in hac habitasse platea dictumst etiam faucibus cursus urna ut tellus nulla ut');
insert into BOOK_REVIEW (id, book_id, user_id, time, text) values (129, 21, 9, '2021-01-10 06:31:06', 'eu orci mauris lacinia sapien quis libero nullam sit amet turpis');
insert into BOOK_REVIEW (id, book_id, user_id, time, text) values (130, 62, 8, '2020-10-20 10:19:03', 'eu massa donec dapibus duis at velit eu est congue elementum in hac habitasse platea dictumst morbi vestibulum velit id');
insert into BOOK_REVIEW (id, book_id, user_id, time, text) values (131, 54, 11, '2020-05-26 11:10:52', 'sit amet justo morbi ut odio cras mi pede malesuada');
insert into BOOK_REVIEW (id, book_id, user_id, time, text) values (132, 11, 9, '2020-07-06 01:41:19', 'at velit vivamus vel nulla eget eros elementum pellentesque quisque porta volutpat erat quisque erat eros viverra');
insert into BOOK_REVIEW (id, book_id, user_id, time, text) values (133, 17, 15, '2020-08-18 20:28:16', 'dolor quis odio consequat varius integer ac leo pellentesque ultrices mattis odio donec vitae nisi nam ultrices libero');
insert into BOOK_REVIEW (id, book_id, user_id, time, text) values (134, 65, 11, '2020-08-10 04:45:02', 'platea dictumst maecenas ut massa quis augue luctus tincidunt nulla mollis molestie lorem');
insert into BOOK_REVIEW (id, book_id, user_id, time, text) values (135, 1, 12, '2020-10-21 11:57:53', 'tellus nulla ut erat id mauris vulputate elementum nullam varius nulla facilisi cras non velit nec nisi vulputate');
insert into BOOK_REVIEW (id, book_id, user_id, time, text) values (136, 67, 16, '2021-03-17 01:45:00', 'diam vitae quam suspendisse potenti nullam porttitor lacus at turpis donec posuere');
insert into BOOK_REVIEW (id, book_id, user_id, time, text) values (137, 38, 20, '2020-07-13 20:46:25', 'dignissim vestibulum vestibulum ante ipsum primis in faucibus orci luctus et ultrices posuere cubilia curae nulla dapibus');
insert into BOOK_REVIEW (id, book_id, user_id, time, text) values (138, 30, 21, '2020-11-21 04:01:39', 'lacus at turpis donec posuere metus vitae ipsum aliquam non mauris morbi non lectus aliquam sit amet diam in');
insert into BOOK_REVIEW (id, book_id, user_id, time, text) values (139, 6, 11, '2020-08-17 12:24:11', 'eu sapien cursus vestibulum proin eu mi nulla ac enim in tempor turpis nec euismod scelerisque quam turpis adipiscing');
insert into BOOK_REVIEW (id, book_id, user_id, time, text) values (140, 37, 14, '2020-11-28 05:37:29', 'consequat ut nulla sed accumsan felis ut at dolor quis');
insert into BOOK_REVIEW (id, book_id, user_id, time, text) values (141, 19, 14, '2020-11-10 08:17:01', 'integer non velit donec diam neque vestibulum eget vulputate ut ultrices vel augue vestibulum');
insert into BOOK_REVIEW (id, book_id, user_id, time, text) values (142, 47, 8, '2020-05-14 02:33:49', 'curabitur at ipsum ac tellus semper interdum mauris ullamcorper purus sit amet nulla quisque arcu libero rutrum ac lobortis vel');
insert into BOOK_REVIEW (id, book_id, user_id, time, text) values (143, 25, 23, '2020-11-28 15:19:31', 'elementum eu interdum eu tincidunt in leo maecenas pulvinar lobortis est phasellus sit amet erat nulla tempus vivamus');
insert into BOOK_REVIEW (id, book_id, user_id, time, text) values (144, 37, 16, '2020-07-29 13:15:32', 'donec dapibus duis at velit eu est congue elementum in hac habitasse platea dictumst morbi vestibulum velit id');
insert into BOOK_REVIEW (id, book_id, user_id, time, text) values (145, 49, 2, '2020-12-25 22:05:03', 'viverra pede ac diam cras pellentesque volutpat dui maecenas tristique est et tempus');
insert into BOOK_REVIEW (id, book_id, user_id, time, text) values (146, 33, 13, '2020-07-31 20:31:07', 'nibh in hac habitasse platea dictumst aliquam augue quam sollicitudin vitae consectetuer eget rutrum at lorem integer');
insert into BOOK_REVIEW (id, book_id, user_id, time, text) values (147, 11, 21, '2020-03-27 15:39:04', 'felis eu sapien cursus vestibulum proin eu mi nulla ac enim in tempor turpis nec euismod scelerisque quam');
insert into BOOK_REVIEW (id, book_id, user_id, time, text) values (148, 2, 7, '2020-08-21 00:40:25', 'est lacinia nisi venenatis tristique fusce congue diam id ornare imperdiet sapien urna');
insert into BOOK_REVIEW (id, book_id, user_id, time, text) values (149, 18, 19, '2020-08-06 19:45:41', 'lorem integer tincidunt ante vel ipsum praesent blandit lacinia erat vestibulum sed magna at nunc');
insert into BOOK_REVIEW (id, book_id, user_id, time, text) values (150, 8, 4, '2020-09-06 05:25:04', 'lectus vestibulum quam sapien varius ut blandit non interdum in ante vestibulum ante ipsum primis in faucibus orci luctus');
insert into BOOK_REVIEW (id, book_id, user_id, time, text) values (151, 18, 13, '2020-07-16 11:06:30', 'fusce lacus purus aliquet at feugiat non pretium quis lectus suspendisse');
insert into BOOK_REVIEW (id, book_id, user_id, time, text) values (152, 65, 2, '2020-09-05 03:45:58', 'semper rutrum nulla nunc purus phasellus in felis donec semper sapien a libero nam dui');
insert into BOOK_REVIEW (id, book_id, user_id, time, text) values (153, 34, 22, '2020-09-24 15:58:53', 'cursus id turpis integer aliquet massa id lobortis convallis tortor risus dapibus augue vel accumsan tellus');
insert into BOOK_REVIEW (id, book_id, user_id, time, text) values (154, 6, 2, '2020-03-29 12:18:32', 'vehicula consequat morbi a ipsum integer a nibh in quis justo maecenas rhoncus aliquam lacus morbi');
insert into BOOK_REVIEW (id, book_id, user_id, time, text) values (155, 28, 22, '2020-08-12 15:48:18', 'morbi porttitor lorem id ligula suspendisse ornare consequat lectus in est risus auctor sed tristique in tempus sit amet');
insert into BOOK_REVIEW (id, book_id, user_id, time, text) values (156, 59, 1, '2020-12-06 02:55:12', 'in eleifend quam a odio in hac habitasse platea dictumst maecenas ut massa quis augue luctus tincidunt nulla');
insert into BOOK_REVIEW (id, book_id, user_id, time, text) values (157, 19, 1, '2020-08-19 10:02:19', 'in eleifend quam a odio in hac habitasse platea dictumst maecenas ut massa');
insert into BOOK_REVIEW (id, book_id, user_id, time, text) values (158, 27, 8, '2021-01-29 13:25:12', 'faucibus accumsan odio curabitur convallis duis consequat dui nec nisi volutpat eleifend donec ut dolor morbi');
insert into BOOK_REVIEW (id, book_id, user_id, time, text) values (159, 63, 15, '2020-05-14 17:06:47', 'odio cras mi pede malesuada in imperdiet et commodo vulputate justo in');
insert into BOOK_REVIEW (id, book_id, user_id, time, text) values (160, 36, 15, '2020-09-03 14:09:22', 'mi sit amet lobortis sapien sapien non mi integer ac neque duis');
insert into BOOK_REVIEW (id, book_id, user_id, time, text) values (161, 42, 10, '2020-12-03 05:52:37', 'nulla ultrices aliquet maecenas leo odio condimentum id luctus nec molestie sed justo');
insert into BOOK_REVIEW (id, book_id, user_id, time, text) values (162, 2, 4, '2021-03-09 04:25:23', 'convallis eget eleifend luctus ultricies eu nibh quisque id justo');
insert into BOOK_REVIEW (id, book_id, user_id, time, text) values (163, 7, 12, '2020-08-25 14:34:02', 'convallis nunc proin at turpis a pede posuere nonummy integer non velit donec diam');
insert into BOOK_REVIEW (id, book_id, user_id, time, text) values (164, 55, 18, '2020-09-09 09:19:11', 'varius nulla facilisi cras non velit nec nisi vulputate nonummy');
insert into BOOK_REVIEW (id, book_id, user_id, time, text) values (165, 52, 11, '2021-02-12 14:58:28', 'cursus id turpis integer aliquet massa id lobortis convallis tortor risus dapibus augue');
insert into BOOK_REVIEW (id, book_id, user_id, time, text) values (166, 41, 22, '2020-06-11 01:24:52', 'justo etiam pretium iaculis justo in hac habitasse platea dictumst etiam faucibus cursus urna ut tellus nulla ut');
insert into BOOK_REVIEW (id, book_id, user_id, time, text) values (167, 45, 8, '2020-06-06 18:11:04', 'dis parturient montes nascetur ridiculus mus etiam vel augue vestibulum rutrum rutrum neque aenean auctor gravida sem praesent');
insert into BOOK_REVIEW (id, book_id, user_id, time, text) values (168, 32, 16, '2020-04-22 02:28:05', 'congue elementum in hac habitasse platea dictumst morbi vestibulum velit id pretium iaculis diam erat fermentum justo nec');
insert into BOOK_REVIEW (id, book_id, user_id, time, text) values (169, 51, 15, '2020-12-18 21:31:08', 'eget tincidunt eget tempus vel pede morbi porttitor lorem id ligula suspendisse ornare consequat lectus in est risus');
insert into BOOK_REVIEW (id, book_id, user_id, time, text) values (170, 42, 6, '2020-05-21 21:26:24', 'phasellus id sapien in sapien iaculis congue vivamus metus arcu adipiscing');
insert into BOOK_REVIEW (id, book_id, user_id, time, text) values (171, 62, 20, '2020-11-05 21:55:11', 'ac nibh fusce lacus purus aliquet at feugiat non pretium quis lectus suspendisse potenti in eleifend quam a');
insert into BOOK_REVIEW (id, book_id, user_id, time, text) values (172, 45, 15, '2020-04-07 04:18:55', 'magna bibendum imperdiet nullam orci pede venenatis non sodales sed tincidunt eu felis fusce posuere felis sed lacus');
insert into BOOK_REVIEW (id, book_id, user_id, time, text) values (173, 63, 6, '2020-09-20 18:52:11', 'elementum eu interdum eu tincidunt in leo maecenas pulvinar lobortis est');
insert into BOOK_REVIEW (id, book_id, user_id, time, text) values (174, 5, 11, '2020-08-09 16:30:32', 'augue vel accumsan tellus nisi eu orci mauris lacinia sapien quis libero nullam sit amet turpis elementum ligula vehicula');
insert into BOOK_REVIEW (id, book_id, user_id, time, text) values (175, 65, 12, '2020-08-06 18:02:26', 'etiam pretium iaculis justo in hac habitasse platea dictumst etiam faucibus cursus urna ut tellus nulla ut erat id');
insert into BOOK_REVIEW (id, book_id, user_id, time, text) values (176, 35, 10, '2021-01-05 09:07:10', 'vivamus metus arcu adipiscing molestie hendrerit at vulputate vitae nisl aenean lectus pellentesque eget nunc');
insert into BOOK_REVIEW (id, book_id, user_id, time, text) values (177, 59, 15, '2020-04-23 00:44:16', 'platea dictumst etiam faucibus cursus urna ut tellus nulla ut erat id');
insert into BOOK_REVIEW (id, book_id, user_id, time, text) values (178, 38, 22, '2021-01-19 23:03:54', 'blandit mi in porttitor pede justo eu massa donec dapibus duis at velit eu est congue elementum in hac');
insert into BOOK_REVIEW (id, book_id, user_id, time, text) values (179, 18, 6, '2020-08-21 07:15:15', 'nec nisi vulputate nonummy maecenas tincidunt lacus at velit vivamus vel nulla eget eros elementum pellentesque quisque porta volutpat');
insert into BOOK_REVIEW (id, book_id, user_id, time, text) values (180, 42, 1, '2020-05-04 08:45:19', 'posuere cubilia curae nulla dapibus dolor vel est donec odio justo sollicitudin ut suscipit a feugiat et eros');
insert into BOOK_REVIEW (id, book_id, user_id, time, text) values (181, 21, 21, '2020-05-06 16:50:00', 'luctus nec molestie sed justo pellentesque viverra pede ac diam cras pellentesque volutpat dui maecenas tristique est et');
insert into BOOK_REVIEW (id, book_id, user_id, time, text) values (182, 27, 4, '2021-03-07 00:33:23', 'placerat praesent blandit nam nulla integer pede justo lacinia eget tincidunt eget tempus vel pede morbi porttitor lorem id ligula');
insert into BOOK_REVIEW (id, book_id, user_id, time, text) values (183, 22, 10, '2020-05-05 13:23:28', 'viverra diam vitae quam suspendisse potenti nullam porttitor lacus at turpis donec posuere metus vitae ipsum');
insert into BOOK_REVIEW (id, book_id, user_id, time, text) values (184, 12, 19, '2021-03-12 15:35:28', 'potenti in eleifend quam a odio in hac habitasse platea dictumst maecenas ut massa');
insert into BOOK_REVIEW (id, book_id, user_id, time, text) values (185, 62, 13, '2020-10-15 03:42:25', 'in imperdiet et commodo vulputate justo in blandit ultrices enim lorem ipsum dolor sit amet');
insert into BOOK_REVIEW (id, book_id, user_id, time, text) values (186, 54, 11, '2020-06-06 23:29:09', 'ut erat curabitur gravida nisi at nibh in hac habitasse platea dictumst aliquam augue quam sollicitudin');
insert into BOOK_REVIEW (id, book_id, user_id, time, text) values (187, 38, 11, '2020-11-06 04:32:11', 'adipiscing lorem vitae mattis nibh ligula nec sem duis aliquam convallis nunc proin at turpis a pede');
insert into BOOK_REVIEW (id, book_id, user_id, time, text) values (188, 6, 1, '2020-12-10 00:35:01', 'etiam justo etiam pretium iaculis justo in hac habitasse platea dictumst etiam faucibus cursus');
insert into BOOK_REVIEW (id, book_id, user_id, time, text) values (189, 61, 14, '2020-07-28 19:30:06', 'libero convallis eget eleifend luctus ultricies eu nibh quisque id justo sit amet sapien dignissim vestibulum vestibulum ante');
insert into BOOK_REVIEW (id, book_id, user_id, time, text) values (190, 5, 2, '2020-08-18 15:18:39', 'ante nulla justo aliquam quis turpis eget elit sodales scelerisque mauris sit amet eros suspendisse accumsan tortor quis');
insert into BOOK_REVIEW (id, book_id, user_id, time, text) values (191, 23, 5, '2020-09-22 18:46:32', 'id nulla ultrices aliquet maecenas leo odio condimentum id luctus nec molestie sed justo pellentesque viverra pede ac');
insert into BOOK_REVIEW (id, book_id, user_id, time, text) values (192, 57, 11, '2021-01-07 11:53:53', 'in est risus auctor sed tristique in tempus sit amet sem fusce consequat nulla nisl nunc');
insert into BOOK_REVIEW (id, book_id, user_id, time, text) values (193, 59, 3, '2020-06-17 20:18:19', 'aliquam convallis nunc proin at turpis a pede posuere nonummy integer non velit');
insert into BOOK_REVIEW (id, book_id, user_id, time, text) values (194, 33, 17, '2020-10-26 13:15:02', 'dui maecenas tristique est et tempus semper est quam pharetra magna ac');
insert into BOOK_REVIEW (id, book_id, user_id, time, text) values (195, 59, 5, '2021-03-02 01:44:07', 'quam pede lobortis ligula sit amet eleifend pede libero quis orci nullam molestie nibh in lectus');
insert into BOOK_REVIEW (id, book_id, user_id, time, text) values (196, 35, 2, '2021-03-18 06:31:14', 'justo eu massa donec dapibus duis at velit eu est');
insert into BOOK_REVIEW (id, book_id, user_id, time, text) values (197, 54, 8, '2020-11-09 16:36:06', 'mus etiam vel augue vestibulum rutrum rutrum neque aenean auctor gravida sem praesent id massa');
insert into BOOK_REVIEW (id, book_id, user_id, time, text) values (198, 43, 21, '2020-10-22 02:28:04', 'erat curabitur gravida nisi at nibh in hac habitasse platea dictumst aliquam augue quam sollicitudin');
insert into BOOK_REVIEW (id, book_id, user_id, time, text) values (199, 39, 11, '2020-11-08 01:14:26', 'eros elementum pellentesque quisque porta volutpat erat quisque erat eros viverra eget congue');
insert into BOOK_REVIEW (id, book_id, user_id, time, text) values (200, 43, 17, '2021-03-03 15:26:56', 'sapien quis libero nullam sit amet turpis elementum ligula vehicula consequat morbi a ipsum integer a nibh in quis');
insert into BOOK_REVIEW (id, book_id, user_id, time, text) values (201, 26, 3, '2020-06-20 13:36:11', 'nibh in lectus pellentesque at nulla suspendisse potenti cras in purus eu magna vulputate luctus cum sociis');
insert into BOOK_REVIEW (id, book_id, user_id, time, text) values (202, 11, 6, '2020-03-30 08:14:40', 'integer pede justo lacinia eget tincidunt eget tempus vel pede morbi porttitor lorem id ligula suspendisse ornare consequat');
insert into BOOK_REVIEW (id, book_id, user_id, time, text) values (203, 25, 6, '2020-08-23 13:09:28', 'volutpat sapien arcu sed augue aliquam erat volutpat in congue etiam justo etiam');
insert into BOOK_REVIEW (id, book_id, user_id, time, text) values (204, 12, 19, '2021-02-17 11:38:42', 'faucibus cursus urna ut tellus nulla ut erat id mauris vulputate elementum nullam');
insert into BOOK_REVIEW (id, book_id, user_id, time, text) values (205, 30, 1, '2020-05-15 00:00:49', 'nisl duis bibendum felis sed interdum venenatis turpis enim blandit mi in porttitor pede justo eu');
insert into BOOK_REVIEW (id, book_id, user_id, time, text) values (206, 44, 8, '2020-08-19 23:48:22', 'curae donec pharetra magna vestibulum aliquet ultrices erat tortor sollicitudin mi sit amet lobortis sapien sapien non');
insert into BOOK_REVIEW (id, book_id, user_id, time, text) values (207, 33, 2, '2020-10-22 15:59:02', 'sed augue aliquam erat volutpat in congue etiam justo etiam pretium');
insert into BOOK_REVIEW (id, book_id, user_id, time, text) values (208, 5, 9, '2021-01-08 08:05:56', 'orci eget orci vehicula condimentum curabitur in libero ut massa volutpat convallis morbi odio odio elementum eu interdum');
insert into BOOK_REVIEW (id, book_id, user_id, time, text) values (209, 66, 18, '2021-02-07 10:43:48', 'velit donec diam neque vestibulum eget vulputate ut ultrices vel augue vestibulum');
insert into BOOK_REVIEW (id, book_id, user_id, time, text) values (210, 20, 4, '2020-10-28 08:16:23', 'rutrum nulla tellus in sagittis dui vel nisl duis ac nibh fusce lacus purus aliquet');
insert into BOOK_REVIEW (id, book_id, user_id, time, text) values (211, 29, 23, '2020-08-16 11:45:27', 'eget elit sodales scelerisque mauris sit amet eros suspendisse accumsan');
insert into BOOK_REVIEW (id, book_id, user_id, time, text) values (212, 62, 15, '2020-10-06 13:28:30', 'quam suspendisse potenti nullam porttitor lacus at turpis donec posuere metus vitae ipsum aliquam');
insert into BOOK_REVIEW (id, book_id, user_id, time, text) values (213, 35, 14, '2020-07-02 23:25:38', 'orci mauris lacinia sapien quis libero nullam sit amet turpis elementum');
insert into BOOK_REVIEW (id, book_id, user_id, time, text) values (214, 21, 9, '2020-07-29 07:17:39', 'nibh in hac habitasse platea dictumst aliquam augue quam sollicitudin');
insert into BOOK_REVIEW (id, book_id, user_id, time, text) values (215, 65, 12, '2020-08-31 13:23:48', 'donec posuere metus vitae ipsum aliquam non mauris morbi non lectus aliquam');
insert into BOOK_REVIEW (id, book_id, user_id, time, text) values (216, 13, 10, '2020-11-07 18:31:22', 'lectus pellentesque eget nunc donec quis orci eget orci vehicula');
insert into BOOK_REVIEW (id, book_id, user_id, time, text) values (217, 63, 23, '2020-11-10 02:10:31', 'donec pharetra magna vestibulum aliquet ultrices erat tortor sollicitudin mi sit amet lobortis sapien sapien non');
insert into BOOK_REVIEW (id, book_id, user_id, time, text) values (218, 47, 6, '2020-04-09 11:53:56', 'aliquam lacus morbi quis tortor id nulla ultrices aliquet maecenas leo odio condimentum id luctus nec molestie sed');
insert into BOOK_REVIEW (id, book_id, user_id, time, text) values (219, 20, 3, '2020-08-16 11:25:51', 'nibh in lectus pellentesque at nulla suspendisse potenti cras in purus eu magna vulputate');
insert into BOOK_REVIEW (id, book_id, user_id, time, text) values (220, 7, 11, '2020-11-16 20:50:48', 'nisl ut volutpat sapien arcu sed augue aliquam erat volutpat in congue etiam');
insert into BOOK_REVIEW (id, book_id, user_id, time, text) values (221, 14, 6, '2020-10-13 17:45:12', 'vestibulum ac est lacinia nisi venenatis tristique fusce congue diam id');
insert into BOOK_REVIEW (id, book_id, user_id, time, text) values (222, 47, 19, '2021-02-24 20:33:39', 'mauris non ligula pellentesque ultrices phasellus id sapien in sapien iaculis congue vivamus metus arcu');
insert into BOOK_REVIEW (id, book_id, user_id, time, text) values (223, 61, 18, '2020-12-02 20:31:19', 'sem praesent id massa id nisl venenatis lacinia aenean sit amet justo morbi ut odio cras mi');
insert into BOOK_REVIEW (id, book_id, user_id, time, text) values (224, 36, 19, '2020-09-11 15:17:58', 'ut tellus nulla ut erat id mauris vulputate elementum nullam varius nulla facilisi cras non velit nec nisi vulputate nonummy');
insert into BOOK_REVIEW (id, book_id, user_id, time, text) values (225, 66, 21, '2021-02-09 01:46:30', 'eget semper rutrum nulla nunc purus phasellus in felis donec semper sapien a libero nam dui');
insert into BOOK_REVIEW (id, book_id, user_id, time, text) values (226, 53, 9, '2021-01-05 10:21:06', 'ipsum primis in faucibus orci luctus et ultrices posuere cubilia curae nulla dapibus dolor vel est donec odio');
insert into BOOK_REVIEW (id, book_id, user_id, time, text) values (227, 33, 23, '2021-03-16 15:17:00', 'odio donec vitae nisi nam ultrices libero non mattis pulvinar nulla pede ullamcorper augue a suscipit');
insert into BOOK_REVIEW (id, book_id, user_id, time, text) values (228, 35, 15, '2020-10-05 08:03:16', 'faucibus orci luctus et ultrices posuere cubilia curae nulla dapibus dolor vel est donec odio justo');
insert into BOOK_REVIEW (id, book_id, user_id, time, text) values (229, 44, 11, '2021-02-07 22:18:57', 'pellentesque at nulla suspendisse potenti cras in purus eu magna vulputate');
insert into BOOK_REVIEW (id, book_id, user_id, time, text) values (230, 37, 16, '2021-03-13 08:14:41', 'vitae quam suspendisse potenti nullam porttitor lacus at turpis donec');
insert into BOOK_REVIEW (id, book_id, user_id, time, text) values (231, 18, 20, '2020-10-02 21:58:31', 'tortor quis turpis sed ante vivamus tortor duis mattis egestas metus aenean fermentum');
insert into BOOK_REVIEW (id, book_id, user_id, time, text) values (232, 36, 16, '2020-07-27 20:17:41', 'congue diam id ornare imperdiet sapien urna pretium nisl ut volutpat sapien arcu sed augue aliquam');
insert into BOOK_REVIEW (id, book_id, user_id, time, text) values (233, 56, 11, '2020-08-06 11:41:39', 'eu magna vulputate luctus cum sociis natoque penatibus et magnis dis parturient montes nascetur ridiculus mus vivamus vestibulum sagittis');
insert into BOOK_REVIEW (id, book_id, user_id, time, text) values (234, 56, 9, '2020-07-27 07:17:32', 'tellus semper interdum mauris ullamcorper purus sit amet nulla quisque arcu libero rutrum ac lobortis vel dapibus at');
insert into BOOK_REVIEW (id, book_id, user_id, time, text) values (235, 32, 6, '2020-05-18 19:54:29', 'in consequat ut nulla sed accumsan felis ut at dolor quis odio consequat varius integer ac leo pellentesque');
insert into BOOK_REVIEW (id, book_id, user_id, time, text) values (236, 42, 7, '2020-09-03 17:21:27', 'dolor vel est donec odio justo sollicitudin ut suscipit a feugiat et eros vestibulum ac est');
insert into BOOK_REVIEW (id, book_id, user_id, time, text) values (237, 41, 15, '2020-09-21 15:47:43', 'libero convallis eget eleifend luctus ultricies eu nibh quisque id justo sit amet sapien dignissim');
insert into BOOK_REVIEW (id, book_id, user_id, time, text) values (238, 13, 22, '2020-12-24 05:07:37', 'interdum mauris ullamcorper purus sit amet nulla quisque arcu libero rutrum ac lobortis vel');
insert into BOOK_REVIEW (id, book_id, user_id, time, text) values (239, 10, 16, '2020-07-27 18:56:52', 'in quis justo maecenas rhoncus aliquam lacus morbi quis tortor id nulla ultrices aliquet');
insert into BOOK_REVIEW (id, book_id, user_id, time, text) values (240, 64, 10, '2021-03-07 21:15:41', 'vivamus metus arcu adipiscing molestie hendrerit at vulputate vitae nisl aenean lectus pellentesque eget nunc donec');
insert into BOOK_REVIEW (id, book_id, user_id, time, text) values (241, 46, 7, '2021-03-14 16:12:31', 'erat eros viverra eget congue eget semper rutrum nulla nunc purus phasellus in felis donec semper sapien a libero nam');
insert into BOOK_REVIEW (id, book_id, user_id, time, text) values (242, 53, 10, '2020-12-17 00:54:11', 'nibh fusce lacus purus aliquet at feugiat non pretium quis');
insert into BOOK_REVIEW (id, book_id, user_id, time, text) values (243, 28, 7, '2020-11-10 00:29:34', 'curae nulla dapibus dolor vel est donec odio justo sollicitudin');
insert into BOOK_REVIEW (id, book_id, user_id, time, text) values (244, 11, 22, '2020-11-26 19:57:23', 'elit proin interdum mauris non ligula pellentesque ultrices phasellus id');
insert into BOOK_REVIEW (id, book_id, user_id, time, text) values (245, 31, 15, '2020-10-11 13:09:21', 'et commodo vulputate justo in blandit ultrices enim lorem ipsum dolor sit amet consectetuer');
insert into BOOK_REVIEW (id, book_id, user_id, time, text) values (246, 10, 8, '2020-03-30 17:29:19', 'nisi nam ultrices libero non mattis pulvinar nulla pede ullamcorper augue a suscipit nulla elit ac nulla sed');
insert into BOOK_REVIEW (id, book_id, user_id, time, text) values (247, 16, 21, '2020-09-26 22:57:31', 'nec nisi vulputate nonummy maecenas tincidunt lacus at velit vivamus vel nulla eget eros elementum pellentesque quisque porta volutpat');
insert into BOOK_REVIEW (id, book_id, user_id, time, text) values (248, 57, 8, '2020-07-21 07:36:55', 'pellentesque at nulla suspendisse potenti cras in purus eu magna');
insert into BOOK_REVIEW (id, book_id, user_id, time, text) values (249, 19, 3, '2020-09-14 22:27:58', 'tempus sit amet sem fusce consequat nulla nisl nunc nisl duis');
insert into BOOK_REVIEW (id, book_id, user_id, time, text) values (250, 35, 16, '2020-07-29 05:39:21', 'mattis egestas metus aenean fermentum donec ut mauris eget massa tempor convallis nulla');
insert into BOOK_REVIEW (id, book_id, user_id, time, text) values (251, 48, 15, '2020-07-17 19:43:19', 'molestie nibh in lectus pellentesque at nulla suspendisse potenti cras in purus eu magna');
insert into BOOK_REVIEW (id, book_id, user_id, time, text) values (252, 13, 8, '2021-01-15 13:06:48', 'at lorem integer tincidunt ante vel ipsum praesent blandit lacinia erat vestibulum sed');
insert into BOOK_REVIEW (id, book_id, user_id, time, text) values (253, 1, 10, '2020-04-17 09:01:57', 'adipiscing molestie hendrerit at vulputate vitae nisl aenean lectus pellentesque eget nunc');
insert into BOOK_REVIEW (id, book_id, user_id, time, text) values (254, 29, 4, '2020-04-03 17:07:30', 'primis in faucibus orci luctus et ultrices posuere cubilia curae');
insert into BOOK_REVIEW (id, book_id, user_id, time, text) values (255, 51, 22, '2020-06-18 20:59:17', 'nunc commodo placerat praesent blandit nam nulla integer pede justo lacinia eget tincidunt eget tempus vel pede morbi porttitor');
insert into BOOK_REVIEW (id, book_id, user_id, time, text) values (256, 2, 19, '2020-05-23 21:20:55', 'donec dapibus duis at velit eu est congue elementum in');
insert into BOOK_REVIEW (id, book_id, user_id, time, text) values (257, 18, 10, '2020-12-30 08:31:25', 'in libero ut massa volutpat convallis morbi odio odio elementum eu interdum eu tincidunt in');
insert into BOOK_REVIEW (id, book_id, user_id, time, text) values (258, 32, 1, '2020-06-28 23:58:53', 'odio porttitor id consequat in consequat ut nulla sed accumsan felis ut at dolor quis odio consequat varius integer');
insert into BOOK_REVIEW (id, book_id, user_id, time, text) values (259, 56, 1, '2020-07-03 18:26:22', 'et commodo vulputate justo in blandit ultrices enim lorem ipsum dolor sit');
insert into BOOK_REVIEW (id, book_id, user_id, time, text) values (260, 19, 4, '2021-02-12 15:40:59', 'nam nulla integer pede justo lacinia eget tincidunt eget tempus vel pede morbi');
insert into BOOK_REVIEW (id, book_id, user_id, time, text) values (261, 43, 17, '2020-04-30 02:03:32', 'pede malesuada in imperdiet et commodo vulputate justo in blandit');
insert into BOOK_REVIEW (id, book_id, user_id, time, text) values (262, 38, 15, '2020-08-18 01:27:40', 'orci luctus et ultrices posuere cubilia curae donec pharetra magna vestibulum aliquet ultrices erat tortor sollicitudin mi sit amet');
insert into BOOK_REVIEW (id, book_id, user_id, time, text) values (263, 13, 4, '2020-08-12 02:39:39', 'posuere metus vitae ipsum aliquam non mauris morbi non lectus aliquam sit amet');
insert into BOOK_REVIEW (id, book_id, user_id, time, text) values (264, 11, 11, '2020-12-11 22:56:12', 'volutpat in congue etiam justo etiam pretium iaculis justo in hac habitasse platea dictumst etiam faucibus cursus urna ut tellus');
insert into BOOK_REVIEW (id, book_id, user_id, time, text) values (265, 57, 9, '2020-04-03 21:48:14', 'at turpis a pede posuere nonummy integer non velit donec');
insert into BOOK_REVIEW (id, book_id, user_id, time, text) values (266, 45, 8, '2020-04-24 22:50:34', 'et magnis dis parturient montes nascetur ridiculus mus etiam vel augue vestibulum rutrum rutrum neque');
insert into BOOK_REVIEW (id, book_id, user_id, time, text) values (267, 5, 7, '2021-03-14 22:46:15', 'sed magna at nunc commodo placerat praesent blandit nam nulla integer pede justo lacinia eget tincidunt eget');
insert into BOOK_REVIEW (id, book_id, user_id, time, text) values (268, 23, 17, '2021-02-23 12:32:17', 'aliquam non mauris morbi non lectus aliquam sit amet diam in magna bibendum imperdiet nullam orci pede venenatis non sodales');
insert into BOOK_REVIEW (id, book_id, user_id, time, text) values (269, 61, 12, '2020-11-14 20:01:16', 'nibh fusce lacus purus aliquet at feugiat non pretium quis lectus suspendisse potenti in');
insert into BOOK_REVIEW (id, book_id, user_id, time, text) values (270, 63, 20, '2020-08-13 12:59:44', 'montes nascetur ridiculus mus vivamus vestibulum sagittis sapien cum sociis natoque penatibus');
insert into BOOK_REVIEW (id, book_id, user_id, time, text) values (271, 64, 13, '2020-07-13 11:51:20', 'id mauris vulputate elementum nullam varius nulla facilisi cras non velit nec nisi vulputate nonummy maecenas tincidunt');
insert into BOOK_REVIEW (id, book_id, user_id, time, text) values (272, 54, 1, '2021-03-18 12:22:46', 'habitasse platea dictumst morbi vestibulum velit id pretium iaculis diam erat');
insert into BOOK_REVIEW (id, book_id, user_id, time, text) values (273, 39, 20, '2020-11-15 17:05:44', 'gravida nisi at nibh in hac habitasse platea dictumst aliquam augue quam sollicitudin vitae consectetuer eget rutrum at lorem');
insert into BOOK_REVIEW (id, book_id, user_id, time, text) values (274, 61, 12, '2020-12-18 00:55:25', 'eu tincidunt in leo maecenas pulvinar lobortis est phasellus sit amet');
insert into BOOK_REVIEW (id, book_id, user_id, time, text) values (275, 10, 4, '2020-07-25 23:01:39', 'sed nisl nunc rhoncus dui vel sem sed sagittis nam congue risus semper porta volutpat quam');
insert into BOOK_REVIEW (id, book_id, user_id, time, text) values (276, 1, 7, '2021-02-22 01:29:56', 'vestibulum proin eu mi nulla ac enim in tempor turpis nec euismod scelerisque quam turpis adipiscing');
insert into BOOK_REVIEW (id, book_id, user_id, time, text) values (277, 42, 5, '2020-12-09 21:26:10', 'odio donec vitae nisi nam ultrices libero non mattis pulvinar nulla pede');
insert into BOOK_REVIEW (id, book_id, user_id, time, text) values (278, 61, 20, '2020-06-07 22:54:53', 'volutpat convallis morbi odio odio elementum eu interdum eu tincidunt in leo maecenas pulvinar lobortis est phasellus sit');
insert into BOOK_REVIEW (id, book_id, user_id, time, text) values (279, 31, 21, '2020-04-15 11:34:08', 'in hac habitasse platea dictumst morbi vestibulum velit id pretium iaculis diam erat fermentum');
insert into BOOK_REVIEW (id, book_id, user_id, time, text) values (280, 55, 15, '2020-06-09 06:17:52', 'lorem id ligula suspendisse ornare consequat lectus in est risus auctor sed tristique in tempus sit amet sem');
insert into BOOK_REVIEW (id, book_id, user_id, time, text) values (281, 33, 23, '2020-06-09 02:04:25', 'in lacus curabitur at ipsum ac tellus semper interdum mauris ullamcorper purus');
insert into BOOK_REVIEW (id, book_id, user_id, time, text) values (282, 46, 3, '2020-12-12 02:38:14', 'eros viverra eget congue eget semper rutrum nulla nunc purus phasellus in felis donec semper sapien a libero');
insert into BOOK_REVIEW (id, book_id, user_id, time, text) values (283, 52, 16, '2020-08-10 00:37:20', 'tellus nisi eu orci mauris lacinia sapien quis libero nullam sit');
insert into BOOK_REVIEW (id, book_id, user_id, time, text) values (284, 31, 7, '2020-04-02 21:46:01', 'sed nisl nunc rhoncus dui vel sem sed sagittis nam congue risus semper porta volutpat quam pede lobortis');
insert into BOOK_REVIEW (id, book_id, user_id, time, text) values (285, 13, 5, '2020-06-30 03:31:33', 'dui nec nisi volutpat eleifend donec ut dolor morbi vel lectus in quam fringilla rhoncus mauris enim leo rhoncus');
insert into BOOK_REVIEW (id, book_id, user_id, time, text) values (286, 13, 13, '2020-11-14 19:26:08', 'in lacus curabitur at ipsum ac tellus semper interdum mauris ullamcorper purus sit amet nulla quisque arcu');
insert into BOOK_REVIEW (id, book_id, user_id, time, text) values (287, 40, 7, '2021-03-10 16:42:47', 'et commodo vulputate justo in blandit ultrices enim lorem ipsum dolor sit amet consectetuer');
insert into BOOK_REVIEW (id, book_id, user_id, time, text) values (288, 67, 5, '2020-10-07 08:56:05', 'accumsan odio curabitur convallis duis consequat dui nec nisi volutpat eleifend');
insert into BOOK_REVIEW (id, book_id, user_id, time, text) values (289, 5, 18, '2020-10-29 19:36:21', 'urna ut tellus nulla ut erat id mauris vulputate elementum nullam varius nulla facilisi cras non');
insert into BOOK_REVIEW (id, book_id, user_id, time, text) values (290, 45, 8, '2020-08-13 07:02:10', 'condimentum id luctus nec molestie sed justo pellentesque viverra pede ac diam');
insert into BOOK_REVIEW (id, book_id, user_id, time, text) values (291, 40, 2, '2021-01-05 06:01:20', 'ullamcorper purus sit amet nulla quisque arcu libero rutrum ac lobortis vel dapibus at');
insert into BOOK_REVIEW (id, book_id, user_id, time, text) values (292, 1, 20, '2020-07-23 19:33:22', 'sed augue aliquam erat volutpat in congue etiam justo etiam pretium iaculis');
insert into BOOK_REVIEW (id, book_id, user_id, time, text) values (293, 51, 11, '2020-07-23 14:12:25', 'platea dictumst morbi vestibulum velit id pretium iaculis diam erat fermentum justo nec condimentum neque sapien placerat');
insert into BOOK_REVIEW (id, book_id, user_id, time, text) values (294, 26, 5, '2020-09-05 19:25:19', 'sit amet cursus id turpis integer aliquet massa id lobortis convallis tortor risus dapibus augue vel accumsan tellus nisi eu');
insert into BOOK_REVIEW (id, book_id, user_id, time, text) values (295, 44, 16, '2020-08-05 02:31:46', 'consectetuer adipiscing elit proin interdum mauris non ligula pellentesque ultrices phasellus id sapien in');
insert into BOOK_REVIEW (id, book_id, user_id, time, text) values (296, 32, 18, '2020-07-17 22:35:06', 'iaculis diam erat fermentum justo nec condimentum neque sapien placerat ante');
insert into BOOK_REVIEW (id, book_id, user_id, time, text) values (297, 25, 21, '2020-11-13 03:38:10', 'lacus curabitur at ipsum ac tellus semper interdum mauris ullamcorper purus sit amet');
insert into BOOK_REVIEW (id, book_id, user_id, time, text) values (298, 16, 7, '2020-09-07 16:16:22', 'cum sociis natoque penatibus et magnis dis parturient montes nascetur');
insert into BOOK_REVIEW (id, book_id, user_id, time, text) values (299, 37, 14, '2021-02-04 00:14:31', 'posuere nonummy integer non velit donec diam neque vestibulum eget vulputate ut ultrices');
insert into BOOK_REVIEW (id, book_id, user_id, time, text) values (300, 16, 17, '2021-01-28 13:10:42', 'vel augue vestibulum ante ipsum primis in faucibus orci luctus et ultrices posuere cubilia curae donec');
insert into BOOK_REVIEW (id, book_id, user_id, time, text) values (301, 21, 9, '2021-02-14 00:49:10', 'cubilia curae nulla dapibus dolor vel est donec odio justo sollicitudin ut suscipit a feugiat et eros');
insert into BOOK_REVIEW (id, book_id, user_id, time, text) values (302, 32, 3, '2020-12-20 03:09:01', 'at lorem integer tincidunt ante vel ipsum praesent blandit lacinia erat vestibulum sed');
insert into BOOK_REVIEW (id, book_id, user_id, time, text) values (303, 54, 20, '2020-08-04 05:03:31', 'fusce consequat nulla nisl nunc nisl duis bibendum felis sed interdum venenatis turpis');
insert into BOOK_REVIEW (id, book_id, user_id, time, text) values (304, 8, 5, '2020-11-01 20:23:41', 'pellentesque at nulla suspendisse potenti cras in purus eu magna vulputate luctus cum');
insert into BOOK_REVIEW (id, book_id, user_id, time, text) values (305, 57, 9, '2020-10-19 12:20:20', 'mattis odio donec vitae nisi nam ultrices libero non mattis');
insert into BOOK_REVIEW (id, book_id, user_id, time, text) values (306, 67, 3, '2020-09-08 14:18:25', 'felis sed lacus morbi sem mauris laoreet ut rhoncus aliquet pulvinar');
insert into BOOK_REVIEW (id, book_id, user_id, time, text) values (307, 41, 12, '2020-04-01 09:02:29', 'elementum ligula vehicula consequat morbi a ipsum integer a nibh');
insert into BOOK_REVIEW (id, book_id, user_id, time, text) values (308, 12, 1, '2020-03-28 13:35:57', 'ornare consequat lectus in est risus auctor sed tristique in tempus sit');
insert into BOOK_REVIEW (id, book_id, user_id, time, text) values (309, 15, 17, '2021-01-25 06:46:55', 'massa quis augue luctus tincidunt nulla mollis molestie lorem quisque');
insert into BOOK_REVIEW (id, book_id, user_id, time, text) values (310, 21, 7, '2020-12-31 15:48:16', 'vestibulum sed magna at nunc commodo placerat praesent blandit nam nulla integer pede justo lacinia eget tincidunt');
insert into BOOK_REVIEW (id, book_id, user_id, time, text) values (311, 35, 9, '2020-07-10 13:54:58', 'dui nec nisi volutpat eleifend donec ut dolor morbi vel lectus in quam fringilla rhoncus mauris enim');
insert into BOOK_REVIEW (id, book_id, user_id, time, text) values (312, 30, 8, '2020-08-24 14:51:10', 'ipsum aliquam non mauris morbi non lectus aliquam sit amet diam in magna bibendum imperdiet nullam');

insert into BOOK_REVIEW_LIKE (id, review_id, user_id, time, value) values (1, 110, 14, '2020-05-11 14:32:23', 1);
insert into BOOK_REVIEW_LIKE (id, review_id, user_id, time, value) values (2, 205, 19, '2020-11-07 23:53:56', -1);
insert into BOOK_REVIEW_LIKE (id, review_id, user_id, time, value) values (3, 71, 21, '2020-11-22 10:04:45', -1);
insert into BOOK_REVIEW_LIKE (id, review_id, user_id, time, value) values (4, 40, 23, '2021-01-23 00:50:24', 1);
insert into BOOK_REVIEW_LIKE (id, review_id, user_id, time, value) values (5, 184, 15, '2020-11-18 22:33:19', -1);
insert into BOOK_REVIEW_LIKE (id, review_id, user_id, time, value) values (6, 216, 22, '2020-06-21 03:01:40', -1);
insert into BOOK_REVIEW_LIKE (id, review_id, user_id, time, value) values (7, 193, 10, '2020-05-17 07:30:38', -1);
insert into BOOK_REVIEW_LIKE (id, review_id, user_id, time, value) values (8, 221, 14, '2021-03-02 19:10:10', -1);
insert into BOOK_REVIEW_LIKE (id, review_id, user_id, time, value) values (9, 208, 9, '2020-06-09 07:50:31', -1);
insert into BOOK_REVIEW_LIKE (id, review_id, user_id, time, value) values (10, 209, 3, '2021-02-22 22:50:25', -1);
insert into BOOK_REVIEW_LIKE (id, review_id, user_id, time, value) values (11, 306, 1, '2020-11-26 22:06:05', 1);
insert into BOOK_REVIEW_LIKE (id, review_id, user_id, time, value) values (12, 5, 2, '2021-02-14 14:17:39', 1);
insert into BOOK_REVIEW_LIKE (id, review_id, user_id, time, value) values (13, 270, 20, '2020-08-18 03:31:51', 1);
insert into BOOK_REVIEW_LIKE (id, review_id, user_id, time, value) values (14, 74, 22, '2021-03-14 05:55:04', 1);
insert into BOOK_REVIEW_LIKE (id, review_id, user_id, time, value) values (15, 145, 11, '2020-10-15 14:40:58', -1);
insert into BOOK_REVIEW_LIKE (id, review_id, user_id, time, value) values (16, 277, 8, '2020-06-01 05:32:04', 1);
insert into BOOK_REVIEW_LIKE (id, review_id, user_id, time, value) values (17, 2, 19, '2020-05-11 15:58:01', -1);
insert into BOOK_REVIEW_LIKE (id, review_id, user_id, time, value) values (18, 222, 9, '2020-05-20 11:46:02', 1);
insert into BOOK_REVIEW_LIKE (id, review_id, user_id, time, value) values (19, 71, 16, '2020-05-12 18:53:55', 1);
insert into BOOK_REVIEW_LIKE (id, review_id, user_id, time, value) values (20, 175, 23, '2021-03-07 07:24:08', 1);
insert into BOOK_REVIEW_LIKE (id, review_id, user_id, time, value) values (21, 32, 22, '2020-12-08 13:13:13', -1);
insert into BOOK_REVIEW_LIKE (id, review_id, user_id, time, value) values (22, 161, 6, '2020-05-23 23:50:57', 1);
insert into BOOK_REVIEW_LIKE (id, review_id, user_id, time, value) values (23, 105, 9, '2020-12-25 05:23:21', -1);
insert into BOOK_REVIEW_LIKE (id, review_id, user_id, time, value) values (24, 69, 4, '2021-01-19 20:38:54', -1);
insert into BOOK_REVIEW_LIKE (id, review_id, user_id, time, value) values (25, 216, 19, '2020-10-31 05:37:22', 1);
insert into BOOK_REVIEW_LIKE (id, review_id, user_id, time, value) values (26, 49, 2, '2020-06-09 20:07:47', 1);
insert into BOOK_REVIEW_LIKE (id, review_id, user_id, time, value) values (27, 45, 23, '2020-04-09 09:30:49', -1);
insert into BOOK_REVIEW_LIKE (id, review_id, user_id, time, value) values (28, 172, 14, '2020-04-12 05:49:14', 1);
insert into BOOK_REVIEW_LIKE (id, review_id, user_id, time, value) values (29, 73, 8, '2020-06-23 06:17:16', 1);
insert into BOOK_REVIEW_LIKE (id, review_id, user_id, time, value) values (30, 90, 13, '2020-06-29 08:40:47', -1);
insert into BOOK_REVIEW_LIKE (id, review_id, user_id, time, value) values (31, 160, 14, '2020-03-29 15:28:36', -1);
insert into BOOK_REVIEW_LIKE (id, review_id, user_id, time, value) values (32, 287, 14, '2021-01-12 07:02:32', -1);
insert into BOOK_REVIEW_LIKE (id, review_id, user_id, time, value) values (33, 115, 8, '2021-03-18 15:40:09', -1);
insert into BOOK_REVIEW_LIKE (id, review_id, user_id, time, value) values (34, 141, 1, '2020-11-18 15:49:37', -1);
insert into BOOK_REVIEW_LIKE (id, review_id, user_id, time, value) values (35, 114, 16, '2020-12-27 09:37:56', 1);
insert into BOOK_REVIEW_LIKE (id, review_id, user_id, time, value) values (36, 51, 15, '2020-09-12 11:24:36', 1);
insert into BOOK_REVIEW_LIKE (id, review_id, user_id, time, value) values (37, 302, 18, '2020-06-02 07:32:40', 1);
insert into BOOK_REVIEW_LIKE (id, review_id, user_id, time, value) values (38, 308, 22, '2020-06-07 07:07:35', -1);
insert into BOOK_REVIEW_LIKE (id, review_id, user_id, time, value) values (39, 58, 20, '2020-04-11 12:27:59', -1);
insert into BOOK_REVIEW_LIKE (id, review_id, user_id, time, value) values (40, 177, 15, '2020-07-30 11:57:34', 1);
insert into BOOK_REVIEW_LIKE (id, review_id, user_id, time, value) values (41, 187, 14, '2020-04-04 20:41:56', -1);
insert into BOOK_REVIEW_LIKE (id, review_id, user_id, time, value) values (42, 170, 14, '2020-10-22 10:42:34', -1);
insert into BOOK_REVIEW_LIKE (id, review_id, user_id, time, value) values (43, 5, 7, '2021-02-21 09:25:15', -1);
insert into BOOK_REVIEW_LIKE (id, review_id, user_id, time, value) values (44, 217, 4, '2020-05-28 23:56:01', 1);
insert into BOOK_REVIEW_LIKE (id, review_id, user_id, time, value) values (45, 169, 3, '2021-01-11 06:37:15', 1);
insert into BOOK_REVIEW_LIKE (id, review_id, user_id, time, value) values (46, 293, 15, '2021-01-31 02:07:15', -1);
insert into BOOK_REVIEW_LIKE (id, review_id, user_id, time, value) values (47, 79, 21, '2020-06-23 14:15:19', 1);
insert into BOOK_REVIEW_LIKE (id, review_id, user_id, time, value) values (48, 38, 17, '2020-07-11 01:26:37', -1);
insert into BOOK_REVIEW_LIKE (id, review_id, user_id, time, value) values (49, 152, 9, '2020-09-18 10:39:37', -1);
insert into BOOK_REVIEW_LIKE (id, review_id, user_id, time, value) values (50, 217, 8, '2020-10-22 21:05:56', 1);
insert into BOOK_REVIEW_LIKE (id, review_id, user_id, time, value) values (51, 94, 8, '2020-12-17 11:02:50', 1);
insert into BOOK_REVIEW_LIKE (id, review_id, user_id, time, value) values (52, 252, 8, '2020-08-05 04:26:37', 1);
insert into BOOK_REVIEW_LIKE (id, review_id, user_id, time, value) values (53, 90, 6, '2020-08-16 17:02:10', 1);
insert into BOOK_REVIEW_LIKE (id, review_id, user_id, time, value) values (54, 28, 20, '2020-11-28 08:44:13', 1);
insert into BOOK_REVIEW_LIKE (id, review_id, user_id, time, value) values (55, 171, 5, '2020-06-05 15:45:08', -1);
insert into BOOK_REVIEW_LIKE (id, review_id, user_id, time, value) values (56, 281, 18, '2020-07-08 05:00:47', 1);
insert into BOOK_REVIEW_LIKE (id, review_id, user_id, time, value) values (57, 196, 14, '2021-01-25 18:40:42', 1);
insert into BOOK_REVIEW_LIKE (id, review_id, user_id, time, value) values (58, 72, 23, '2020-10-31 19:18:29', 1);
insert into BOOK_REVIEW_LIKE (id, review_id, user_id, time, value) values (59, 213, 17, '2020-12-21 16:47:39', -1);
insert into BOOK_REVIEW_LIKE (id, review_id, user_id, time, value) values (60, 125, 8, '2021-02-03 17:59:22', -1);
insert into BOOK_REVIEW_LIKE (id, review_id, user_id, time, value) values (61, 76, 5, '2021-01-19 10:39:22', 1);
insert into BOOK_REVIEW_LIKE (id, review_id, user_id, time, value) values (62, 207, 12, '2020-04-28 23:40:20', -1);
insert into BOOK_REVIEW_LIKE (id, review_id, user_id, time, value) values (63, 59, 20, '2020-06-09 02:30:15', -1);
insert into BOOK_REVIEW_LIKE (id, review_id, user_id, time, value) values (64, 240, 12, '2020-04-08 13:37:02', -1);
insert into BOOK_REVIEW_LIKE (id, review_id, user_id, time, value) values (65, 150, 5, '2021-02-11 10:44:28', 1);
insert into BOOK_REVIEW_LIKE (id, review_id, user_id, time, value) values (66, 201, 13, '2021-01-28 03:44:30', -1);
insert into BOOK_REVIEW_LIKE (id, review_id, user_id, time, value) values (67, 223, 7, '2021-01-12 15:21:21', -1);
insert into BOOK_REVIEW_LIKE (id, review_id, user_id, time, value) values (68, 297, 10, '2020-06-28 22:31:40', 1);
insert into BOOK_REVIEW_LIKE (id, review_id, user_id, time, value) values (69, 78, 10, '2020-04-04 03:46:16', -1);
insert into BOOK_REVIEW_LIKE (id, review_id, user_id, time, value) values (70, 180, 15, '2020-12-07 18:38:49', -1);
insert into BOOK_REVIEW_LIKE (id, review_id, user_id, time, value) values (71, 61, 18, '2020-08-13 11:38:51', 1);
insert into BOOK_REVIEW_LIKE (id, review_id, user_id, time, value) values (72, 108, 14, '2020-07-30 23:49:15', 1);
insert into BOOK_REVIEW_LIKE (id, review_id, user_id, time, value) values (73, 244, 18, '2020-09-09 00:35:47', -1);
insert into BOOK_REVIEW_LIKE (id, review_id, user_id, time, value) values (74, 292, 12, '2020-09-26 08:42:01', 1);
insert into BOOK_REVIEW_LIKE (id, review_id, user_id, time, value) values (75, 204, 14, '2020-12-18 01:16:12', 1);
insert into BOOK_REVIEW_LIKE (id, review_id, user_id, time, value) values (76, 293, 21, '2020-06-18 04:36:23', -1);
insert into BOOK_REVIEW_LIKE (id, review_id, user_id, time, value) values (77, 281, 9, '2020-12-10 02:04:22', -1);
insert into BOOK_REVIEW_LIKE (id, review_id, user_id, time, value) values (78, 70, 1, '2020-06-24 17:04:50', -1);
insert into BOOK_REVIEW_LIKE (id, review_id, user_id, time, value) values (79, 158, 1, '2020-11-07 16:53:27', 1);
insert into BOOK_REVIEW_LIKE (id, review_id, user_id, time, value) values (80, 19, 15, '2020-07-14 16:37:35', -1);
insert into BOOK_REVIEW_LIKE (id, review_id, user_id, time, value) values (81, 129, 10, '2021-02-11 04:28:47', -1);
insert into BOOK_REVIEW_LIKE (id, review_id, user_id, time, value) values (82, 268, 10, '2020-11-02 00:17:45', 1);
insert into BOOK_REVIEW_LIKE (id, review_id, user_id, time, value) values (83, 20, 14, '2020-11-13 17:47:50', 1);
insert into BOOK_REVIEW_LIKE (id, review_id, user_id, time, value) values (84, 267, 21, '2021-03-12 21:28:27', 1);
insert into BOOK_REVIEW_LIKE (id, review_id, user_id, time, value) values (85, 144, 9, '2020-08-28 11:58:17', 1);
insert into BOOK_REVIEW_LIKE (id, review_id, user_id, time, value) values (86, 302, 18, '2020-07-13 00:49:35', -1);
insert into BOOK_REVIEW_LIKE (id, review_id, user_id, time, value) values (87, 206, 6, '2021-03-06 15:54:28', -1);
insert into BOOK_REVIEW_LIKE (id, review_id, user_id, time, value) values (88, 80, 11, '2020-11-25 20:56:55', -1);
insert into BOOK_REVIEW_LIKE (id, review_id, user_id, time, value) values (89, 224, 1, '2021-01-23 08:17:46', 1);
insert into BOOK_REVIEW_LIKE (id, review_id, user_id, time, value) values (90, 164, 8, '2020-12-07 05:38:24', -1);
insert into BOOK_REVIEW_LIKE (id, review_id, user_id, time, value) values (91, 281, 16, '2021-02-09 18:16:09', -1);
insert into BOOK_REVIEW_LIKE (id, review_id, user_id, time, value) values (92, 2, 15, '2020-05-12 03:39:26', 1);
insert into BOOK_REVIEW_LIKE (id, review_id, user_id, time, value) values (93, 80, 11, '2020-08-04 23:51:34', 1);
insert into BOOK_REVIEW_LIKE (id, review_id, user_id, time, value) values (94, 218, 16, '2021-03-16 20:39:21', 1);
insert into BOOK_REVIEW_LIKE (id, review_id, user_id, time, value) values (95, 32, 20, '2020-10-16 11:19:21', 1);
insert into BOOK_REVIEW_LIKE (id, review_id, user_id, time, value) values (96, 234, 10, '2020-10-28 06:57:51', -1);
insert into BOOK_REVIEW_LIKE (id, review_id, user_id, time, value) values (97, 12, 22, '2020-09-28 10:07:44', 1);
insert into BOOK_REVIEW_LIKE (id, review_id, user_id, time, value) values (98, 34, 20, '2020-07-22 12:00:41', 1);
insert into BOOK_REVIEW_LIKE (id, review_id, user_id, time, value) values (99, 69, 5, '2020-07-25 20:17:09', 1);
insert into BOOK_REVIEW_LIKE (id, review_id, user_id, time, value) values (100, 106, 23, '2020-07-02 14:51:31', 1);
insert into BOOK_REVIEW_LIKE (id, review_id, user_id, time, value) values (101, 209, 5, '2020-04-18 06:23:43', -1);
insert into BOOK_REVIEW_LIKE (id, review_id, user_id, time, value) values (102, 311, 8, '2020-09-22 10:23:59', -1);
insert into BOOK_REVIEW_LIKE (id, review_id, user_id, time, value) values (103, 175, 16, '2020-08-09 10:51:40', 1);
insert into BOOK_REVIEW_LIKE (id, review_id, user_id, time, value) values (104, 220, 22, '2020-08-17 15:03:04', 1);
insert into BOOK_REVIEW_LIKE (id, review_id, user_id, time, value) values (105, 254, 11, '2020-09-28 05:49:49', 1);
insert into BOOK_REVIEW_LIKE (id, review_id, user_id, time, value) values (106, 117, 12, '2020-07-05 12:20:12', -1);
insert into BOOK_REVIEW_LIKE (id, review_id, user_id, time, value) values (107, 125, 16, '2020-05-29 08:31:49', 1);
insert into BOOK_REVIEW_LIKE (id, review_id, user_id, time, value) values (108, 30, 3, '2020-08-20 12:01:10', -1);
insert into BOOK_REVIEW_LIKE (id, review_id, user_id, time, value) values (109, 105, 21, '2020-10-07 12:52:18', -1);
insert into BOOK_REVIEW_LIKE (id, review_id, user_id, time, value) values (110, 228, 23, '2020-09-22 20:44:07', -1);
insert into BOOK_REVIEW_LIKE (id, review_id, user_id, time, value) values (111, 225, 11, '2020-06-14 21:40:36', 1);
insert into BOOK_REVIEW_LIKE (id, review_id, user_id, time, value) values (112, 167, 13, '2020-04-16 21:37:37', -1);
insert into BOOK_REVIEW_LIKE (id, review_id, user_id, time, value) values (113, 298, 22, '2020-03-20 02:02:46', -1);
insert into BOOK_REVIEW_LIKE (id, review_id, user_id, time, value) values (114, 88, 21, '2020-11-21 04:45:35', -1);
insert into BOOK_REVIEW_LIKE (id, review_id, user_id, time, value) values (115, 232, 3, '2020-10-09 22:16:38', -1);
insert into BOOK_REVIEW_LIKE (id, review_id, user_id, time, value) values (116, 234, 19, '2020-06-23 05:34:02', -1);
insert into BOOK_REVIEW_LIKE (id, review_id, user_id, time, value) values (117, 232, 16, '2020-12-14 02:05:23', 1);
insert into BOOK_REVIEW_LIKE (id, review_id, user_id, time, value) values (118, 223, 18, '2020-04-12 10:07:34', -1);
insert into BOOK_REVIEW_LIKE (id, review_id, user_id, time, value) values (119, 65, 22, '2021-01-23 01:57:51', -1);
insert into BOOK_REVIEW_LIKE (id, review_id, user_id, time, value) values (120, 92, 6, '2020-09-10 07:11:45', -1);
insert into BOOK_REVIEW_LIKE (id, review_id, user_id, time, value) values (121, 130, 7, '2021-01-16 23:19:57', 1);
insert into BOOK_REVIEW_LIKE (id, review_id, user_id, time, value) values (122, 106, 13, '2020-09-01 21:15:36', 1);
insert into BOOK_REVIEW_LIKE (id, review_id, user_id, time, value) values (123, 260, 1, '2020-04-17 01:22:58', 1);
insert into BOOK_REVIEW_LIKE (id, review_id, user_id, time, value) values (124, 91, 6, '2020-12-11 19:15:34', 1);
insert into BOOK_REVIEW_LIKE (id, review_id, user_id, time, value) values (125, 76, 14, '2020-06-27 23:03:56', 1);
insert into BOOK_REVIEW_LIKE (id, review_id, user_id, time, value) values (126, 191, 9, '2020-04-29 16:34:08', -1);
insert into BOOK_REVIEW_LIKE (id, review_id, user_id, time, value) values (127, 89, 20, '2020-07-04 17:06:17', 1);
insert into BOOK_REVIEW_LIKE (id, review_id, user_id, time, value) values (128, 292, 21, '2021-03-09 23:27:57', -1);
insert into BOOK_REVIEW_LIKE (id, review_id, user_id, time, value) values (129, 218, 21, '2020-06-29 05:42:59', -1);
insert into BOOK_REVIEW_LIKE (id, review_id, user_id, time, value) values (130, 69, 13, '2020-10-08 15:27:11', -1);
insert into BOOK_REVIEW_LIKE (id, review_id, user_id, time, value) values (131, 122, 3, '2021-01-23 17:43:44', 1);
insert into BOOK_REVIEW_LIKE (id, review_id, user_id, time, value) values (132, 185, 7, '2020-05-10 23:41:35', 1);
insert into BOOK_REVIEW_LIKE (id, review_id, user_id, time, value) values (133, 86, 10, '2020-07-25 00:23:05', 1);
insert into BOOK_REVIEW_LIKE (id, review_id, user_id, time, value) values (134, 31, 12, '2020-07-01 03:32:01', -1);
insert into BOOK_REVIEW_LIKE (id, review_id, user_id, time, value) values (135, 10, 19, '2020-06-14 09:21:23', 1);
insert into BOOK_REVIEW_LIKE (id, review_id, user_id, time, value) values (136, 64, 17, '2020-12-08 17:09:51', 1);
insert into BOOK_REVIEW_LIKE (id, review_id, user_id, time, value) values (137, 282, 4, '2020-09-08 10:59:50', -1);
insert into BOOK_REVIEW_LIKE (id, review_id, user_id, time, value) values (138, 266, 7, '2020-04-20 20:20:10', -1);
insert into BOOK_REVIEW_LIKE (id, review_id, user_id, time, value) values (139, 34, 19, '2020-07-15 08:16:31', 1);
insert into BOOK_REVIEW_LIKE (id, review_id, user_id, time, value) values (140, 143, 14, '2020-11-11 20:21:49', 1);
insert into BOOK_REVIEW_LIKE (id, review_id, user_id, time, value) values (141, 20, 13, '2020-08-30 08:46:52', 1);
insert into BOOK_REVIEW_LIKE (id, review_id, user_id, time, value) values (142, 78, 22, '2020-11-25 17:43:30', -1);
insert into BOOK_REVIEW_LIKE (id, review_id, user_id, time, value) values (143, 270, 7, '2020-11-09 12:13:39', -1);
insert into BOOK_REVIEW_LIKE (id, review_id, user_id, time, value) values (144, 10, 18, '2021-01-25 12:10:39', -1);
insert into BOOK_REVIEW_LIKE (id, review_id, user_id, time, value) values (145, 215, 8, '2020-10-11 05:34:51', 1);
insert into BOOK_REVIEW_LIKE (id, review_id, user_id, time, value) values (146, 116, 14, '2020-04-13 13:34:40', 1);
insert into BOOK_REVIEW_LIKE (id, review_id, user_id, time, value) values (147, 303, 2, '2020-10-01 07:52:54', 1);
insert into BOOK_REVIEW_LIKE (id, review_id, user_id, time, value) values (148, 265, 14, '2020-09-11 02:27:26', -1);
insert into BOOK_REVIEW_LIKE (id, review_id, user_id, time, value) values (149, 46, 13, '2020-10-23 08:15:58', 1);
insert into BOOK_REVIEW_LIKE (id, review_id, user_id, time, value) values (150, 35, 18, '2021-02-01 02:05:41', -1);
insert into BOOK_REVIEW_LIKE (id, review_id, user_id, time, value) values (151, 5, 21, '2020-05-28 05:06:52', 1);
insert into BOOK_REVIEW_LIKE (id, review_id, user_id, time, value) values (152, 203, 10, '2020-10-24 09:05:58', 1);
insert into BOOK_REVIEW_LIKE (id, review_id, user_id, time, value) values (153, 155, 2, '2020-09-06 17:44:43', 1);
insert into BOOK_REVIEW_LIKE (id, review_id, user_id, time, value) values (154, 40, 15, '2020-11-16 11:45:12', 1);
insert into BOOK_REVIEW_LIKE (id, review_id, user_id, time, value) values (155, 145, 7, '2020-12-05 08:07:27', 1);
insert into BOOK_REVIEW_LIKE (id, review_id, user_id, time, value) values (156, 128, 12, '2020-04-16 08:03:15', 1);
insert into BOOK_REVIEW_LIKE (id, review_id, user_id, time, value) values (157, 39, 8, '2020-06-03 02:12:10', 1);
insert into BOOK_REVIEW_LIKE (id, review_id, user_id, time, value) values (158, 32, 16, '2020-09-12 03:07:29', -1);
insert into BOOK_REVIEW_LIKE (id, review_id, user_id, time, value) values (159, 71, 9, '2020-12-29 02:07:29', -1);
insert into BOOK_REVIEW_LIKE (id, review_id, user_id, time, value) values (160, 181, 1, '2021-01-14 22:28:57', -1);
insert into BOOK_REVIEW_LIKE (id, review_id, user_id, time, value) values (161, 188, 3, '2020-09-08 23:47:10', 1);
insert into BOOK_REVIEW_LIKE (id, review_id, user_id, time, value) values (162, 43, 9, '2021-01-19 10:56:32', -1);
insert into BOOK_REVIEW_LIKE (id, review_id, user_id, time, value) values (163, 179, 10, '2020-12-13 04:30:27', 1);
insert into BOOK_REVIEW_LIKE (id, review_id, user_id, time, value) values (164, 150, 1, '2020-12-04 00:35:26', -1);
insert into BOOK_REVIEW_LIKE (id, review_id, user_id, time, value) values (165, 104, 18, '2020-09-22 04:54:11', -1);
insert into BOOK_REVIEW_LIKE (id, review_id, user_id, time, value) values (166, 151, 2, '2020-09-04 09:36:39', 1);
insert into BOOK_REVIEW_LIKE (id, review_id, user_id, time, value) values (167, 93, 13, '2020-07-20 10:26:00', -1);
insert into BOOK_REVIEW_LIKE (id, review_id, user_id, time, value) values (168, 240, 13, '2021-01-07 19:25:37', -1);
insert into BOOK_REVIEW_LIKE (id, review_id, user_id, time, value) values (169, 4, 23, '2020-06-04 22:01:04', -1);
insert into BOOK_REVIEW_LIKE (id, review_id, user_id, time, value) values (170, 111, 12, '2021-01-28 15:23:34', 1);
insert into BOOK_REVIEW_LIKE (id, review_id, user_id, time, value) values (171, 121, 15, '2020-11-30 19:01:23', -1);
insert into BOOK_REVIEW_LIKE (id, review_id, user_id, time, value) values (172, 79, 5, '2021-01-31 15:36:54', 1);
insert into BOOK_REVIEW_LIKE (id, review_id, user_id, time, value) values (173, 95, 4, '2021-03-08 21:08:55', 1);
insert into BOOK_REVIEW_LIKE (id, review_id, user_id, time, value) values (174, 70, 21, '2021-02-19 13:12:24', -1);
insert into BOOK_REVIEW_LIKE (id, review_id, user_id, time, value) values (175, 283, 3, '2020-11-28 22:29:26', 1);
insert into BOOK_REVIEW_LIKE (id, review_id, user_id, time, value) values (176, 73, 9, '2020-12-08 10:31:08', -1);
insert into BOOK_REVIEW_LIKE (id, review_id, user_id, time, value) values (177, 275, 2, '2021-02-08 12:08:23', 1);
insert into BOOK_REVIEW_LIKE (id, review_id, user_id, time, value) values (178, 157, 18, '2021-01-18 18:06:37', -1);
insert into BOOK_REVIEW_LIKE (id, review_id, user_id, time, value) values (179, 21, 10, '2020-07-28 21:27:58', 1);
insert into BOOK_REVIEW_LIKE (id, review_id, user_id, time, value) values (180, 234, 8, '2020-06-14 06:07:20', -1);
insert into BOOK_REVIEW_LIKE (id, review_id, user_id, time, value) values (181, 104, 7, '2021-02-27 23:21:43', -1);
insert into BOOK_REVIEW_LIKE (id, review_id, user_id, time, value) values (182, 89, 6, '2020-09-26 05:53:56', 1);
insert into BOOK_REVIEW_LIKE (id, review_id, user_id, time, value) values (183, 180, 4, '2020-11-02 23:47:18', 1);
insert into BOOK_REVIEW_LIKE (id, review_id, user_id, time, value) values (184, 219, 21, '2020-09-22 03:56:23', -1);
insert into BOOK_REVIEW_LIKE (id, review_id, user_id, time, value) values (185, 293, 9, '2021-01-11 19:58:19', 1);
insert into BOOK_REVIEW_LIKE (id, review_id, user_id, time, value) values (186, 5, 8, '2021-02-05 16:42:31', -1);
insert into BOOK_REVIEW_LIKE (id, review_id, user_id, time, value) values (187, 124, 2, '2021-02-07 08:37:54', -1);
insert into BOOK_REVIEW_LIKE (id, review_id, user_id, time, value) values (188, 115, 14, '2020-04-26 01:32:10', -1);
insert into BOOK_REVIEW_LIKE (id, review_id, user_id, time, value) values (189, 248, 11, '2020-04-16 02:05:01', 1);
insert into BOOK_REVIEW_LIKE (id, review_id, user_id, time, value) values (190, 253, 4, '2020-10-21 18:40:26', 1);
insert into BOOK_REVIEW_LIKE (id, review_id, user_id, time, value) values (191, 60, 5, '2020-08-12 06:36:03', -1);
insert into BOOK_REVIEW_LIKE (id, review_id, user_id, time, value) values (192, 140, 22, '2020-10-07 12:10:00', -1);
insert into BOOK_REVIEW_LIKE (id, review_id, user_id, time, value) values (193, 106, 13, '2021-01-20 05:10:33', 1);
insert into BOOK_REVIEW_LIKE (id, review_id, user_id, time, value) values (194, 148, 13, '2020-07-21 22:27:34', 1);
insert into BOOK_REVIEW_LIKE (id, review_id, user_id, time, value) values (195, 245, 21, '2020-06-15 05:33:30', -1);
insert into BOOK_REVIEW_LIKE (id, review_id, user_id, time, value) values (196, 218, 6, '2020-08-20 12:12:39', 1);
insert into BOOK_REVIEW_LIKE (id, review_id, user_id, time, value) values (197, 43, 17, '2020-05-28 22:19:20', 1);
insert into BOOK_REVIEW_LIKE (id, review_id, user_id, time, value) values (198, 3, 2, '2020-06-11 12:12:17', 1);
insert into BOOK_REVIEW_LIKE (id, review_id, user_id, time, value) values (199, 243, 11, '2020-06-04 10:43:15', -1);
insert into BOOK_REVIEW_LIKE (id, review_id, user_id, time, value) values (200, 263, 13, '2020-10-21 15:03:51', 1);
insert into BOOK_REVIEW_LIKE (id, review_id, user_id, time, value) values (201, 246, 17, '2020-06-05 11:27:13', 1);
insert into BOOK_REVIEW_LIKE (id, review_id, user_id, time, value) values (202, 13, 21, '2020-09-29 21:01:18', -1);
insert into BOOK_REVIEW_LIKE (id, review_id, user_id, time, value) values (203, 123, 18, '2020-10-25 13:03:46', 1);
insert into BOOK_REVIEW_LIKE (id, review_id, user_id, time, value) values (204, 279, 23, '2020-10-04 06:53:23', -1);
insert into BOOK_REVIEW_LIKE (id, review_id, user_id, time, value) values (205, 172, 17, '2021-02-26 06:03:28', 1);
insert into BOOK_REVIEW_LIKE (id, review_id, user_id, time, value) values (206, 117, 16, '2021-01-02 13:13:44', 1);
insert into BOOK_REVIEW_LIKE (id, review_id, user_id, time, value) values (207, 177, 1, '2020-06-21 03:04:31', -1);
insert into BOOK_REVIEW_LIKE (id, review_id, user_id, time, value) values (208, 96, 7, '2020-04-11 02:27:19', -1);
insert into BOOK_REVIEW_LIKE (id, review_id, user_id, time, value) values (209, 257, 23, '2020-07-02 11:38:19', 1);
insert into BOOK_REVIEW_LIKE (id, review_id, user_id, time, value) values (210, 48, 13, '2020-07-21 12:24:54', 1);
insert into BOOK_REVIEW_LIKE (id, review_id, user_id, time, value) values (211, 128, 11, '2020-03-25 09:04:48', -1);
insert into BOOK_REVIEW_LIKE (id, review_id, user_id, time, value) values (212, 70, 9, '2021-01-28 03:41:30', 1);
insert into BOOK_REVIEW_LIKE (id, review_id, user_id, time, value) values (213, 191, 12, '2020-05-22 04:24:10', -1);
insert into BOOK_REVIEW_LIKE (id, review_id, user_id, time, value) values (214, 147, 18, '2020-05-27 10:33:05', -1);
insert into BOOK_REVIEW_LIKE (id, review_id, user_id, time, value) values (215, 71, 1, '2020-12-01 12:11:19', 1);
insert into BOOK_REVIEW_LIKE (id, review_id, user_id, time, value) values (216, 2, 16, '2020-10-19 02:25:31', 1);
insert into BOOK_REVIEW_LIKE (id, review_id, user_id, time, value) values (217, 256, 4, '2021-03-10 00:53:47', -1);
insert into BOOK_REVIEW_LIKE (id, review_id, user_id, time, value) values (218, 191, 17, '2021-01-29 02:14:09', 1);
insert into BOOK_REVIEW_LIKE (id, review_id, user_id, time, value) values (219, 213, 3, '2020-08-19 03:59:38', -1);
insert into BOOK_REVIEW_LIKE (id, review_id, user_id, time, value) values (220, 11, 6, '2020-04-06 04:54:40', -1);
insert into BOOK_REVIEW_LIKE (id, review_id, user_id, time, value) values (221, 236, 23, '2020-04-24 05:41:27', -1);
insert into BOOK_REVIEW_LIKE (id, review_id, user_id, time, value) values (222, 59, 3, '2020-12-10 07:39:06', 1);
insert into BOOK_REVIEW_LIKE (id, review_id, user_id, time, value) values (223, 62, 12, '2020-10-06 10:15:04', 1);
insert into BOOK_REVIEW_LIKE (id, review_id, user_id, time, value) values (224, 11, 9, '2020-05-04 20:27:38', 1);
insert into BOOK_REVIEW_LIKE (id, review_id, user_id, time, value) values (225, 271, 7, '2020-07-04 05:05:14', -1);
insert into BOOK_REVIEW_LIKE (id, review_id, user_id, time, value) values (226, 224, 19, '2020-11-20 20:55:05', -1);
insert into BOOK_REVIEW_LIKE (id, review_id, user_id, time, value) values (227, 185, 13, '2020-12-31 19:17:51', -1);
insert into BOOK_REVIEW_LIKE (id, review_id, user_id, time, value) values (228, 26, 4, '2021-03-15 10:30:44', 1);
insert into BOOK_REVIEW_LIKE (id, review_id, user_id, time, value) values (229, 96, 12, '2020-06-01 12:37:44', 1);
insert into BOOK_REVIEW_LIKE (id, review_id, user_id, time, value) values (230, 76, 3, '2020-12-28 17:51:04', 1);
insert into BOOK_REVIEW_LIKE (id, review_id, user_id, time, value) values (231, 306, 8, '2021-02-10 18:35:34', -1);
insert into BOOK_REVIEW_LIKE (id, review_id, user_id, time, value) values (232, 257, 4, '2020-09-27 02:50:43', 1);
insert into BOOK_REVIEW_LIKE (id, review_id, user_id, time, value) values (233, 190, 22, '2020-12-21 17:44:08', -1);
insert into BOOK_REVIEW_LIKE (id, review_id, user_id, time, value) values (234, 303, 4, '2020-09-18 16:22:50', 1);
insert into BOOK_REVIEW_LIKE (id, review_id, user_id, time, value) values (235, 43, 3, '2021-02-18 10:47:04', -1);
insert into BOOK_REVIEW_LIKE (id, review_id, user_id, time, value) values (236, 19, 21, '2020-12-13 05:45:32', -1);
insert into BOOK_REVIEW_LIKE (id, review_id, user_id, time, value) values (237, 98, 5, '2020-06-15 06:57:22', -1);
insert into BOOK_REVIEW_LIKE (id, review_id, user_id, time, value) values (238, 17, 17, '2020-07-12 16:45:09', -1);
insert into BOOK_REVIEW_LIKE (id, review_id, user_id, time, value) values (239, 10, 14, '2020-08-05 11:58:57', -1);
insert into BOOK_REVIEW_LIKE (id, review_id, user_id, time, value) values (240, 300, 21, '2020-09-21 08:12:09', -1);
insert into BOOK_REVIEW_LIKE (id, review_id, user_id, time, value) values (241, 108, 23, '2020-12-02 00:41:36', -1);
insert into BOOK_REVIEW_LIKE (id, review_id, user_id, time, value) values (242, 234, 17, '2020-10-12 21:41:20', -1);
insert into BOOK_REVIEW_LIKE (id, review_id, user_id, time, value) values (243, 142, 17, '2020-08-22 13:26:39', -1);
insert into BOOK_REVIEW_LIKE (id, review_id, user_id, time, value) values (244, 136, 4, '2020-05-06 16:06:23', 1);
insert into BOOK_REVIEW_LIKE (id, review_id, user_id, time, value) values (245, 278, 15, '2021-01-27 02:52:47', 1);
insert into BOOK_REVIEW_LIKE (id, review_id, user_id, time, value) values (246, 193, 3, '2021-01-03 17:14:13', 1);
insert into BOOK_REVIEW_LIKE (id, review_id, user_id, time, value) values (247, 300, 17, '2021-02-22 11:20:41', 1);
insert into BOOK_REVIEW_LIKE (id, review_id, user_id, time, value) values (248, 311, 9, '2020-06-29 22:48:28', -1);
insert into BOOK_REVIEW_LIKE (id, review_id, user_id, time, value) values (249, 83, 16, '2020-07-23 12:40:18', -1);
insert into BOOK_REVIEW_LIKE (id, review_id, user_id, time, value) values (250, 200, 6, '2020-10-13 15:30:34', 1);
insert into BOOK_REVIEW_LIKE (id, review_id, user_id, time, value) values (251, 128, 3, '2021-01-01 05:11:53', -1);
insert into BOOK_REVIEW_LIKE (id, review_id, user_id, time, value) values (252, 166, 22, '2020-05-08 09:59:55', 1);
insert into BOOK_REVIEW_LIKE (id, review_id, user_id, time, value) values (253, 90, 12, '2020-09-08 16:56:37', 1);
insert into BOOK_REVIEW_LIKE (id, review_id, user_id, time, value) values (254, 45, 1, '2020-11-28 11:37:44', -1);
insert into BOOK_REVIEW_LIKE (id, review_id, user_id, time, value) values (255, 206, 9, '2021-02-27 23:00:19', 1);
insert into BOOK_REVIEW_LIKE (id, review_id, user_id, time, value) values (256, 220, 18, '2020-06-06 12:51:44', -1);
insert into BOOK_REVIEW_LIKE (id, review_id, user_id, time, value) values (257, 271, 20, '2020-12-05 18:29:53', 1);
insert into BOOK_REVIEW_LIKE (id, review_id, user_id, time, value) values (258, 283, 2, '2020-10-13 22:04:39', -1);
insert into BOOK_REVIEW_LIKE (id, review_id, user_id, time, value) values (259, 130, 22, '2020-03-20 02:10:51', 1);
insert into BOOK_REVIEW_LIKE (id, review_id, user_id, time, value) values (260, 121, 6, '2020-11-17 06:11:46', 1);
insert into BOOK_REVIEW_LIKE (id, review_id, user_id, time, value) values (261, 119, 14, '2021-02-03 22:45:12', 1);
insert into BOOK_REVIEW_LIKE (id, review_id, user_id, time, value) values (262, 49, 3, '2020-12-19 15:12:10', -1);
insert into BOOK_REVIEW_LIKE (id, review_id, user_id, time, value) values (263, 150, 13, '2021-01-24 21:59:42', -1);
insert into BOOK_REVIEW_LIKE (id, review_id, user_id, time, value) values (264, 164, 17, '2020-08-09 16:15:08', -1);
insert into BOOK_REVIEW_LIKE (id, review_id, user_id, time, value) values (265, 294, 16, '2020-12-05 04:29:27', -1);
insert into BOOK_REVIEW_LIKE (id, review_id, user_id, time, value) values (266, 157, 5, '2020-11-13 07:56:06', -1);
insert into BOOK_REVIEW_LIKE (id, review_id, user_id, time, value) values (267, 92, 7, '2020-05-06 09:30:43', 1);
insert into BOOK_REVIEW_LIKE (id, review_id, user_id, time, value) values (268, 82, 8, '2020-10-18 07:14:24', -1);
insert into BOOK_REVIEW_LIKE (id, review_id, user_id, time, value) values (269, 218, 1, '2020-03-31 00:35:50', -1);
insert into BOOK_REVIEW_LIKE (id, review_id, user_id, time, value) values (270, 118, 11, '2020-10-29 07:41:30', 1);
insert into BOOK_REVIEW_LIKE (id, review_id, user_id, time, value) values (271, 105, 23, '2020-07-04 04:32:27', -1);
insert into BOOK_REVIEW_LIKE (id, review_id, user_id, time, value) values (272, 201, 16, '2020-04-27 18:24:43', -1);
insert into BOOK_REVIEW_LIKE (id, review_id, user_id, time, value) values (273, 115, 18, '2020-10-04 14:10:53', -1);
insert into BOOK_REVIEW_LIKE (id, review_id, user_id, time, value) values (274, 47, 6, '2020-11-24 01:10:20', 1);
insert into BOOK_REVIEW_LIKE (id, review_id, user_id, time, value) values (275, 128, 10, '2021-01-26 14:38:33', -1);
insert into BOOK_REVIEW_LIKE (id, review_id, user_id, time, value) values (276, 266, 11, '2020-05-28 07:50:28', -1);
insert into BOOK_REVIEW_LIKE (id, review_id, user_id, time, value) values (277, 174, 18, '2020-05-15 13:18:53', -1);
insert into BOOK_REVIEW_LIKE (id, review_id, user_id, time, value) values (278, 286, 21, '2020-10-11 20:47:42', 1);
insert into BOOK_REVIEW_LIKE (id, review_id, user_id, time, value) values (279, 116, 10, '2020-05-25 17:18:19', 1);
insert into BOOK_REVIEW_LIKE (id, review_id, user_id, time, value) values (280, 191, 15, '2020-07-26 08:15:51', -1);
insert into BOOK_REVIEW_LIKE (id, review_id, user_id, time, value) values (281, 43, 2, '2020-06-25 20:48:41', -1);
insert into BOOK_REVIEW_LIKE (id, review_id, user_id, time, value) values (282, 262, 14, '2021-03-13 23:22:07', 1);
insert into BOOK_REVIEW_LIKE (id, review_id, user_id, time, value) values (283, 149, 12, '2020-11-10 05:23:42', -1);
insert into BOOK_REVIEW_LIKE (id, review_id, user_id, time, value) values (284, 37, 15, '2021-02-20 08:33:11', -1);
insert into BOOK_REVIEW_LIKE (id, review_id, user_id, time, value) values (285, 33, 15, '2020-07-02 11:00:33', -1);
insert into BOOK_REVIEW_LIKE (id, review_id, user_id, time, value) values (286, 15, 3, '2020-04-08 12:26:21', -1);
insert into BOOK_REVIEW_LIKE (id, review_id, user_id, time, value) values (287, 270, 7, '2020-10-05 22:11:21', -1);
insert into BOOK_REVIEW_LIKE (id, review_id, user_id, time, value) values (288, 33, 10, '2020-08-17 23:40:39', 1);
insert into BOOK_REVIEW_LIKE (id, review_id, user_id, time, value) values (289, 113, 22, '2020-07-02 01:28:28', 1);
insert into BOOK_REVIEW_LIKE (id, review_id, user_id, time, value) values (290, 292, 22, '2021-03-14 11:38:42', 1);
insert into BOOK_REVIEW_LIKE (id, review_id, user_id, time, value) values (291, 242, 21, '2021-02-04 17:33:16', -1);
insert into BOOK_REVIEW_LIKE (id, review_id, user_id, time, value) values (292, 155, 12, '2020-07-12 09:22:25', 1);
insert into BOOK_REVIEW_LIKE (id, review_id, user_id, time, value) values (293, 57, 18, '2020-06-18 15:06:29', -1);
insert into BOOK_REVIEW_LIKE (id, review_id, user_id, time, value) values (294, 177, 12, '2021-02-08 10:09:16', -1);
insert into BOOK_REVIEW_LIKE (id, review_id, user_id, time, value) values (295, 211, 22, '2021-02-23 13:16:46', 1);
insert into BOOK_REVIEW_LIKE (id, review_id, user_id, time, value) values (296, 178, 10, '2020-04-11 23:37:53', 1);
insert into BOOK_REVIEW_LIKE (id, review_id, user_id, time, value) values (297, 263, 19, '2020-08-01 00:25:21', -1);
insert into BOOK_REVIEW_LIKE (id, review_id, user_id, time, value) values (298, 147, 15, '2020-10-10 06:44:10', 1);
insert into BOOK_REVIEW_LIKE (id, review_id, user_id, time, value) values (299, 274, 7, '2021-02-01 22:05:49', -1);
insert into BOOK_REVIEW_LIKE (id, review_id, user_id, time, value) values (300, 46, 23, '2020-07-21 10:32:36', 1);
insert into BOOK_REVIEW_LIKE (id, review_id, user_id, time, value) values (301, 19, 7, '2020-11-05 18:11:00', -1);
insert into BOOK_REVIEW_LIKE (id, review_id, user_id, time, value) values (302, 303, 15, '2021-03-17 07:52:04', 1);
insert into BOOK_REVIEW_LIKE (id, review_id, user_id, time, value) values (303, 39, 11, '2021-01-08 04:59:29', 1);
insert into BOOK_REVIEW_LIKE (id, review_id, user_id, time, value) values (304, 141, 5, '2020-07-22 10:13:51', -1);
insert into BOOK_REVIEW_LIKE (id, review_id, user_id, time, value) values (305, 309, 6, '2020-07-12 23:22:51', 1);
insert into BOOK_REVIEW_LIKE (id, review_id, user_id, time, value) values (306, 311, 4, '2020-07-08 12:23:44', -1);
insert into BOOK_REVIEW_LIKE (id, review_id, user_id, time, value) values (307, 224, 17, '2021-02-08 11:16:17', 1);
insert into BOOK_REVIEW_LIKE (id, review_id, user_id, time, value) values (308, 221, 17, '2020-04-01 22:31:37', 1);
insert into BOOK_REVIEW_LIKE (id, review_id, user_id, time, value) values (309, 267, 4, '2020-06-06 17:24:56', -1);
insert into BOOK_REVIEW_LIKE (id, review_id, user_id, time, value) values (310, 183, 20, '2020-12-25 04:46:59', 1);
insert into BOOK_REVIEW_LIKE (id, review_id, user_id, time, value) values (311, 107, 13, '2020-07-01 05:18:51', 1);
insert into BOOK_REVIEW_LIKE (id, review_id, user_id, time, value) values (312, 67, 3, '2021-01-14 02:47:14', -1);
insert into BOOK_REVIEW_LIKE (id, review_id, user_id, time, value) values (313, 292, 23, '2020-08-24 10:41:00', 1);
insert into BOOK_REVIEW_LIKE (id, review_id, user_id, time, value) values (314, 274, 10, '2020-05-02 14:40:30', -1);
insert into BOOK_REVIEW_LIKE (id, review_id, user_id, time, value) values (315, 69, 8, '2020-11-23 13:52:12', -1);
insert into BOOK_REVIEW_LIKE (id, review_id, user_id, time, value) values (316, 96, 14, '2020-10-19 19:46:44', 1);
insert into BOOK_REVIEW_LIKE (id, review_id, user_id, time, value) values (317, 213, 23, '2020-05-08 15:17:50', 1);
insert into BOOK_REVIEW_LIKE (id, review_id, user_id, time, value) values (318, 274, 20, '2020-03-31 07:49:54', -1);
insert into BOOK_REVIEW_LIKE (id, review_id, user_id, time, value) values (319, 254, 3, '2020-11-19 16:49:11', -1);
insert into BOOK_REVIEW_LIKE (id, review_id, user_id, time, value) values (320, 60, 13, '2020-03-19 15:14:58', 1);
insert into BOOK_REVIEW_LIKE (id, review_id, user_id, time, value) values (321, 305, 14, '2020-04-09 09:48:51', -1);
insert into BOOK_REVIEW_LIKE (id, review_id, user_id, time, value) values (322, 27, 12, '2021-02-15 21:18:44', -1);
insert into BOOK_REVIEW_LIKE (id, review_id, user_id, time, value) values (323, 3, 19, '2020-07-30 22:43:32', 1);
insert into BOOK_REVIEW_LIKE (id, review_id, user_id, time, value) values (324, 210, 7, '2020-06-16 20:49:51', -1);
insert into BOOK_REVIEW_LIKE (id, review_id, user_id, time, value) values (325, 76, 15, '2021-03-06 09:35:15', -1);
insert into BOOK_REVIEW_LIKE (id, review_id, user_id, time, value) values (326, 224, 3, '2020-07-13 03:10:50', 1);
insert into BOOK_REVIEW_LIKE (id, review_id, user_id, time, value) values (327, 200, 8, '2020-11-23 05:37:50', 1);
insert into BOOK_REVIEW_LIKE (id, review_id, user_id, time, value) values (328, 178, 2, '2020-08-18 12:19:43', 1);
insert into BOOK_REVIEW_LIKE (id, review_id, user_id, time, value) values (329, 202, 3, '2020-03-29 11:13:02', -1);
insert into BOOK_REVIEW_LIKE (id, review_id, user_id, time, value) values (330, 191, 20, '2020-10-18 04:19:59', -1);
insert into BOOK_REVIEW_LIKE (id, review_id, user_id, time, value) values (331, 27, 4, '2020-09-01 22:37:07', 1);
insert into BOOK_REVIEW_LIKE (id, review_id, user_id, time, value) values (332, 226, 10, '2020-07-29 01:25:20', -1);
insert into BOOK_REVIEW_LIKE (id, review_id, user_id, time, value) values (333, 229, 20, '2020-07-26 14:21:33', 1);
insert into BOOK_REVIEW_LIKE (id, review_id, user_id, time, value) values (334, 92, 6, '2020-05-19 07:21:01', 1);
insert into BOOK_REVIEW_LIKE (id, review_id, user_id, time, value) values (335, 155, 22, '2020-05-25 21:04:48', 1);
insert into BOOK_REVIEW_LIKE (id, review_id, user_id, time, value) values (336, 51, 13, '2020-08-02 12:27:35', 1);
insert into BOOK_REVIEW_LIKE (id, review_id, user_id, time, value) values (337, 41, 2, '2021-02-08 13:13:08', 1);
insert into BOOK_REVIEW_LIKE (id, review_id, user_id, time, value) values (338, 128, 18, '2020-04-21 14:54:12', 1);
insert into BOOK_REVIEW_LIKE (id, review_id, user_id, time, value) values (339, 41, 15, '2020-10-30 09:02:58', -1);
insert into BOOK_REVIEW_LIKE (id, review_id, user_id, time, value) values (340, 183, 19, '2020-12-18 06:56:59', -1);
insert into BOOK_REVIEW_LIKE (id, review_id, user_id, time, value) values (341, 293, 18, '2020-09-22 13:15:08', 1);
insert into BOOK_REVIEW_LIKE (id, review_id, user_id, time, value) values (342, 66, 10, '2021-02-11 16:23:29', -1);
insert into BOOK_REVIEW_LIKE (id, review_id, user_id, time, value) values (343, 89, 14, '2020-10-18 11:35:55', 1);
insert into BOOK_REVIEW_LIKE (id, review_id, user_id, time, value) values (344, 205, 2, '2020-12-22 13:53:08', -1);
insert into BOOK_REVIEW_LIKE (id, review_id, user_id, time, value) values (345, 70, 16, '2020-10-28 19:09:17', 1);
insert into BOOK_REVIEW_LIKE (id, review_id, user_id, time, value) values (346, 116, 13, '2020-10-15 23:15:02', 1);
insert into BOOK_REVIEW_LIKE (id, review_id, user_id, time, value) values (347, 41, 20, '2020-06-02 19:03:25', -1);
insert into BOOK_REVIEW_LIKE (id, review_id, user_id, time, value) values (348, 306, 23, '2020-05-30 10:31:42', 1);
insert into BOOK_REVIEW_LIKE (id, review_id, user_id, time, value) values (349, 202, 14, '2021-03-07 19:37:10', 1);
insert into BOOK_REVIEW_LIKE (id, review_id, user_id, time, value) values (350, 267, 15, '2020-04-12 22:23:53', 1);
insert into BOOK_REVIEW_LIKE (id, review_id, user_id, time, value) values (351, 245, 8, '2021-02-16 07:26:28', -1);
insert into BOOK_REVIEW_LIKE (id, review_id, user_id, time, value) values (352, 302, 20, '2020-08-12 12:48:56', -1);
insert into BOOK_REVIEW_LIKE (id, review_id, user_id, time, value) values (353, 90, 6, '2020-07-25 13:07:46', 1);
insert into BOOK_REVIEW_LIKE (id, review_id, user_id, time, value) values (354, 297, 13, '2020-09-14 20:30:15', 1);
insert into BOOK_REVIEW_LIKE (id, review_id, user_id, time, value) values (355, 235, 1, '2020-08-31 17:50:04', -1);
insert into BOOK_REVIEW_LIKE (id, review_id, user_id, time, value) values (356, 143, 23, '2020-10-10 09:08:44', 1);
insert into BOOK_REVIEW_LIKE (id, review_id, user_id, time, value) values (357, 45, 6, '2020-08-25 13:35:00', 1);
insert into BOOK_REVIEW_LIKE (id, review_id, user_id, time, value) values (358, 267, 9, '2020-04-23 06:45:19', -1);
insert into BOOK_REVIEW_LIKE (id, review_id, user_id, time, value) values (359, 90, 3, '2021-01-29 15:16:47', -1);
insert into BOOK_REVIEW_LIKE (id, review_id, user_id, time, value) values (360, 30, 1, '2020-09-27 11:18:38', -1);
insert into BOOK_REVIEW_LIKE (id, review_id, user_id, time, value) values (361, 2, 18, '2020-06-11 14:46:08', -1);
insert into BOOK_REVIEW_LIKE (id, review_id, user_id, time, value) values (362, 94, 16, '2020-07-29 17:12:02', -1);
insert into BOOK_REVIEW_LIKE (id, review_id, user_id, time, value) values (363, 32, 19, '2020-10-04 21:22:37', 1);
insert into BOOK_REVIEW_LIKE (id, review_id, user_id, time, value) values (364, 212, 19, '2020-03-28 09:46:18', 1);
insert into BOOK_REVIEW_LIKE (id, review_id, user_id, time, value) values (365, 170, 16, '2020-12-02 15:03:22', 1);
insert into BOOK_REVIEW_LIKE (id, review_id, user_id, time, value) values (366, 141, 15, '2021-02-08 03:48:46', 1);
insert into BOOK_REVIEW_LIKE (id, review_id, user_id, time, value) values (367, 312, 11, '2020-09-19 02:22:19', -1);
insert into BOOK_REVIEW_LIKE (id, review_id, user_id, time, value) values (368, 113, 16, '2021-02-10 16:48:36', -1);
insert into BOOK_REVIEW_LIKE (id, review_id, user_id, time, value) values (369, 267, 5, '2020-05-04 05:52:31', -1);
insert into BOOK_REVIEW_LIKE (id, review_id, user_id, time, value) values (370, 210, 5, '2020-04-16 14:12:33', -1);
insert into BOOK_REVIEW_LIKE (id, review_id, user_id, time, value) values (371, 51, 21, '2021-01-04 06:12:33', -1);
insert into BOOK_REVIEW_LIKE (id, review_id, user_id, time, value) values (372, 197, 20, '2020-08-14 21:32:09', 1);
insert into BOOK_REVIEW_LIKE (id, review_id, user_id, time, value) values (373, 37, 6, '2021-02-19 12:09:02', 1);
insert into BOOK_REVIEW_LIKE (id, review_id, user_id, time, value) values (374, 275, 4, '2020-12-25 16:08:24', -1);
insert into BOOK_REVIEW_LIKE (id, review_id, user_id, time, value) values (375, 35, 10, '2020-05-23 16:54:16', -1);
insert into BOOK_REVIEW_LIKE (id, review_id, user_id, time, value) values (376, 280, 19, '2020-08-20 22:41:16', -1);
insert into BOOK_REVIEW_LIKE (id, review_id, user_id, time, value) values (377, 261, 18, '2020-09-02 13:05:02', 1);
insert into BOOK_REVIEW_LIKE (id, review_id, user_id, time, value) values (378, 224, 14, '2020-08-08 15:38:21', 1);
insert into BOOK_REVIEW_LIKE (id, review_id, user_id, time, value) values (379, 267, 12, '2020-05-19 19:25:45', -1);
insert into BOOK_REVIEW_LIKE (id, review_id, user_id, time, value) values (380, 309, 13, '2020-06-27 14:28:49', -1);
insert into BOOK_REVIEW_LIKE (id, review_id, user_id, time, value) values (381, 192, 11, '2020-06-09 22:54:54', 1);
insert into BOOK_REVIEW_LIKE (id, review_id, user_id, time, value) values (382, 47, 4, '2020-07-26 17:40:34', -1);
insert into BOOK_REVIEW_LIKE (id, review_id, user_id, time, value) values (383, 94, 12, '2021-03-13 04:39:01', -1);
insert into BOOK_REVIEW_LIKE (id, review_id, user_id, time, value) values (384, 261, 16, '2020-12-07 19:05:17', -1);
insert into BOOK_REVIEW_LIKE (id, review_id, user_id, time, value) values (385, 281, 20, '2020-07-18 19:29:33', 1);
insert into BOOK_REVIEW_LIKE (id, review_id, user_id, time, value) values (386, 146, 7, '2020-09-05 15:42:47', -1);
insert into BOOK_REVIEW_LIKE (id, review_id, user_id, time, value) values (387, 261, 7, '2020-03-31 00:24:57', 1);
insert into BOOK_REVIEW_LIKE (id, review_id, user_id, time, value) values (388, 228, 18, '2020-09-20 15:01:21', 1);
insert into BOOK_REVIEW_LIKE (id, review_id, user_id, time, value) values (389, 8, 13, '2020-08-04 03:42:29', -1);
insert into BOOK_REVIEW_LIKE (id, review_id, user_id, time, value) values (390, 244, 2, '2020-06-29 22:42:23', -1);
insert into BOOK_REVIEW_LIKE (id, review_id, user_id, time, value) values (391, 293, 23, '2020-07-01 01:06:32', -1);
insert into BOOK_REVIEW_LIKE (id, review_id, user_id, time, value) values (392, 108, 3, '2020-08-12 19:44:47', 1);
insert into BOOK_REVIEW_LIKE (id, review_id, user_id, time, value) values (393, 33, 2, '2020-08-18 14:48:38', 1);
insert into BOOK_REVIEW_LIKE (id, review_id, user_id, time, value) values (394, 11, 10, '2020-04-08 18:44:49', 1);
insert into BOOK_REVIEW_LIKE (id, review_id, user_id, time, value) values (395, 142, 6, '2020-06-03 07:37:08', 1);
insert into BOOK_REVIEW_LIKE (id, review_id, user_id, time, value) values (396, 263, 18, '2021-01-26 10:31:35', -1);
insert into BOOK_REVIEW_LIKE (id, review_id, user_id, time, value) values (397, 307, 1, '2020-08-24 23:39:22', -1);
insert into BOOK_REVIEW_LIKE (id, review_id, user_id, time, value) values (398, 47, 13, '2020-07-21 10:53:25', 1);
insert into BOOK_REVIEW_LIKE (id, review_id, user_id, time, value) values (399, 166, 3, '2021-03-04 23:47:21', -1);
insert into BOOK_REVIEW_LIKE (id, review_id, user_id, time, value) values (400, 308, 18, '2020-09-15 20:04:16', 1);
insert into BOOK_REVIEW_LIKE (id, review_id, user_id, time, value) values (401, 114, 8, '2020-04-05 07:50:48', 1);
insert into BOOK_REVIEW_LIKE (id, review_id, user_id, time, value) values (402, 73, 17, '2020-06-01 05:20:34', 1);
insert into BOOK_REVIEW_LIKE (id, review_id, user_id, time, value) values (403, 190, 22, '2020-11-17 04:18:23', -1);
insert into BOOK_REVIEW_LIKE (id, review_id, user_id, time, value) values (404, 289, 6, '2020-08-14 00:28:37', -1);
insert into BOOK_REVIEW_LIKE (id, review_id, user_id, time, value) values (405, 32, 12, '2020-04-02 07:57:16', -1);
insert into BOOK_REVIEW_LIKE (id, review_id, user_id, time, value) values (406, 215, 7, '2021-01-21 03:44:13', 1);
insert into BOOK_REVIEW_LIKE (id, review_id, user_id, time, value) values (407, 296, 12, '2020-11-28 06:44:54', 1);
insert into BOOK_REVIEW_LIKE (id, review_id, user_id, time, value) values (408, 93, 8, '2020-09-11 03:24:58', 1);
insert into BOOK_REVIEW_LIKE (id, review_id, user_id, time, value) values (409, 253, 8, '2020-07-01 19:40:43', -1);
insert into BOOK_REVIEW_LIKE (id, review_id, user_id, time, value) values (410, 58, 13, '2021-03-03 10:36:08', -1);
insert into BOOK_REVIEW_LIKE (id, review_id, user_id, time, value) values (411, 208, 20, '2020-04-07 10:49:14', 1);
insert into BOOK_REVIEW_LIKE (id, review_id, user_id, time, value) values (412, 39, 17, '2020-04-23 20:51:18', 1);
insert into BOOK_REVIEW_LIKE (id, review_id, user_id, time, value) values (413, 112, 18, '2020-11-02 21:35:13', 1);
insert into BOOK_REVIEW_LIKE (id, review_id, user_id, time, value) values (414, 303, 1, '2020-07-23 08:32:09', -1);
insert into BOOK_REVIEW_LIKE (id, review_id, user_id, time, value) values (415, 125, 18, '2020-04-08 12:48:07', -1);
insert into BOOK_REVIEW_LIKE (id, review_id, user_id, time, value) values (416, 156, 7, '2020-06-10 04:26:05', -1);
insert into BOOK_REVIEW_LIKE (id, review_id, user_id, time, value) values (417, 278, 16, '2020-06-29 20:38:42', 1);
insert into BOOK_REVIEW_LIKE (id, review_id, user_id, time, value) values (418, 287, 16, '2021-02-20 12:50:01', -1);
insert into BOOK_REVIEW_LIKE (id, review_id, user_id, time, value) values (419, 21, 2, '2020-09-01 18:36:00', 1);
insert into BOOK_REVIEW_LIKE (id, review_id, user_id, time, value) values (420, 92, 16, '2021-01-26 03:41:02', -1);
insert into BOOK_REVIEW_LIKE (id, review_id, user_id, time, value) values (421, 29, 23, '2020-09-29 22:12:54', -1);
insert into BOOK_REVIEW_LIKE (id, review_id, user_id, time, value) values (422, 121, 22, '2021-02-13 22:46:10', -1);
insert into BOOK_REVIEW_LIKE (id, review_id, user_id, time, value) values (423, 5, 2, '2020-06-13 05:43:13', 1);
insert into BOOK_REVIEW_LIKE (id, review_id, user_id, time, value) values (424, 51, 5, '2020-04-19 22:27:58', 1);
insert into BOOK_REVIEW_LIKE (id, review_id, user_id, time, value) values (425, 113, 18, '2021-03-12 13:55:31', 1);
insert into BOOK_REVIEW_LIKE (id, review_id, user_id, time, value) values (426, 26, 23, '2021-03-01 01:11:54', -1);
insert into BOOK_REVIEW_LIKE (id, review_id, user_id, time, value) values (427, 220, 11, '2020-11-24 09:03:29', 1);
insert into BOOK_REVIEW_LIKE (id, review_id, user_id, time, value) values (428, 129, 14, '2020-10-25 00:46:09', -1);
insert into BOOK_REVIEW_LIKE (id, review_id, user_id, time, value) values (429, 217, 5, '2020-06-21 15:36:42', -1);
insert into BOOK_REVIEW_LIKE (id, review_id, user_id, time, value) values (430, 277, 6, '2020-03-30 04:30:01', 1);
insert into BOOK_REVIEW_LIKE (id, review_id, user_id, time, value) values (431, 249, 20, '2020-09-06 07:31:32', -1);
insert into BOOK_REVIEW_LIKE (id, review_id, user_id, time, value) values (432, 25, 12, '2020-04-04 13:12:33', -1);
insert into BOOK_REVIEW_LIKE (id, review_id, user_id, time, value) values (433, 62, 23, '2021-01-13 02:37:09', -1);
insert into BOOK_REVIEW_LIKE (id, review_id, user_id, time, value) values (434, 273, 10, '2021-02-11 06:09:10', -1);
insert into BOOK_REVIEW_LIKE (id, review_id, user_id, time, value) values (435, 245, 12, '2020-12-31 14:25:41', 1);
insert into BOOK_REVIEW_LIKE (id, review_id, user_id, time, value) values (436, 44, 20, '2020-09-13 14:20:51', 1);
insert into BOOK_REVIEW_LIKE (id, review_id, user_id, time, value) values (437, 138, 19, '2020-07-08 09:22:53', -1);
insert into BOOK_REVIEW_LIKE (id, review_id, user_id, time, value) values (438, 256, 12, '2020-09-12 08:04:11', -1);
insert into BOOK_REVIEW_LIKE (id, review_id, user_id, time, value) values (439, 249, 7, '2020-04-03 08:02:22', 1);
insert into BOOK_REVIEW_LIKE (id, review_id, user_id, time, value) values (440, 142, 7, '2020-08-31 19:29:20', -1);
insert into BOOK_REVIEW_LIKE (id, review_id, user_id, time, value) values (441, 175, 3, '2020-10-30 12:14:36', -1);
insert into BOOK_REVIEW_LIKE (id, review_id, user_id, time, value) values (442, 303, 6, '2020-11-25 05:33:20', -1);
insert into BOOK_REVIEW_LIKE (id, review_id, user_id, time, value) values (443, 266, 12, '2020-07-13 10:13:01', -1);
insert into BOOK_REVIEW_LIKE (id, review_id, user_id, time, value) values (444, 83, 4, '2020-06-04 11:34:30', -1);
insert into BOOK_REVIEW_LIKE (id, review_id, user_id, time, value) values (445, 189, 13, '2020-06-25 01:46:18', 1);
insert into BOOK_REVIEW_LIKE (id, review_id, user_id, time, value) values (446, 258, 12, '2020-09-01 17:47:39', -1);
insert into BOOK_REVIEW_LIKE (id, review_id, user_id, time, value) values (447, 259, 3, '2020-04-27 01:14:29', -1);
insert into BOOK_REVIEW_LIKE (id, review_id, user_id, time, value) values (448, 264, 17, '2020-05-16 16:43:53', 1);
insert into BOOK_REVIEW_LIKE (id, review_id, user_id, time, value) values (449, 192, 11, '2020-10-25 23:37:24', -1);
insert into BOOK_REVIEW_LIKE (id, review_id, user_id, time, value) values (450, 43, 9, '2021-02-22 13:57:45', -1);
insert into BOOK_REVIEW_LIKE (id, review_id, user_id, time, value) values (451, 70, 23, '2020-09-22 04:23:17', 1);
insert into BOOK_REVIEW_LIKE (id, review_id, user_id, time, value) values (452, 14, 18, '2021-02-02 14:21:49', 1);
insert into BOOK_REVIEW_LIKE (id, review_id, user_id, time, value) values (453, 275, 12, '2020-04-26 18:54:29', -1);
insert into BOOK_REVIEW_LIKE (id, review_id, user_id, time, value) values (454, 310, 4, '2020-09-12 03:46:22', 1);
insert into BOOK_REVIEW_LIKE (id, review_id, user_id, time, value) values (455, 179, 19, '2020-07-23 18:35:52', -1);
insert into BOOK_REVIEW_LIKE (id, review_id, user_id, time, value) values (456, 274, 10, '2021-02-28 10:50:42', 1);
insert into BOOK_REVIEW_LIKE (id, review_id, user_id, time, value) values (457, 151, 8, '2020-11-02 13:54:21', 1);
insert into BOOK_REVIEW_LIKE (id, review_id, user_id, time, value) values (458, 168, 20, '2021-02-23 18:08:16', -1);
insert into BOOK_REVIEW_LIKE (id, review_id, user_id, time, value) values (459, 120, 3, '2020-07-10 05:19:02', 1);
insert into BOOK_REVIEW_LIKE (id, review_id, user_id, time, value) values (460, 286, 2, '2021-01-18 14:07:02', 1);
insert into BOOK_REVIEW_LIKE (id, review_id, user_id, time, value) values (461, 100, 17, '2020-05-02 18:18:41', 1);
insert into BOOK_REVIEW_LIKE (id, review_id, user_id, time, value) values (462, 271, 8, '2020-10-25 06:06:15', 1);
insert into BOOK_REVIEW_LIKE (id, review_id, user_id, time, value) values (463, 68, 7, '2020-09-21 08:52:00', 1);
insert into BOOK_REVIEW_LIKE (id, review_id, user_id, time, value) values (464, 203, 15, '2021-02-07 12:48:21', 1);
insert into BOOK_REVIEW_LIKE (id, review_id, user_id, time, value) values (465, 179, 13, '2020-05-30 15:41:32', -1);
insert into BOOK_REVIEW_LIKE (id, review_id, user_id, time, value) values (466, 80, 5, '2020-06-29 11:42:51', 1);
insert into BOOK_REVIEW_LIKE (id, review_id, user_id, time, value) values (467, 258, 22, '2020-12-14 07:50:44', 1);
insert into BOOK_REVIEW_LIKE (id, review_id, user_id, time, value) values (468, 97, 2, '2020-10-16 17:38:05', 1);
insert into BOOK_REVIEW_LIKE (id, review_id, user_id, time, value) values (469, 66, 10, '2020-11-10 01:46:51', -1);
insert into BOOK_REVIEW_LIKE (id, review_id, user_id, time, value) values (470, 271, 6, '2020-12-21 04:26:21', 1);
insert into BOOK_REVIEW_LIKE (id, review_id, user_id, time, value) values (471, 136, 4, '2020-08-17 19:36:26', 1);
insert into BOOK_REVIEW_LIKE (id, review_id, user_id, time, value) values (472, 95, 4, '2021-02-09 00:48:05', -1);
insert into BOOK_REVIEW_LIKE (id, review_id, user_id, time, value) values (473, 311, 3, '2020-06-05 10:00:18', 1);
insert into BOOK_REVIEW_LIKE (id, review_id, user_id, time, value) values (474, 95, 15, '2020-12-19 23:06:14', -1);
insert into BOOK_REVIEW_LIKE (id, review_id, user_id, time, value) values (475, 210, 2, '2020-11-19 19:05:41', -1);
insert into BOOK_REVIEW_LIKE (id, review_id, user_id, time, value) values (476, 48, 21, '2020-09-11 15:22:40', -1);
insert into BOOK_REVIEW_LIKE (id, review_id, user_id, time, value) values (477, 307, 10, '2020-09-10 23:34:06', -1);
insert into BOOK_REVIEW_LIKE (id, review_id, user_id, time, value) values (478, 70, 21, '2020-10-14 13:22:22', 1);
insert into BOOK_REVIEW_LIKE (id, review_id, user_id, time, value) values (479, 228, 17, '2020-10-19 11:07:36', 1);
insert into BOOK_REVIEW_LIKE (id, review_id, user_id, time, value) values (480, 142, 18, '2020-10-23 13:02:15', -1);
insert into BOOK_REVIEW_LIKE (id, review_id, user_id, time, value) values (481, 272, 17, '2021-02-16 10:10:27', 1);
insert into BOOK_REVIEW_LIKE (id, review_id, user_id, time, value) values (482, 85, 6, '2020-10-07 14:27:41', 1);
insert into BOOK_REVIEW_LIKE (id, review_id, user_id, time, value) values (483, 212, 17, '2021-02-08 00:32:50', 1);
insert into BOOK_REVIEW_LIKE (id, review_id, user_id, time, value) values (484, 192, 19, '2020-09-06 01:45:02', -1);
insert into BOOK_REVIEW_LIKE (id, review_id, user_id, time, value) values (485, 252, 8, '2020-10-31 18:24:53', -1);
insert into BOOK_REVIEW_LIKE (id, review_id, user_id, time, value) values (486, 110, 19, '2021-01-15 02:07:42', -1);
insert into BOOK_REVIEW_LIKE (id, review_id, user_id, time, value) values (487, 65, 14, '2021-02-16 04:30:56', -1);
insert into BOOK_REVIEW_LIKE (id, review_id, user_id, time, value) values (488, 268, 10, '2020-12-20 13:43:54', -1);
insert into BOOK_REVIEW_LIKE (id, review_id, user_id, time, value) values (489, 298, 21, '2020-04-23 05:40:25', -1);
insert into BOOK_REVIEW_LIKE (id, review_id, user_id, time, value) values (490, 277, 7, '2020-11-13 04:38:00', -1);
insert into BOOK_REVIEW_LIKE (id, review_id, user_id, time, value) values (491, 176, 8, '2020-08-25 18:46:47', 1);
insert into BOOK_REVIEW_LIKE (id, review_id, user_id, time, value) values (492, 91, 11, '2020-06-13 16:41:28', 1);
insert into BOOK_REVIEW_LIKE (id, review_id, user_id, time, value) values (493, 76, 22, '2020-09-22 08:18:42', -1);
insert into BOOK_REVIEW_LIKE (id, review_id, user_id, time, value) values (494, 199, 20, '2020-06-20 19:40:15', -1);
insert into BOOK_REVIEW_LIKE (id, review_id, user_id, time, value) values (495, 186, 5, '2020-07-31 08:40:01', 1);
insert into BOOK_REVIEW_LIKE (id, review_id, user_id, time, value) values (496, 303, 8, '2020-11-23 16:06:48', -1);
insert into BOOK_REVIEW_LIKE (id, review_id, user_id, time, value) values (497, 41, 23, '2021-02-11 19:08:21', 1);
insert into BOOK_REVIEW_LIKE (id, review_id, user_id, time, value) values (498, 243, 10, '2020-04-03 20:43:03', -1);
insert into BOOK_REVIEW_LIKE (id, review_id, user_id, time, value) values (499, 263, 12, '2020-05-24 05:30:04', -1);
insert into BOOK_REVIEW_LIKE (id, review_id, user_id, time, value) values (500, 53, 2, '2020-12-22 09:03:39', 1);
insert into BOOK_REVIEW_LIKE (id, review_id, user_id, time, value) values (501, 89, 20, '2021-01-16 00:21:41', -1);
insert into BOOK_REVIEW_LIKE (id, review_id, user_id, time, value) values (502, 35, 2, '2020-11-20 00:08:47', -1);
insert into BOOK_REVIEW_LIKE (id, review_id, user_id, time, value) values (503, 254, 5, '2021-01-13 07:35:48', -1);
insert into BOOK_REVIEW_LIKE (id, review_id, user_id, time, value) values (504, 271, 23, '2020-10-23 17:12:39', 1);
insert into BOOK_REVIEW_LIKE (id, review_id, user_id, time, value) values (505, 262, 17, '2021-01-26 20:30:42', -1);
insert into BOOK_REVIEW_LIKE (id, review_id, user_id, time, value) values (506, 49, 18, '2020-05-08 15:32:13', 1);
insert into BOOK_REVIEW_LIKE (id, review_id, user_id, time, value) values (507, 308, 12, '2020-11-29 16:58:58', 1);
insert into BOOK_REVIEW_LIKE (id, review_id, user_id, time, value) values (508, 24, 20, '2020-12-08 17:39:57', 1);
insert into BOOK_REVIEW_LIKE (id, review_id, user_id, time, value) values (509, 165, 3, '2020-09-09 12:40:09', 1);
insert into BOOK_REVIEW_LIKE (id, review_id, user_id, time, value) values (510, 102, 21, '2021-02-19 11:51:14', -1);
insert into BOOK_REVIEW_LIKE (id, review_id, user_id, time, value) values (511, 22, 13, '2020-05-22 05:27:34', -1);
insert into BOOK_REVIEW_LIKE (id, review_id, user_id, time, value) values (512, 291, 14, '2020-04-10 21:58:35', -1);
insert into BOOK_REVIEW_LIKE (id, review_id, user_id, time, value) values (513, 154, 10, '2020-10-28 13:02:14', -1);
insert into BOOK_REVIEW_LIKE (id, review_id, user_id, time, value) values (514, 106, 17, '2020-06-13 00:13:06', 1);
insert into BOOK_REVIEW_LIKE (id, review_id, user_id, time, value) values (515, 307, 13, '2021-02-21 06:15:03', 1);
insert into BOOK_REVIEW_LIKE (id, review_id, user_id, time, value) values (516, 298, 19, '2020-11-24 01:51:22', 1);
insert into BOOK_REVIEW_LIKE (id, review_id, user_id, time, value) values (517, 21, 13, '2020-07-26 20:55:55', -1);
insert into BOOK_REVIEW_LIKE (id, review_id, user_id, time, value) values (518, 262, 21, '2020-04-28 05:51:32', 1);
insert into BOOK_REVIEW_LIKE (id, review_id, user_id, time, value) values (519, 106, 8, '2020-07-14 06:04:32', 1);
insert into BOOK_REVIEW_LIKE (id, review_id, user_id, time, value) values (520, 183, 4, '2020-05-28 18:03:48', -1);
insert into BOOK_REVIEW_LIKE (id, review_id, user_id, time, value) values (521, 126, 1, '2020-09-20 10:49:44', 1);
insert into BOOK_REVIEW_LIKE (id, review_id, user_id, time, value) values (522, 2, 6, '2020-10-23 20:11:47', -1);
insert into BOOK_REVIEW_LIKE (id, review_id, user_id, time, value) values (523, 281, 9, '2020-08-17 04:16:43', -1);
insert into BOOK_REVIEW_LIKE (id, review_id, user_id, time, value) values (524, 107, 13, '2021-01-21 00:12:30', 1);
insert into BOOK_REVIEW_LIKE (id, review_id, user_id, time, value) values (525, 65, 5, '2020-11-03 06:26:17', 1);
insert into BOOK_REVIEW_LIKE (id, review_id, user_id, time, value) values (526, 231, 10, '2020-05-28 14:02:21', -1);
insert into BOOK_REVIEW_LIKE (id, review_id, user_id, time, value) values (527, 81, 4, '2020-08-14 05:22:36', -1);
insert into BOOK_REVIEW_LIKE (id, review_id, user_id, time, value) values (528, 171, 2, '2020-04-25 05:17:52', 1);
insert into BOOK_REVIEW_LIKE (id, review_id, user_id, time, value) values (529, 116, 13, '2020-12-30 20:30:08', -1);
insert into BOOK_REVIEW_LIKE (id, review_id, user_id, time, value) values (530, 33, 14, '2020-07-22 05:07:54', 1);
insert into BOOK_REVIEW_LIKE (id, review_id, user_id, time, value) values (531, 285, 12, '2020-05-15 03:59:15', 1);
insert into BOOK_REVIEW_LIKE (id, review_id, user_id, time, value) values (532, 205, 21, '2020-10-06 15:57:22', 1);
insert into BOOK_REVIEW_LIKE (id, review_id, user_id, time, value) values (533, 177, 15, '2020-11-17 10:24:36', -1);
insert into BOOK_REVIEW_LIKE (id, review_id, user_id, time, value) values (534, 168, 7, '2020-04-03 05:19:04', 1);
insert into BOOK_REVIEW_LIKE (id, review_id, user_id, time, value) values (535, 286, 12, '2021-01-22 17:41:37', -1);
insert into BOOK_REVIEW_LIKE (id, review_id, user_id, time, value) values (536, 174, 15, '2020-09-25 11:24:09', -1);
insert into BOOK_REVIEW_LIKE (id, review_id, user_id, time, value) values (537, 194, 6, '2020-09-23 17:38:37', 1);
insert into BOOK_REVIEW_LIKE (id, review_id, user_id, time, value) values (538, 3, 19, '2020-08-03 06:45:40', -1);
insert into BOOK_REVIEW_LIKE (id, review_id, user_id, time, value) values (539, 85, 8, '2020-12-04 22:58:11', -1);
insert into BOOK_REVIEW_LIKE (id, review_id, user_id, time, value) values (540, 76, 2, '2021-02-10 09:49:23', 1);
insert into BOOK_REVIEW_LIKE (id, review_id, user_id, time, value) values (541, 44, 16, '2020-04-08 12:56:49', -1);
insert into BOOK_REVIEW_LIKE (id, review_id, user_id, time, value) values (542, 15, 13, '2020-03-22 19:33:16', -1);
insert into BOOK_REVIEW_LIKE (id, review_id, user_id, time, value) values (543, 279, 11, '2021-01-24 21:45:47', -1);

insert into GENRE (id, parent_id, name, slug) values (1, 6, 'Romance|Sci-Fi', 'romancesci-fi');
insert into GENRE (id, parent_id, name, slug) values (2, 5, 'Comedy', 'comedy');
insert into GENRE (id, parent_id, name, slug) values (3, 6, 'Drama', 'drama');
insert into GENRE (id, parent_id, name, slug) values (4, 4, 'Comedy', 'comedy');
insert into GENRE (id, parent_id, name, slug) values (5, null, 'Comedy', 'comedy');
insert into GENRE (id, parent_id, name, slug) values (6, 9, 'Action|Thriller', 'actionthriller');
insert into GENRE (id, parent_id, name, slug) values (7, 4, 'Crime|Drama|Thriller', 'crimedramathriller');
insert into GENRE (id, parent_id, name, slug) values (8, 7, 'Horror', 'horror');
insert into GENRE (id, parent_id, name, slug) values (9, 2, 'Crime|Drama|Thriller', 'crimedramathriller');

insert into BOOK2GENRE (book_id, genre_id) values (1, 4);
insert into BOOK2GENRE (book_id, genre_id) values (2, 8);
insert into BOOK2GENRE (book_id, genre_id) values (3, 3);
insert into BOOK2GENRE (book_id, genre_id) values (4, 5);
insert into BOOK2GENRE (book_id, genre_id) values (5, 3);
insert into BOOK2GENRE (book_id, genre_id) values (6, 9);
insert into BOOK2GENRE (book_id, genre_id) values (7, 7);
insert into BOOK2GENRE (book_id, genre_id) values (8, 1);
insert into BOOK2GENRE (book_id, genre_id) values (9, 3);
insert into BOOK2GENRE (book_id, genre_id) values (10, 4);
insert into BOOK2GENRE (book_id, genre_id) values (11, 6);
insert into BOOK2GENRE (book_id, genre_id) values (12, 1);
insert into BOOK2GENRE (book_id, genre_id) values (13, 2);
insert into BOOK2GENRE (book_id, genre_id) values (14, 3);
insert into BOOK2GENRE (book_id, genre_id) values (15, 4);
insert into BOOK2GENRE (book_id, genre_id) values (16, 4);
insert into BOOK2GENRE (book_id, genre_id) values (17, 2);
insert into BOOK2GENRE (book_id, genre_id) values (18, 2);
insert into BOOK2GENRE (book_id, genre_id) values (19, 1);
insert into BOOK2GENRE (book_id, genre_id) values (20, 6);
insert into BOOK2GENRE (book_id, genre_id) values (21, 1);
insert into BOOK2GENRE (book_id, genre_id) values (22, 6);
insert into BOOK2GENRE (book_id, genre_id) values (23, 1);
insert into BOOK2GENRE (book_id, genre_id) values (24, 4);
insert into BOOK2GENRE (book_id, genre_id) values (25, 9);
insert into BOOK2GENRE (book_id, genre_id) values (26, 8);
insert into BOOK2GENRE (book_id, genre_id) values (27, 2);
insert into BOOK2GENRE (book_id, genre_id) values (28, 6);
insert into BOOK2GENRE (book_id, genre_id) values (29, 1);
insert into BOOK2GENRE (book_id, genre_id) values (30, 4);
insert into BOOK2GENRE (book_id, genre_id) values (31, 7);
insert into BOOK2GENRE (book_id, genre_id) values (32, 4);
insert into BOOK2GENRE (book_id, genre_id) values (33, 5);
insert into BOOK2GENRE (book_id, genre_id) values (34, 1);
insert into BOOK2GENRE (book_id, genre_id) values (35, 5);
insert into BOOK2GENRE (book_id, genre_id) values (36, 6);
insert into BOOK2GENRE (book_id, genre_id) values (37, 8);
insert into BOOK2GENRE (book_id, genre_id) values (38, 6);
insert into BOOK2GENRE (book_id, genre_id) values (39, 4);
insert into BOOK2GENRE (book_id, genre_id) values (40, 4);
insert into BOOK2GENRE (book_id, genre_id) values (41, 7);
insert into BOOK2GENRE (book_id, genre_id) values (42, 3);
insert into BOOK2GENRE (book_id, genre_id) values (43, 7);
insert into BOOK2GENRE (book_id, genre_id) values (44, 6);
insert into BOOK2GENRE (book_id, genre_id) values (45, 8);
insert into BOOK2GENRE (book_id, genre_id) values (46, 2);
insert into BOOK2GENRE (book_id, genre_id) values (47, 5);
insert into BOOK2GENRE (book_id, genre_id) values (48, 3);
insert into BOOK2GENRE (book_id, genre_id) values (49, 8);
insert into BOOK2GENRE (book_id, genre_id) values (50, 6);
insert into BOOK2GENRE (book_id, genre_id) values (51, 3);
insert into BOOK2GENRE (book_id, genre_id) values (52, 9);
insert into BOOK2GENRE (book_id, genre_id) values (53, 4);
insert into BOOK2GENRE (book_id, genre_id) values (54, 6);
insert into BOOK2GENRE (book_id, genre_id) values (55, 1);
insert into BOOK2GENRE (book_id, genre_id) values (56, 2);
insert into BOOK2GENRE (book_id, genre_id) values (57, 8);
insert into BOOK2GENRE (book_id, genre_id) values (58, 6);
insert into BOOK2GENRE (book_id, genre_id) values (59, 8);
insert into BOOK2GENRE (book_id, genre_id) values (60, 5);
insert into BOOK2GENRE (book_id, genre_id) values (61, 7);
insert into BOOK2GENRE (book_id, genre_id) values (62, 7);
insert into BOOK2GENRE (book_id, genre_id) values (63, 4);
insert into BOOK2GENRE (book_id, genre_id) values (64, 3);
insert into BOOK2GENRE (book_id, genre_id) values (65, 1);
insert into BOOK2GENRE (book_id, genre_id) values (66, 5);
insert into BOOK2GENRE (book_id, genre_id) values (67, 6);

insert into USER_CONTACT (id, user_id, type, approved, code, code_trails, code_time, contact) values (1, 20, 'PHONE', 1, 6695, 42, '2019-05-30 00:00:17', 'siglesias0@dell.com');
insert into USER_CONTACT (id, user_id, type, approved, code, code_trails, code_time, contact) values (2, 8, 'PHONE', 1, 6393, 1, '2019-03-08 06:50:52', 'vhurt1@rambler.ru');
insert into USER_CONTACT (id, user_id, type, approved, code, code_trails, code_time, contact) values (3, 2, 'EMAIL', 0, 1000, 6, '2019-02-10 13:19:15', 'wlibermore2@ed.gov');
insert into USER_CONTACT (id, user_id, type, approved, code, code_trails, code_time, contact) values (4, 20, 'EMAIL', 1, 9741, 1, '2019-12-19 15:46:55', 'hminucci3@php.net');
insert into USER_CONTACT (id, user_id, type, approved, code, code_trails, code_time, contact) values (5, 12, 'PHONE', 1, 1791, 51, '2018-10-09 18:10:58', 'mbrayfield4@hud.gov');
insert into USER_CONTACT (id, user_id, type, approved, code, code_trails, code_time, contact) values (6, 15, 'EMAIL', 0, 5794, 94, '2019-10-20 10:23:09', 'jbattaille5@liveinternet.ru');
insert into USER_CONTACT (id, user_id, type, approved, code, code_trails, code_time, contact) values (7, 16, 'EMAIL', 1, 1239, 51, '2020-07-18 18:37:23', 'fmethingam6@last.fm');
insert into USER_CONTACT (id, user_id, type, approved, code, code_trails, code_time, contact) values (8, 15, 'EMAIL', 0, 2814, 64, '2019-10-05 19:02:56', 'ggeraldo7@canalblog.com');
insert into USER_CONTACT (id, user_id, type, approved, code, code_trails, code_time, contact) values (9, 21, 'EMAIL', 0, 5762, 17, '2019-12-01 17:17:04', 'mdoggerell8@unc.edu');
insert into USER_CONTACT (id, user_id, type, approved, code, code_trails, code_time, contact) values (10, 21, 'EMAIL', 0, 1555, 27, '2020-12-08 13:05:41', 'cstrutton9@gmpg.org');
insert into USER_CONTACT (id, user_id, type, approved, code, code_trails, code_time, contact) values (11, 13, 'EMAIL', 1, 3028, 40, '2020-02-14 05:05:39', 'bmcterrellya@geocities.com');
insert into USER_CONTACT (id, user_id, type, approved, code, code_trails, code_time, contact) values (12, 8, 'PHONE', 1, 2510, 27, '2019-05-01 07:02:28', 'hmckeowonb@amazon.com');
insert into USER_CONTACT (id, user_id, type, approved, code, code_trails, code_time, contact) values (13, 16, 'EMAIL', 0, 5586, 12, '2018-11-30 12:29:46', 'cdockwrac@dedecms.com');
insert into USER_CONTACT (id, user_id, type, approved, code, code_trails, code_time, contact) values (14, 6, 'EMAIL', 1, 9181, 61, '2019-07-20 19:00:06', 'ecolcombd@wsj.com');
insert into USER_CONTACT (id, user_id, type, approved, code, code_trails, code_time, contact) values (15, 22, 'EMAIL', 0, 8100, 24, '2019-02-22 12:00:40', 'pstaddome@i2i.jp');
insert into USER_CONTACT (id, user_id, type, approved, code, code_trails, code_time, contact) values (16, 23, 'PHONE', 1, 4122, 50, '2020-04-27 17:13:47', 'nrackf@forbes.com');
insert into USER_CONTACT (id, user_id, type, approved, code, code_trails, code_time, contact) values (17, 14, 'EMAIL', 1, 1195, 58, '2019-05-05 06:20:42', 'lcarleyg@sina.com.cn');
insert into USER_CONTACT (id, user_id, type, approved, code, code_trails, code_time, contact) values (18, 11, 'PHONE', 0, 3512, 48, '2020-10-09 08:30:05', 'etothh@unicef.org');
insert into USER_CONTACT (id, user_id, type, approved, code, code_trails, code_time, contact) values (19, 20, 'EMAIL', 1, 4934, 81, '2019-06-23 23:19:42', 'dsambalsi@nydailynews.com');
insert into USER_CONTACT (id, user_id, type, approved, code, code_trails, code_time, contact) values (20, 2, 'PHONE', 1, 9606, 11, '2019-06-12 20:03:22', 'fdominellij@sakura.ne.jp');
insert into USER_CONTACT (id, user_id, type, approved, code, code_trails, code_time, contact) values (21, 14, 'PHONE', 1, 7203, 53, '2018-04-29 12:10:50', 'klissettk@hexun.com');
insert into USER_CONTACT (id, user_id, type, approved, code, code_trails, code_time, contact) values (22, 4, 'EMAIL', 0, 2448, 74, '2019-10-05 19:36:32', 'aerswelll@artisteer.com');
insert into USER_CONTACT (id, user_id, type, approved, code, code_trails, code_time, contact) values (23, 4, 'EMAIL', 0, 8571, 74, '2020-02-14 21:20:17', 'tpetrism@buzzfeed.com');
insert into USER_CONTACT (id, user_id, type, approved, code, code_trails, code_time, contact) values (24, 12, 'PHONE', 0, 4296, 56, '2018-11-28 20:01:14', 'enisbyn@state.tx.us');
insert into USER_CONTACT (id, user_id, type, approved, code, code_trails, code_time, contact) values (25, 15, 'EMAIL', 0, 9425, 62, '2019-04-05 03:35:33', 'sbartalonio@about.com');
insert into USER_CONTACT (id, user_id, type, approved, code, code_trails, code_time, contact) values (26, 5, 'EMAIL', 1, 9676, 88, '2019-05-22 21:27:38', 'xscarbarrowp@cdc.gov');
insert into USER_CONTACT (id, user_id, type, approved, code, code_trails, code_time, contact) values (27, 9, 'EMAIL', 1, 1901, 88, '2020-08-14 05:42:44', 'lkleisq@youtu.be');
insert into USER_CONTACT (id, user_id, type, approved, code, code_trails, code_time, contact) values (28, 15, 'PHONE', 0, 6030, 100, '2020-06-03 16:31:21', 'mpepinr@sohu.com');
insert into USER_CONTACT (id, user_id, type, approved, code, code_trails, code_time, contact) values (29, 20, 'EMAIL', 1, 7565, 77, '2020-12-10 12:14:09', 'bmunts@harvard.edu');
insert into USER_CONTACT (id, user_id, type, approved, code, code_trails, code_time, contact) values (30, 14, 'PHONE', 1, 9786, 36, '2019-05-22 06:18:32', 'vmurrhauptt@spiegel.de');
insert into USER_CONTACT (id, user_id, type, approved, code, code_trails, code_time, contact) values (31, 13, 'EMAIL', 1, 3152, 93, '2019-03-13 14:59:19', 'cvalentau@umich.edu');
insert into USER_CONTACT (id, user_id, type, approved, code, code_trails, code_time, contact) values (32, 13, 'PHONE', 1, 3368, 97, '2021-02-12 11:55:23', 'kdeandisiev@mapy.cz');
insert into USER_CONTACT (id, user_id, type, approved, code, code_trails, code_time, contact) values (33, 10, 'EMAIL', 1, 4265, 14, '2018-08-25 19:44:29', 'pogeneayw@utexas.edu');
insert into USER_CONTACT (id, user_id, type, approved, code, code_trails, code_time, contact) values (34, 15, 'PHONE', 1, 5936, 17, '2018-05-08 23:22:15', 'gpaolettox@webs.com');
insert into USER_CONTACT (id, user_id, type, approved, code, code_trails, code_time, contact) values (35, 20, 'EMAIL', 0, 6013, 69, '2018-10-10 00:49:21', 'rtarplyy@fotki.com');
insert into USER_CONTACT (id, user_id, type, approved, code, code_trails, code_time, contact) values (36, 1, 'EMAIL', 0, 8996, 20, '2020-07-01 20:13:16', 'zcallabyz@mail.ru');
insert into USER_CONTACT (id, user_id, type, approved, code, code_trails, code_time, contact) values (37, 21, 'PHONE', 0, 5829, 37, '2018-07-07 15:09:22', 'ffowles10@studiopress.com');

insert into BOOK2USER_TYPE (id, code, name) values (1, 'KEPT', '');
insert into BOOK2USER_TYPE (id, code, name) values (2, 'CART', ' ');
insert into BOOK2USER_TYPE (id, code, name) values (3, 'PAID', '');
insert into BOOK2USER_TYPE (id, code, name) values (4, 'ARCHIVED', ' ');

insert into BOOK2USER (id, time, type_id, book_id, user_id) values (1, '2017-03-24 19:17:19', 3, 15, 14);
insert into BOOK2USER (id, time, type_id, book_id, user_id) values (2, '2011-11-05 13:19:15', 4, 1, 10);
insert into BOOK2USER (id, time, type_id, book_id, user_id) values (3, '2018-11-16 20:47:33', 1, 9, 8);
insert into BOOK2USER (id, time, type_id, book_id, user_id) values (4, '2016-08-14 20:32:41', 3, 31, 11);
insert into BOOK2USER (id, time, type_id, book_id, user_id) values (5, '2015-02-22 15:44:25', 2, 54, 2);
insert into BOOK2USER (id, time, type_id, book_id, user_id) values (6, '2020-11-06 15:06:27', 4, 20, 15);
insert into BOOK2USER (id, time, type_id, book_id, user_id) values (7, '2017-08-09 09:15:59', 1, 61, 17);
insert into BOOK2USER (id, time, type_id, book_id, user_id) values (8, '2019-12-29 04:59:11', 2, 64, 20);
insert into BOOK2USER (id, time, type_id, book_id, user_id) values (9, '2018-04-25 01:12:09', 4, 16, 16);
insert into BOOK2USER (id, time, type_id, book_id, user_id) values (10, '2020-01-16 02:07:42', 1, 51, 18);
insert into BOOK2USER (id, time, type_id, book_id, user_id) values (11, '2016-11-03 09:51:06', 4, 17, 15);
insert into BOOK2USER (id, time, type_id, book_id, user_id) values (12, '2013-10-31 05:48:39', 3, 29, 23);
insert into BOOK2USER (id, time, type_id, book_id, user_id) values (13, '2019-09-20 22:18:22', 1, 11, 13);
insert into BOOK2USER (id, time, type_id, book_id, user_id) values (14, '2018-08-30 05:39:53', 1, 54, 5);
insert into BOOK2USER (id, time, type_id, book_id, user_id) values (15, '2014-11-01 16:25:55', 2, 4, 1);
insert into BOOK2USER (id, time, type_id, book_id, user_id) values (16, '2017-08-28 01:12:40', 3, 3, 20);
insert into BOOK2USER (id, time, type_id, book_id, user_id) values (17, '2016-10-03 11:13:31', 3, 21, 18);
insert into BOOK2USER (id, time, type_id, book_id, user_id) values (18, '2016-02-12 13:58:49', 1, 50, 14);
insert into BOOK2USER (id, time, type_id, book_id, user_id) values (19, '2014-03-15 13:30:08', 4, 49, 12);
insert into BOOK2USER (id, time, type_id, book_id, user_id) values (20, '2019-11-29 19:56:32', 3, 58, 9);
insert into BOOK2USER (id, time, type_id, book_id, user_id) values (21, '2017-09-17 19:19:36', 4, 47, 4);
insert into BOOK2USER (id, time, type_id, book_id, user_id) values (22, '2012-04-28 08:44:42', 1, 43, 4);
insert into BOOK2USER (id, time, type_id, book_id, user_id) values (23, '2012-01-11 02:09:27', 4, 49, 22);
insert into BOOK2USER (id, time, type_id, book_id, user_id) values (24, '2017-12-20 20:30:18', 1, 56, 5);
insert into BOOK2USER (id, time, type_id, book_id, user_id) values (25, '2020-01-07 15:02:49', 2, 7, 22);
insert into BOOK2USER (id, time, type_id, book_id, user_id) values (26, '2018-11-23 19:59:06', 1, 39, 23);
insert into BOOK2USER (id, time, type_id, book_id, user_id) values (27, '2010-12-09 04:02:12', 2, 24, 4);
insert into BOOK2USER (id, time, type_id, book_id, user_id) values (28, '2014-01-05 22:29:35', 3, 55, 7);
insert into BOOK2USER (id, time, type_id, book_id, user_id) values (29, '2016-11-02 11:28:20', 4, 66, 4);
insert into BOOK2USER (id, time, type_id, book_id, user_id) values (30, '2019-03-26 16:22:43', 2, 9, 5);
insert into BOOK2USER (id, time, type_id, book_id, user_id) values (31, '2015-11-28 13:57:38', 3, 32, 6);
insert into BOOK2USER (id, time, type_id, book_id, user_id) values (32, '2012-09-26 21:22:50', 3, 20, 6);
insert into BOOK2USER (id, time, type_id, book_id, user_id) values (33, '2019-08-14 10:36:11', 3, 17, 16);
insert into BOOK2USER (id, time, type_id, book_id, user_id) values (34, '2011-06-21 17:34:43', 1, 41, 12);
insert into BOOK2USER (id, time, type_id, book_id, user_id) values (35, '2011-01-24 03:42:35', 3, 8, 10);
insert into BOOK2USER (id, time, type_id, book_id, user_id) values (36, '2019-05-01 04:24:53', 2, 65, 18);
insert into BOOK2USER (id, time, type_id, book_id, user_id) values (37, '2019-03-20 10:54:25', 4, 46, 12);
insert into BOOK2USER (id, time, type_id, book_id, user_id) values (38, '2010-12-18 10:21:23', 1, 44, 1);
insert into BOOK2USER (id, time, type_id, book_id, user_id) values (39, '2018-05-04 04:37:45', 3, 7, 21);
insert into BOOK2USER (id, time, type_id, book_id, user_id) values (40, '2019-06-25 07:01:28', 3, 27, 10);
insert into BOOK2USER (id, time, type_id, book_id, user_id) values (41, '2017-05-16 13:24:23', 2, 50, 3);
insert into BOOK2USER (id, time, type_id, book_id, user_id) values (42, '2017-10-20 17:44:57', 3, 64, 4);
insert into BOOK2USER (id, time, type_id, book_id, user_id) values (43, '2011-07-21 21:04:43', 1, 54, 22);
insert into BOOK2USER (id, time, type_id, book_id, user_id) values (44, '2018-12-28 20:56:23', 2, 39, 14);
insert into BOOK2USER (id, time, type_id, book_id, user_id) values (45, '2014-10-25 18:28:00', 4, 24, 19);
insert into BOOK2USER (id, time, type_id, book_id, user_id) values (46, '2011-02-26 22:20:30', 3, 50, 19);
insert into BOOK2USER (id, time, type_id, book_id, user_id) values (47, '2015-08-06 12:13:17', 4, 59, 15);
insert into BOOK2USER (id, time, type_id, book_id, user_id) values (48, '2016-03-19 16:10:43', 3, 22, 10);
insert into BOOK2USER (id, time, type_id, book_id, user_id) values (49, '2020-10-04 06:52:58', 2, 11, 2);
insert into BOOK2USER (id, time, type_id, book_id, user_id) values (50, '2012-12-30 06:25:04', 2, 11, 17);
insert into BOOK2USER (id, time, type_id, book_id, user_id) values (51, '2011-11-20 19:56:56', 2, 38, 22);
insert into BOOK2USER (id, time, type_id, book_id, user_id) values (52, '2019-03-31 00:24:16', 2, 11, 12);
insert into BOOK2USER (id, time, type_id, book_id, user_id) values (53, '2012-12-15 10:50:47', 2, 59, 19);
insert into BOOK2USER (id, time, type_id, book_id, user_id) values (54, '2015-02-14 06:24:40', 2, 62, 16);
insert into BOOK2USER (id, time, type_id, book_id, user_id) values (55, '2020-10-11 16:13:40', 2, 58, 7);
insert into BOOK2USER (id, time, type_id, book_id, user_id) values (56, '2015-05-10 11:18:23', 2, 46, 9);
insert into BOOK2USER (id, time, type_id, book_id, user_id) values (57, '2014-02-25 20:17:54', 1, 50, 20);
insert into BOOK2USER (id, time, type_id, book_id, user_id) values (58, '2011-01-10 09:14:03', 1, 15, 8);
insert into BOOK2USER (id, time, type_id, book_id, user_id) values (59, '2020-11-09 13:42:03', 3, 24, 3);
insert into BOOK2USER (id, time, type_id, book_id, user_id) values (60, '2019-09-20 01:15:27', 2, 22, 21);
insert into BOOK2USER (id, time, type_id, book_id, user_id) values (61, '2015-08-21 23:00:43', 2, 56, 14);
insert into BOOK2USER (id, time, type_id, book_id, user_id) values (62, '2014-08-09 08:06:39', 2, 7, 23);
insert into BOOK2USER (id, time, type_id, book_id, user_id) values (63, '2010-05-01 10:20:05', 4, 50, 17);
insert into BOOK2USER (id, time, type_id, book_id, user_id) values (64, '2012-10-09 11:15:17', 3, 57, 11);
insert into BOOK2USER (id, time, type_id, book_id, user_id) values (65, '2020-09-12 20:14:59', 1, 43, 17);
insert into BOOK2USER (id, time, type_id, book_id, user_id) values (66, '2016-04-03 22:41:16', 4, 38, 4);
insert into BOOK2USER (id, time, type_id, book_id, user_id) values (67, '2017-11-02 19:56:03', 3, 34, 21);
insert into BOOK2USER (id, time, type_id, book_id, user_id) values (68, '2017-07-26 01:02:49', 4, 26, 15);
insert into BOOK2USER (id, time, type_id, book_id, user_id) values (69, '2014-11-30 09:09:39', 1, 27, 13);
insert into BOOK2USER (id, time, type_id, book_id, user_id) values (70, '2019-02-24 23:34:33', 3, 22, 8);
insert into BOOK2USER (id, time, type_id, book_id, user_id) values (71, '2010-07-03 02:14:31', 1, 48, 8);
insert into BOOK2USER (id, time, type_id, book_id, user_id) values (72, '2014-11-10 05:31:47', 2, 45, 2);
insert into BOOK2USER (id, time, type_id, book_id, user_id) values (73, '2011-08-25 14:46:17', 2, 47, 12);
insert into BOOK2USER (id, time, type_id, book_id, user_id) values (74, '2011-01-27 20:11:06', 2, 3, 4);
insert into BOOK2USER (id, time, type_id, book_id, user_id) values (75, '2015-05-07 12:09:27', 4, 1, 23);
insert into BOOK2USER (id, time, type_id, book_id, user_id) values (76, '2013-05-17 08:07:54', 2, 37, 8);
insert into BOOK2USER (id, time, type_id, book_id, user_id) values (77, '2020-06-24 13:19:32', 1, 14, 18);
insert into BOOK2USER (id, time, type_id, book_id, user_id) values (78, '2015-01-20 00:57:35', 1, 54, 21);
insert into BOOK2USER (id, time, type_id, book_id, user_id) values (79, '2012-03-01 17:43:25', 3, 52, 17);
insert into BOOK2USER (id, time, type_id, book_id, user_id) values (80, '2021-03-13 11:00:27', 2, 56, 15);
insert into BOOK2USER (id, time, type_id, book_id, user_id) values (81, '2017-09-18 14:54:41', 2, 9, 3);
insert into BOOK2USER (id, time, type_id, book_id, user_id) values (82, '2015-10-27 04:25:53', 2, 1, 21);
insert into BOOK2USER (id, time, type_id, book_id, user_id) values (83, '2021-02-14 06:11:37', 1, 36, 23);
insert into BOOK2USER (id, time, type_id, book_id, user_id) values (84, '2015-01-08 20:55:46', 3, 16, 2);
insert into BOOK2USER (id, time, type_id, book_id, user_id) values (85, '2012-11-01 11:21:08', 3, 14, 22);
insert into BOOK2USER (id, time, type_id, book_id, user_id) values (86, '2020-11-04 07:29:48', 1, 1, 9);
insert into BOOK2USER (id, time, type_id, book_id, user_id) values (87, '2013-06-27 22:26:32', 2, 47, 11);
insert into BOOK2USER (id, time, type_id, book_id, user_id) values (88, '2015-05-20 06:27:35', 3, 48, 15);
insert into BOOK2USER (id, time, type_id, book_id, user_id) values (89, '2020-10-22 10:32:17', 4, 25, 9);
insert into BOOK2USER (id, time, type_id, book_id, user_id) values (90, '2011-02-21 23:06:53', 2, 16, 7);
insert into BOOK2USER (id, time, type_id, book_id, user_id) values (91, '2019-11-27 06:25:49', 1, 15, 6);
insert into BOOK2USER (id, time, type_id, book_id, user_id) values (92, '2011-02-16 02:12:02', 4, 7, 12);
insert into BOOK2USER (id, time, type_id, book_id, user_id) values (93, '2011-01-09 00:23:35', 4, 29, 15);
insert into BOOK2USER (id, time, type_id, book_id, user_id) values (94, '2011-09-28 07:36:54', 2, 33, 4);
insert into BOOK2USER (id, time, type_id, book_id, user_id) values (95, '2020-06-07 04:34:52', 1, 20, 18);
insert into BOOK2USER (id, time, type_id, book_id, user_id) values (96, '2020-12-24 09:26:55', 4, 66, 12);
insert into BOOK2USER (id, time, type_id, book_id, user_id) values (97, '2019-08-06 22:19:47', 2, 39, 8);
insert into BOOK2USER (id, time, type_id, book_id, user_id) values (98, '2020-06-24 20:24:05', 4, 67, 16);
insert into BOOK2USER (id, time, type_id, book_id, user_id) values (99, '2014-10-19 10:44:18', 3, 42, 9);
insert into BOOK2USER (id, time, type_id, book_id, user_id) values (100, '2013-12-10 01:19:57', 4, 17, 23);

insert into BALANCE_TRANSACTION (id, user_id, time, value, book_id, description) values (1, 20, '2020-06-05 07:16:22', 3840, 64, 'Mauris sit amet eros. Suspendisse accumsan tortor quis turpis. Sed ante. Vivamus tortor. Duis mattis egestas metus.');
insert into BALANCE_TRANSACTION (id, user_id, time, value, book_id, description) values (2, 20, '2019-06-18 23:41:35', 7718, 11, 'Sed accumsan felis. Ut at dolor quis odio consequat varius. Integer ac leo. Pellentesque ultrices mattis odio.');
insert into BALANCE_TRANSACTION (id, user_id, time, value, book_id, description) values (3, 5, '2019-06-20 05:45:29', -1146, 21, 'Quisque porta volutpat erat. Quisque erat eros, viverra eget, congue eget, semper rutrum, nulla. Nunc purus. Phasellus in felis. Donec semper sapien a libero. Nam dui. Proin leo odio, porttitor id, consequat in, consequat ut, nulla.');
insert into BALANCE_TRANSACTION (id, user_id, time, value, book_id, description) values (4, 7, '2021-02-10 16:32:36', -6866, 64, 'Vivamus tortor. Duis mattis egestas metus. Aenean fermentum. Donec ut mauris eget massa tempor convallis. Nulla neque libero, convallis eget, eleifend luctus, ultricies eu, nibh. Quisque id justo sit amet sapien dignissim vestibulum. Vestibulum ante ipsum primis in faucibus orci luctus et ultrices posuere cubilia Curae; Nulla dapibus dolor vel est. Donec odio justo, sollicitudin ut, suscipit a, feugiat et, eros. Vestibulum ac est lacinia nisi venenatis tristique.');
insert into BALANCE_TRANSACTION (id, user_id, time, value, book_id, description) values (5, 21, '2019-10-20 21:08:53', 1245, 28, 'In hac habitasse platea dictumst. Aliquam augue quam, sollicitudin vitae, consectetuer eget, rutrum at, lorem. Integer tincidunt ante vel ipsum. Praesent blandit lacinia erat. Vestibulum sed magna at nunc commodo placerat. Praesent blandit. Nam nulla. Integer pede justo, lacinia eget, tincidunt eget, tempus vel, pede. Morbi porttitor lorem id ligula.');
insert into BALANCE_TRANSACTION (id, user_id, time, value, book_id, description) values (6, 15, '2021-02-13 09:23:03', -7879, 56, 'Aenean auctor gravida sem. Praesent id massa id nisl venenatis lacinia. Aenean sit amet justo.');
insert into BALANCE_TRANSACTION (id, user_id, time, value, book_id, description) values (7, 19, '2020-08-11 05:36:32', -1642, 35, 'In eleifend quam a odio. In hac habitasse platea dictumst. Maecenas ut massa quis augue luctus tincidunt.');
insert into BALANCE_TRANSACTION (id, user_id, time, value, book_id, description) values (8, 17, '2020-01-15 08:59:38', -7162, 57, 'Morbi non lectus. Aliquam sit amet diam in magna bibendum imperdiet. Nullam orci pede, venenatis non, sodales sed, tincidunt eu, felis. Fusce posuere felis sed lacus. Morbi sem mauris, laoreet ut, rhoncus aliquet, pulvinar sed, nisl. Nunc rhoncus dui vel sem. Sed sagittis.');
insert into BALANCE_TRANSACTION (id, user_id, time, value, book_id, description) values (9, 2, '2018-05-15 08:22:35', -3164, 17, 'Nulla nisl. Nunc nisl. Duis bibendum, felis sed interdum venenatis, turpis enim blandit mi, in porttitor pede justo eu massa. Donec dapibus. Duis at velit eu est congue elementum. In hac habitasse platea dictumst. Morbi vestibulum, velit id pretium iaculis, diam erat fermentum justo, nec condimentum neque sapien placerat ante.');
insert into BALANCE_TRANSACTION (id, user_id, time, value, book_id, description) values (10, 16, '2021-01-20 14:53:02', -9431, 9, 'Praesent id massa id nisl venenatis lacinia. Aenean sit amet justo. Morbi ut odio.');
insert into BALANCE_TRANSACTION (id, user_id, time, value, book_id, description) values (11, 21, '2020-07-31 22:56:10', -9898, 55, 'Sed accumsan felis.');
insert into BALANCE_TRANSACTION (id, user_id, time, value, book_id, description) values (12, 3, '2020-11-12 21:26:37', -3386, 57, 'Donec vitae nisi. Nam ultrices, libero non mattis pulvinar, nulla pede ullamcorper augue, a suscipit nulla elit ac nulla. Sed vel enim sit amet nunc viverra dapibus. Nulla suscipit ligula in lacus. Curabitur at ipsum ac tellus semper interdum. Mauris ullamcorper purus sit amet nulla. Quisque arcu libero, rutrum ac, lobortis vel, dapibus at, diam.');
insert into BALANCE_TRANSACTION (id, user_id, time, value, book_id, description) values (13, 9, '2019-11-19 19:20:13', -3821, 5, 'In est risus, auctor sed, tristique in, tempus sit amet, sem. Fusce consequat. Nulla nisl. Nunc nisl. Duis bibendum, felis sed interdum venenatis, turpis enim blandit mi, in porttitor pede justo eu massa. Donec dapibus. Duis at velit eu est congue elementum. In hac habitasse platea dictumst.');
insert into BALANCE_TRANSACTION (id, user_id, time, value, book_id, description) values (14, 5, '2020-06-27 10:20:49', -3301, 20, 'Fusce congue, diam id ornare imperdiet, sapien urna pretium nisl, ut volutpat sapien arcu sed augue. Aliquam erat volutpat. In congue. Etiam justo. Etiam pretium iaculis justo. In hac habitasse platea dictumst. Etiam faucibus cursus urna. Ut tellus.');
insert into BALANCE_TRANSACTION (id, user_id, time, value, book_id, description) values (15, 16, '2020-05-12 08:24:53', -3446, 48, 'Maecenas leo odio, condimentum id, luctus nec, molestie sed, justo. Pellentesque viverra pede ac diam. Cras pellentesque volutpat dui.');
insert into BALANCE_TRANSACTION (id, user_id, time, value, book_id, description) values (16, 18, '2020-12-30 00:24:18', -5597, 8, 'Nulla facilisi. Cras non velit nec nisi vulputate nonummy. Maecenas tincidunt lacus at velit. Vivamus vel nulla eget eros elementum pellentesque. Quisque porta volutpat erat. Quisque erat eros, viverra eget, congue eget, semper rutrum, nulla. Nunc purus. Phasellus in felis.');
insert into BALANCE_TRANSACTION (id, user_id, time, value, book_id, description) values (17, 15, '2020-05-04 07:50:05', 965, 19, 'Pellentesque at nulla. Suspendisse potenti. Cras in purus eu magna vulputate luctus. Cum sociis natoque penatibus et magnis dis parturient montes, nascetur ridiculus mus. Vivamus vestibulum sagittis sapien. Cum sociis natoque penatibus et magnis dis parturient montes, nascetur ridiculus mus. Etiam vel augue. Vestibulum rutrum rutrum neque.');
insert into BALANCE_TRANSACTION (id, user_id, time, value, book_id, description) values (18, 14, '2020-09-24 05:22:32', -7848, 55, 'Curabitur gravida nisi at nibh. In hac habitasse platea dictumst. Aliquam augue quam, sollicitudin vitae, consectetuer eget, rutrum at, lorem. Integer tincidunt ante vel ipsum. Praesent blandit lacinia erat.');
insert into BALANCE_TRANSACTION (id, user_id, time, value, book_id, description) values (19, 6, '2020-02-29 23:54:59', 530, 38, 'Integer non velit. Donec diam neque, vestibulum eget, vulputate ut, ultrices vel, augue. Vestibulum ante ipsum primis in faucibus orci luctus et ultrices posuere cubilia Curae; Donec pharetra, magna vestibulum aliquet ultrices, erat tortor sollicitudin mi, sit amet lobortis sapien sapien non mi. Integer ac neque. Duis bibendum. Morbi non quam nec dui luctus rutrum. Nulla tellus. In sagittis dui vel nisl. Duis ac nibh. Fusce lacus purus, aliquet at, feugiat non, pretium quis, lectus.');
insert into BALANCE_TRANSACTION (id, user_id, time, value, book_id, description) values (20, 16, '2021-01-16 21:56:20', 1773, 37, 'Cras mi pede, malesuada in, imperdiet et, commodo vulputate, justo. In blandit ultrices enim. Lorem ipsum dolor sit amet, consectetuer adipiscing elit. Proin interdum mauris non ligula pellentesque ultrices. Phasellus id sapien in sapien iaculis congue. Vivamus metus arcu, adipiscing molestie, hendrerit at, vulputate vitae, nisl. Aenean lectus. Pellentesque eget nunc.');
insert into BALANCE_TRANSACTION (id, user_id, time, value, book_id, description) values (21, 23, '2019-12-30 02:18:37', 4852, 66, 'Phasellus sit amet erat. Nulla tempus. Vivamus in felis eu sapien cursus vestibulum. Proin eu mi.');
insert into BALANCE_TRANSACTION (id, user_id, time, value, book_id, description) values (22, 4, '2020-06-13 08:36:49', -2565, 60, 'Etiam justo. Etiam pretium iaculis justo. In hac habitasse platea dictumst. Etiam faucibus cursus urna. Ut tellus.');
insert into BALANCE_TRANSACTION (id, user_id, time, value, book_id, description) values (23, 9, '2018-08-19 19:55:25', 9725, 65, 'Mauris lacinia sapien quis libero. Nullam sit amet turpis elementum ligula vehicula consequat. Morbi a ipsum. Integer a nibh. In quis justo. Maecenas rhoncus aliquam lacus. Morbi quis tortor id nulla ultrices aliquet.');
insert into BALANCE_TRANSACTION (id, user_id, time, value, book_id, description) values (24, 6, '2019-11-13 23:59:10', 7398, 19, 'Duis consequat dui nec nisi volutpat eleifend. Donec ut dolor. Morbi vel lectus in quam fringilla rhoncus. Mauris enim leo, rhoncus sed, vestibulum sit amet, cursus id, turpis.');
insert into BALANCE_TRANSACTION (id, user_id, time, value, book_id, description) values (25, 20, '2020-12-24 12:14:46', -5321, 21, 'Nulla facilisi. Cras non velit nec nisi vulputate nonummy. Maecenas tincidunt lacus at velit. Vivamus vel nulla eget eros elementum pellentesque. Quisque porta volutpat erat. Quisque erat eros, viverra eget, congue eget, semper rutrum, nulla. Nunc purus. Phasellus in felis.');
insert into BALANCE_TRANSACTION (id, user_id, time, value, book_id, description) values (26, 2, '2020-09-24 15:50:09', -5260, 3, 'Nulla suscipit ligula in lacus. Curabitur at ipsum ac tellus semper interdum. Mauris ullamcorper purus sit amet nulla.');
insert into BALANCE_TRANSACTION (id, user_id, time, value, book_id, description) values (27, 10, '2019-05-06 11:07:37', 4333, 30, 'Cras mi pede, malesuada in, imperdiet et, commodo vulputate, justo. In blandit ultrices enim. Lorem ipsum dolor sit amet, consectetuer adipiscing elit. Proin interdum mauris non ligula pellentesque ultrices. Phasellus id sapien in sapien iaculis congue. Vivamus metus arcu, adipiscing molestie, hendrerit at, vulputate vitae, nisl. Aenean lectus. Pellentesque eget nunc.');
insert into BALANCE_TRANSACTION (id, user_id, time, value, book_id, description) values (28, 20, '2019-01-23 04:45:40', -5983, 60, 'Praesent blandit lacinia erat. Vestibulum sed magna at nunc commodo placerat.');
insert into BALANCE_TRANSACTION (id, user_id, time, value, book_id, description) values (29, 11, '2020-07-31 16:56:41', -1503, 49, 'Mauris enim leo, rhoncus sed, vestibulum sit amet, cursus id, turpis. Integer aliquet, massa id lobortis convallis, tortor risus dapibus augue, vel accumsan tellus nisi eu orci. Mauris lacinia sapien quis libero. Nullam sit amet turpis elementum ligula vehicula consequat.');
insert into BALANCE_TRANSACTION (id, user_id, time, value, book_id, description) values (30, 5, '2020-05-16 12:39:25', -8970, 42, 'Ut at dolor quis odio consequat varius. Integer ac leo. Pellentesque ultrices mattis odio. Donec vitae nisi. Nam ultrices, libero non mattis pulvinar, nulla pede ullamcorper augue, a suscipit nulla elit ac nulla. Sed vel enim sit amet nunc viverra dapibus. Nulla suscipit ligula in lacus. Curabitur at ipsum ac tellus semper interdum. Mauris ullamcorper purus sit amet nulla.');
insert into BALANCE_TRANSACTION (id, user_id, time, value, book_id, description) values (31, 4, '2020-08-29 23:59:15', -2517, 59, 'Duis bibendum, felis sed interdum venenatis, turpis enim blandit mi, in porttitor pede justo eu massa. Donec dapibus. Duis at velit eu est congue elementum. In hac habitasse platea dictumst. Morbi vestibulum, velit id pretium iaculis, diam erat fermentum justo, nec condimentum neque sapien placerat ante. Nulla justo. Aliquam quis turpis eget elit sodales scelerisque.');
insert into BALANCE_TRANSACTION (id, user_id, time, value, book_id, description) values (32, 3, '2019-03-26 21:32:13', -2183, 44, 'Etiam vel augue.');
insert into BALANCE_TRANSACTION (id, user_id, time, value, book_id, description) values (33, 2, '2018-09-05 17:58:28', 9982, 15, 'Nulla facilisi. Cras non velit nec nisi vulputate nonummy. Maecenas tincidunt lacus at velit.');
insert into BALANCE_TRANSACTION (id, user_id, time, value, book_id, description) values (34, 14, '2020-01-22 06:38:54', -5528, 38, 'Vestibulum sed magna at nunc commodo placerat. Praesent blandit. Nam nulla. Integer pede justo, lacinia eget, tincidunt eget, tempus vel, pede. Morbi porttitor lorem id ligula. Suspendisse ornare consequat lectus.');
insert into BALANCE_TRANSACTION (id, user_id, time, value, book_id, description) values (35, 23, '2020-02-13 05:24:43', 5101, 1, 'Cras pellentesque volutpat dui. Maecenas tristique, est et tempus semper, est quam pharetra magna, ac consequat metus sapien ut nunc. Vestibulum ante ipsum primis in faucibus orci luctus et ultrices posuere cubilia Curae; Mauris viverra diam vitae quam. Suspendisse potenti. Nullam porttitor lacus at turpis.');
insert into BALANCE_TRANSACTION (id, user_id, time, value, book_id, description) values (36, 20, '2018-08-25 19:15:03', 3806, 4, 'Donec dapibus. Duis at velit eu est congue elementum.');
insert into BALANCE_TRANSACTION (id, user_id, time, value, book_id, description) values (37, 19, '2019-01-29 03:41:49', -103, 25, 'Curabitur convallis.');
insert into BALANCE_TRANSACTION (id, user_id, time, value, book_id, description) values (38, 19, '2019-08-28 00:29:26', -2628, 63, 'Vivamus metus arcu, adipiscing molestie, hendrerit at, vulputate vitae, nisl.');
insert into BALANCE_TRANSACTION (id, user_id, time, value, book_id, description) values (39, 17, '2020-07-04 17:19:39', 2888, 61, 'Integer non velit. Donec diam neque, vestibulum eget, vulputate ut, ultrices vel, augue. Vestibulum ante ipsum primis in faucibus orci luctus et ultrices posuere cubilia Curae; Donec pharetra, magna vestibulum aliquet ultrices, erat tortor sollicitudin mi, sit amet lobortis sapien sapien non mi. Integer ac neque. Duis bibendum.');
insert into BALANCE_TRANSACTION (id, user_id, time, value, book_id, description) values (40, 4, '2021-01-28 07:36:15', 4695, 4, 'Integer ac leo. Pellentesque ultrices mattis odio.');
insert into BALANCE_TRANSACTION (id, user_id, time, value, book_id, description) values (41, 20, '2020-04-16 01:08:52', -5301, 1, 'Phasellus in felis. Donec semper sapien a libero. Nam dui. Proin leo odio, porttitor id, consequat in, consequat ut, nulla. Sed accumsan felis. Ut at dolor quis odio consequat varius. Integer ac leo. Pellentesque ultrices mattis odio. Donec vitae nisi.');
insert into BALANCE_TRANSACTION (id, user_id, time, value, book_id, description) values (42, 14, '2020-11-26 02:57:28', 4371, 6, 'Curabitur in libero ut massa volutpat convallis. Morbi odio odio, elementum eu, interdum eu, tincidunt in, leo. Maecenas pulvinar lobortis est. Phasellus sit amet erat. Nulla tempus. Vivamus in felis eu sapien cursus vestibulum. Proin eu mi.');
insert into BALANCE_TRANSACTION (id, user_id, time, value, book_id, description) values (43, 3, '2019-09-03 10:59:33', -2919, 42, 'Quisque porta volutpat erat. Quisque erat eros, viverra eget, congue eget, semper rutrum, nulla. Nunc purus. Phasellus in felis. Donec semper sapien a libero. Nam dui. Proin leo odio, porttitor id, consequat in, consequat ut, nulla.');
insert into BALANCE_TRANSACTION (id, user_id, time, value, book_id, description) values (44, 16, '2019-11-26 04:00:58', -8512, 26, 'Morbi a ipsum.');
insert into BALANCE_TRANSACTION (id, user_id, time, value, book_id, description) values (45, 8, '2020-03-26 18:16:29', 1825, 17, 'Integer a nibh. In quis justo. Maecenas rhoncus aliquam lacus. Morbi quis tortor id nulla ultrices aliquet. Maecenas leo odio, condimentum id, luctus nec, molestie sed, justo. Pellentesque viverra pede ac diam. Cras pellentesque volutpat dui.');
insert into BALANCE_TRANSACTION (id, user_id, time, value, book_id, description) values (46, 3, '2018-06-06 12:54:52', 2835, 10, 'Nunc rhoncus dui vel sem. Sed sagittis. Nam congue, risus semper porta volutpat, quam pede lobortis ligula, sit amet eleifend pede libero quis orci. Nullam molestie nibh in lectus. Pellentesque at nulla. Suspendisse potenti. Cras in purus eu magna vulputate luctus. Cum sociis natoque penatibus et magnis dis parturient montes, nascetur ridiculus mus.');
insert into BALANCE_TRANSACTION (id, user_id, time, value, book_id, description) values (47, 3, '2018-12-19 16:36:27', -2304, 25, 'Fusce consequat. Nulla nisl. Nunc nisl. Duis bibendum, felis sed interdum venenatis, turpis enim blandit mi, in porttitor pede justo eu massa. Donec dapibus.');
insert into BALANCE_TRANSACTION (id, user_id, time, value, book_id, description) values (48, 5, '2021-02-22 04:25:53', 4035, 49, 'Nullam molestie nibh in lectus. Pellentesque at nulla. Suspendisse potenti. Cras in purus eu magna vulputate luctus. Cum sociis natoque penatibus et magnis dis parturient montes, nascetur ridiculus mus. Vivamus vestibulum sagittis sapien. Cum sociis natoque penatibus et magnis dis parturient montes, nascetur ridiculus mus. Etiam vel augue. Vestibulum rutrum rutrum neque.');
insert into BALANCE_TRANSACTION (id, user_id, time, value, book_id, description) values (49, 16, '2019-12-26 21:33:35', -8180, 29, 'Nulla facilisi. Cras non velit nec nisi vulputate nonummy. Maecenas tincidunt lacus at velit.');
insert into BALANCE_TRANSACTION (id, user_id, time, value, book_id, description) values (50, 17, '2020-04-25 06:47:39', -8656, 31, 'Integer non velit. Donec diam neque, vestibulum eget, vulputate ut, ultrices vel, augue. Vestibulum ante ipsum primis in faucibus orci luctus et ultrices posuere cubilia Curae; Donec pharetra, magna vestibulum aliquet ultrices, erat tortor sollicitudin mi, sit amet lobortis sapien sapien non mi. Integer ac neque. Duis bibendum. Morbi non quam nec dui luctus rutrum. Nulla tellus. In sagittis dui vel nisl. Duis ac nibh.');
insert into BALANCE_TRANSACTION (id, user_id, time, value, book_id, description) values (51, 13, '2018-12-21 19:11:42', 3328, 36, 'Quisque id justo sit amet sapien dignissim vestibulum. Vestibulum ante ipsum primis in faucibus orci luctus et ultrices posuere cubilia Curae; Nulla dapibus dolor vel est. Donec odio justo, sollicitudin ut, suscipit a, feugiat et, eros. Vestibulum ac est lacinia nisi venenatis tristique. Fusce congue, diam id ornare imperdiet, sapien urna pretium nisl, ut volutpat sapien arcu sed augue. Aliquam erat volutpat. In congue. Etiam justo.');
insert into BALANCE_TRANSACTION (id, user_id, time, value, book_id, description) values (52, 17, '2020-06-14 21:05:10', -9112, 3, 'Vestibulum sed magna at nunc commodo placerat. Praesent blandit. Nam nulla. Integer pede justo, lacinia eget, tincidunt eget, tempus vel, pede. Morbi porttitor lorem id ligula. Suspendisse ornare consequat lectus. In est risus, auctor sed, tristique in, tempus sit amet, sem. Fusce consequat. Nulla nisl.');
insert into BALANCE_TRANSACTION (id, user_id, time, value, book_id, description) values (53, 17, '2020-01-19 13:16:42', 1627, 43, 'Cras mi pede, malesuada in, imperdiet et, commodo vulputate, justo. In blandit ultrices enim.');
insert into BALANCE_TRANSACTION (id, user_id, time, value, book_id, description) values (54, 4, '2018-03-26 12:20:08', 5818, 36, 'Ut tellus. Nulla ut erat id mauris vulputate elementum.');
insert into BALANCE_TRANSACTION (id, user_id, time, value, book_id, description) values (55, 20, '2018-07-16 12:21:11', 1033, 10, 'In hac habitasse platea dictumst. Etiam faucibus cursus urna. Ut tellus. Nulla ut erat id mauris vulputate elementum. Nullam varius. Nulla facilisi.');
insert into BALANCE_TRANSACTION (id, user_id, time, value, book_id, description) values (56, 10, '2018-08-24 17:37:23', -5140, 4, 'Cras non velit nec nisi vulputate nonummy. Maecenas tincidunt lacus at velit. Vivamus vel nulla eget eros elementum pellentesque. Quisque porta volutpat erat. Quisque erat eros, viverra eget, congue eget, semper rutrum, nulla.');
insert into BALANCE_TRANSACTION (id, user_id, time, value, book_id, description) values (57, 12, '2019-11-10 07:06:01', -3792, 15, 'Nam dui. Proin leo odio, porttitor id, consequat in, consequat ut, nulla. Sed accumsan felis. Ut at dolor quis odio consequat varius. Integer ac leo. Pellentesque ultrices mattis odio. Donec vitae nisi.');
insert into BALANCE_TRANSACTION (id, user_id, time, value, book_id, description) values (58, 20, '2020-09-28 14:01:17', -5307, 19, 'Aliquam non mauris.');
insert into BALANCE_TRANSACTION (id, user_id, time, value, book_id, description) values (59, 15, '2020-10-10 12:48:16', -2980, 36, 'Nulla ac enim. In tempor, turpis nec euismod scelerisque, quam turpis adipiscing lorem, vitae mattis nibh ligula nec sem. Duis aliquam convallis nunc. Proin at turpis a pede posuere nonummy. Integer non velit. Donec diam neque, vestibulum eget, vulputate ut, ultrices vel, augue. Vestibulum ante ipsum primis in faucibus orci luctus et ultrices posuere cubilia Curae; Donec pharetra, magna vestibulum aliquet ultrices, erat tortor sollicitudin mi, sit amet lobortis sapien sapien non mi. Integer ac neque. Duis bibendum.');
insert into BALANCE_TRANSACTION (id, user_id, time, value, book_id, description) values (60, 6, '2020-11-15 18:04:00', -5426, 34, 'Nullam sit amet turpis elementum ligula vehicula consequat.');
insert into BALANCE_TRANSACTION (id, user_id, time, value, book_id, description) values (61, 18, '2019-03-10 05:59:22', 5386, 22, 'Nam nulla. Integer pede justo, lacinia eget, tincidunt eget, tempus vel, pede. Morbi porttitor lorem id ligula. Suspendisse ornare consequat lectus. In est risus, auctor sed, tristique in, tempus sit amet, sem. Fusce consequat.');
insert into BALANCE_TRANSACTION (id, user_id, time, value, book_id, description) values (62, 14, '2020-02-09 00:25:22', 5714, 20, 'In sagittis dui vel nisl. Duis ac nibh. Fusce lacus purus, aliquet at, feugiat non, pretium quis, lectus. Suspendisse potenti. In eleifend quam a odio. In hac habitasse platea dictumst. Maecenas ut massa quis augue luctus tincidunt. Nulla mollis molestie lorem.');
insert into BALANCE_TRANSACTION (id, user_id, time, value, book_id, description) values (63, 4, '2020-02-25 08:37:46', -5104, 57, 'Morbi vestibulum, velit id pretium iaculis, diam erat fermentum justo, nec condimentum neque sapien placerat ante. Nulla justo.');
insert into BALANCE_TRANSACTION (id, user_id, time, value, book_id, description) values (64, 14, '2020-07-05 02:53:02', -8412, 35, 'Lorem ipsum dolor sit amet, consectetuer adipiscing elit. Proin risus. Praesent lectus. Vestibulum quam sapien, varius ut, blandit non, interdum in, ante. Vestibulum ante ipsum primis in faucibus orci luctus et ultrices posuere cubilia Curae; Duis faucibus accumsan odio. Curabitur convallis. Duis consequat dui nec nisi volutpat eleifend. Donec ut dolor.');
insert into BALANCE_TRANSACTION (id, user_id, time, value, book_id, description) values (65, 19, '2020-05-17 10:59:38', 1594, 4, 'Vestibulum ante ipsum primis in faucibus orci luctus et ultrices posuere cubilia Curae; Donec pharetra, magna vestibulum aliquet ultrices, erat tortor sollicitudin mi, sit amet lobortis sapien sapien non mi. Integer ac neque. Duis bibendum. Morbi non quam nec dui luctus rutrum. Nulla tellus. In sagittis dui vel nisl. Duis ac nibh.');
insert into BALANCE_TRANSACTION (id, user_id, time, value, book_id, description) values (66, 18, '2020-01-31 14:07:54', 7430, 6, 'Integer ac leo. Pellentesque ultrices mattis odio. Donec vitae nisi. Nam ultrices, libero non mattis pulvinar, nulla pede ullamcorper augue, a suscipit nulla elit ac nulla. Sed vel enim sit amet nunc viverra dapibus. Nulla suscipit ligula in lacus. Curabitur at ipsum ac tellus semper interdum.');
insert into BALANCE_TRANSACTION (id, user_id, time, value, book_id, description) values (67, 17, '2020-05-02 12:13:04', 3281, 35, 'Lorem ipsum dolor sit amet, consectetuer adipiscing elit. Proin risus. Praesent lectus. Vestibulum quam sapien, varius ut, blandit non, interdum in, ante.');
insert into BALANCE_TRANSACTION (id, user_id, time, value, book_id, description) values (68, 5, '2020-01-04 23:19:40', -1551, 29, 'In tempor, turpis nec euismod scelerisque, quam turpis adipiscing lorem, vitae mattis nibh ligula nec sem. Duis aliquam convallis nunc. Proin at turpis a pede posuere nonummy.');
insert into BALANCE_TRANSACTION (id, user_id, time, value, book_id, description) values (69, 9, '2020-12-10 21:51:20', 18, 13, 'Nullam sit amet turpis elementum ligula vehicula consequat.');
insert into BALANCE_TRANSACTION (id, user_id, time, value, book_id, description) values (70, 3, '2020-05-31 11:30:50', -9260, 56, 'Maecenas pulvinar lobortis est. Phasellus sit amet erat. Nulla tempus. Vivamus in felis eu sapien cursus vestibulum. Proin eu mi. Nulla ac enim. In tempor, turpis nec euismod scelerisque, quam turpis adipiscing lorem, vitae mattis nibh ligula nec sem. Duis aliquam convallis nunc.');
insert into BALANCE_TRANSACTION (id, user_id, time, value, book_id, description) values (71, 17, '2019-03-11 10:06:07', 5153, 50, 'In hac habitasse platea dictumst. Etiam faucibus cursus urna. Ut tellus. Nulla ut erat id mauris vulputate elementum. Nullam varius. Nulla facilisi. Cras non velit nec nisi vulputate nonummy.');
insert into BALANCE_TRANSACTION (id, user_id, time, value, book_id, description) values (72, 16, '2020-03-09 22:11:41', -4001, 32, 'In est risus, auctor sed, tristique in, tempus sit amet, sem. Fusce consequat. Nulla nisl. Nunc nisl. Duis bibendum, felis sed interdum venenatis, turpis enim blandit mi, in porttitor pede justo eu massa. Donec dapibus. Duis at velit eu est congue elementum. In hac habitasse platea dictumst.');
insert into BALANCE_TRANSACTION (id, user_id, time, value, book_id, description) values (73, 13, '2018-12-17 21:15:24', 2819, 64, 'Suspendisse potenti. Nullam porttitor lacus at turpis. Donec posuere metus vitae ipsum.');
insert into BALANCE_TRANSACTION (id, user_id, time, value, book_id, description) values (74, 13, '2019-12-28 14:52:57', 6530, 45, 'Suspendisse potenti. Nullam porttitor lacus at turpis. Donec posuere metus vitae ipsum. Aliquam non mauris. Morbi non lectus. Aliquam sit amet diam in magna bibendum imperdiet. Nullam orci pede, venenatis non, sodales sed, tincidunt eu, felis. Fusce posuere felis sed lacus.');
insert into BALANCE_TRANSACTION (id, user_id, time, value, book_id, description) values (75, 2, '2020-06-20 23:46:37', -6206, 17, 'Sed vel enim sit amet nunc viverra dapibus.');
insert into BALANCE_TRANSACTION (id, user_id, time, value, book_id, description) values (76, 16, '2019-05-09 14:54:30', 2066, 57, 'Aliquam sit amet diam in magna bibendum imperdiet. Nullam orci pede, venenatis non, sodales sed, tincidunt eu, felis. Fusce posuere felis sed lacus. Morbi sem mauris, laoreet ut, rhoncus aliquet, pulvinar sed, nisl.');
insert into BALANCE_TRANSACTION (id, user_id, time, value, book_id, description) values (77, 9, '2019-05-21 20:24:43', -3325, 28, 'In sagittis dui vel nisl. Duis ac nibh. Fusce lacus purus, aliquet at, feugiat non, pretium quis, lectus. Suspendisse potenti. In eleifend quam a odio.');
insert into BALANCE_TRANSACTION (id, user_id, time, value, book_id, description) values (78, 14, '2021-02-21 09:24:10', 1080, 55, 'Curabitur gravida nisi at nibh. In hac habitasse platea dictumst.');

insert into BOOK_FILE_TYPE (id, name, description) values (1, 'FB2', 'Nullam porttitor lacus at turpis. Donec posuere metus vitae ipsum. Aliquam non mauris.');
insert into BOOK_FILE_TYPE (id, name, description) values (2, 'PDF', 'Mauris enim leo, rhoncus sed, vestibulum sit amet, cursus id, turpis. Integer aliquet, massa id lobortis convallis, tortor risus dapibus augue, vel accumsan tellus nisi eu orci. Mauris lacinia sapien quis libero. Nullam sit amet turpis elementum ligula vehicula consequat. Morbi a ipsum. Integer a nibh.');
insert into BOOK_FILE_TYPE (id, name, description) values (3, 'EPUB', 'Aliquam non mauris. Morbi non lectus. Aliquam sit amet diam in magna bibendum imperdiet. Nullam orci pede, venenatis non, sodales sed, tincidunt eu, felis. Fusce posuere felis sed lacus.');

insert into FILE_DOWNLOAD (id, user_id, book_id, count) values (1, 18, 26, 80);
insert into FILE_DOWNLOAD (id, user_id, book_id, count) values (2, 9, 3, 19);
insert into FILE_DOWNLOAD (id, user_id, book_id, count) values (3, 4, 59, 94);
insert into FILE_DOWNLOAD (id, user_id, book_id, count) values (4, 1, 7, 67);
insert into FILE_DOWNLOAD (id, user_id, book_id, count) values (5, 7, 23, 85);
insert into FILE_DOWNLOAD (id, user_id, book_id, count) values (6, 5, 18, 34);
insert into FILE_DOWNLOAD (id, user_id, book_id, count) values (7, 5, 30, 39);
insert into FILE_DOWNLOAD (id, user_id, book_id, count) values (8, 1, 3, 50);
insert into FILE_DOWNLOAD (id, user_id, book_id, count) values (9, 11, 27, 94);
insert into FILE_DOWNLOAD (id, user_id, book_id, count) values (10, 14, 10, 76);
insert into FILE_DOWNLOAD (id, user_id, book_id, count) values (11, 22, 27, 25);
insert into FILE_DOWNLOAD (id, user_id, book_id, count) values (12, 7, 13, 64);
insert into FILE_DOWNLOAD (id, user_id, book_id, count) values (13, 5, 5, 90);
insert into FILE_DOWNLOAD (id, user_id, book_id, count) values (14, 6, 39, 20);
insert into FILE_DOWNLOAD (id, user_id, book_id, count) values (15, 12, 66, 54);
insert into FILE_DOWNLOAD (id, user_id, book_id, count) values (16, 22, 13, 89);
insert into FILE_DOWNLOAD (id, user_id, book_id, count) values (17, 18, 18, 58);
insert into FILE_DOWNLOAD (id, user_id, book_id, count) values (18, 6, 13, 66);
insert into FILE_DOWNLOAD (id, user_id, book_id, count) values (19, 20, 14, 13);
insert into FILE_DOWNLOAD (id, user_id, book_id, count) values (20, 23, 65, 1);
insert into FILE_DOWNLOAD (id, user_id, book_id, count) values (21, 14, 29, 72);
insert into FILE_DOWNLOAD (id, user_id, book_id, count) values (22, 16, 37, 95);
insert into FILE_DOWNLOAD (id, user_id, book_id, count) values (23, 20, 66, 10);
insert into FILE_DOWNLOAD (id, user_id, book_id, count) values (24, 6, 40, 64);
insert into FILE_DOWNLOAD (id, user_id, book_id, count) values (25, 12, 63, 50);
insert into FILE_DOWNLOAD (id, user_id, book_id, count) values (26, 22, 19, 28);
insert into FILE_DOWNLOAD (id, user_id, book_id, count) values (27, 6, 9, 35);
insert into FILE_DOWNLOAD (id, user_id, book_id, count) values (28, 18, 14, 22);
insert into FILE_DOWNLOAD (id, user_id, book_id, count) values (29, 23, 61, 55);
insert into FILE_DOWNLOAD (id, user_id, book_id, count) values (30, 18, 1, 80);
insert into FILE_DOWNLOAD (id, user_id, book_id, count) values (31, 8, 48, 54);
insert into FILE_DOWNLOAD (id, user_id, book_id, count) values (32, 8, 57, 84);
insert into FILE_DOWNLOAD (id, user_id, book_id, count) values (33, 22, 62, 2);
insert into FILE_DOWNLOAD (id, user_id, book_id, count) values (34, 19, 22, 86);
insert into FILE_DOWNLOAD (id, user_id, book_id, count) values (35, 8, 52, 48);
insert into FILE_DOWNLOAD (id, user_id, book_id, count) values (36, 11, 12, 85);
insert into FILE_DOWNLOAD (id, user_id, book_id, count) values (37, 12, 64, 7);
insert into FILE_DOWNLOAD (id, user_id, book_id, count) values (38, 1, 42, 41);
insert into FILE_DOWNLOAD (id, user_id, book_id, count) values (39, 10, 64, 15);
insert into FILE_DOWNLOAD (id, user_id, book_id, count) values (40, 4, 34, 29);
insert into FILE_DOWNLOAD (id, user_id, book_id, count) values (41, 17, 17, 3);
insert into FILE_DOWNLOAD (id, user_id, book_id, count) values (42, 18, 35, 5);
insert into FILE_DOWNLOAD (id, user_id, book_id, count) values (43, 18, 21, 97);
insert into FILE_DOWNLOAD (id, user_id, book_id, count) values (44, 8, 24, 71);
insert into FILE_DOWNLOAD (id, user_id, book_id, count) values (45, 1, 53, 72);
insert into FILE_DOWNLOAD (id, user_id, book_id, count) values (46, 22, 51, 47);
insert into FILE_DOWNLOAD (id, user_id, book_id, count) values (47, 2, 12, 12);
insert into FILE_DOWNLOAD (id, user_id, book_id, count) values (48, 21, 17, 31);
insert into FILE_DOWNLOAD (id, user_id, book_id, count) values (49, 19, 38, 11);
insert into FILE_DOWNLOAD (id, user_id, book_id, count) values (50, 17, 27, 34);
insert into FILE_DOWNLOAD (id, user_id, book_id, count) values (51, 22, 57, 96);

insert into DOCUMENT (id, sort_index, title, slug, text) values (1, 19, 'AEterna Zentaris Inc.', 'aeternazentarisinc.', 'http://qq.com/maecenas/tincidunt/lacus/at/velit.js?velit=urna&id=pretium&pretium=nisl&iaculis=ut&diam=volutpat&erat=sapien&fermentum=arcu&justo=sed&nec=augue&condimentum=aliquam&neque=erat&sapien=volutpat&placerat=in&ante=congue&nulla=etiam&justo=justo&aliquam=etiam&quis=pretium&turpis=iaculis');
insert into DOCUMENT (id, sort_index, title, slug, text) values (2, 70, 'Celgene Corporation', 'celgenecorporation', 'http://deviantart.com/vel/lectus/in/quam.aspx?magna=in&bibendum=leo&imperdiet=maecenas&nullam=pulvinar&orci=lobortis&pede=est&venenatis=phasellus&non=sit&sodales=amet&sed=erat&tincidunt=nulla&eu=tempus&felis=vivamus&fusce=in&posuere=felis&felis=eu&sed=sapien&lacus=cursus&morbi=vestibulum&sem=proin&mauris=eu&laoreet=mi&ut=nulla&rhoncus=ac&aliquet=enim&pulvinar=in&sed=tempor&nisl=turpis&nunc=nec&rhoncus=euismod&dui=scelerisque&vel=quam&sem=turpis&sed=adipiscing&sagittis=lorem&nam=vitae&congue=mattis&risus=nibh&semper=ligula&porta=nec&volutpat=sem&quam=duis&pede=aliquam&lobortis=convallis&ligula=nunc&sit=proin&amet=at&eleifend=turpis&pede=a&libero=pede&quis=posuere&orci=nonummy&nullam=integer&molestie=non&nibh=velit&in=donec&lectus=diam&pellentesque=neque&at=vestibulum&nulla=eget&suspendisse=vulputate&potenti=ut&cras=ultrices&in=vel&purus=augue&eu=vestibulum&magna=ante&vulputate=ipsum&luctus=primis');
insert into DOCUMENT (id, sort_index, title, slug, text) values (3, 97, 'State Street Corporation', 'statestreetcorporation', 'http://hao123.com/mi/nulla/ac.aspx?nisl=amet&duis=eros&ac=suspendisse&nibh=accumsan&fusce=tortor&lacus=quis&purus=turpis&aliquet=sed&at=ante&feugiat=vivamus&non=tortor&pretium=duis&quis=mattis&lectus=egestas&suspendisse=metus&potenti=aenean&in=fermentum&eleifend=donec&quam=ut&a=mauris&odio=eget&in=massa&hac=tempor&habitasse=convallis&platea=nulla&dictumst=neque&maecenas=libero&ut=convallis');
insert into DOCUMENT (id, sort_index, title, slug, text) values (4, 92, 'Matador Resources Company', 'matadorresourcescompany', 'https://nationalgeographic.com/eu/magna.json?consequat=suspendisse&metus=potenti&sapien=nullam&ut=porttitor&nunc=lacus&vestibulum=at&ante=turpis&ipsum=donec&primis=posuere&in=metus&faucibus=vitae&orci=ipsum&luctus=aliquam&et=non&ultrices=mauris&posuere=morbi&cubilia=non&curae=lectus&mauris=aliquam&viverra=sit&diam=amet&vitae=diam&quam=in&suspendisse=magna');
insert into DOCUMENT (id, sort_index, title, slug, text) values (5, 72, 'Albany Molecular Research, Inc.', 'albanymolecularresearch,inc.', 'https://bloomberg.com/eget/congue/eget.xml?vehicula=posuere&consequat=cubilia&morbi=curae&a=duis&ipsum=faucibus&integer=accumsan&a=odio&nibh=curabitur&in=convallis&quis=duis&justo=consequat&maecenas=dui&rhoncus=nec&aliquam=nisi&lacus=volutpat&morbi=eleifend&quis=donec&tortor=ut&id=dolor&nulla=morbi&ultrices=vel&aliquet=lectus&maecenas=in&leo=quam&odio=fringilla&condimentum=rhoncus&id=mauris&luctus=enim&nec=leo&molestie=rhoncus&sed=sed&justo=vestibulum&pellentesque=sit&viverra=amet&pede=cursus&ac=id&diam=turpis&cras=integer&pellentesque=aliquet');
insert into DOCUMENT (id, sort_index, title, slug, text) values (6, 10, 'Apollo Investment Corporation', 'apolloinvestmentcorporation', 'http://fda.gov/congue/vivamus/metus/arcu.png?vitae=ut&nisi=nulla&nam=sed');
insert into DOCUMENT (id, sort_index, title, slug, text) values (7, 9, 'Central Federal Corporation', 'centralfederalcorporation', 'https://arstechnica.com/semper/est/quam.xml?sed=morbi&sagittis=non&nam=quam&congue=nec&risus=dui&semper=luctus&porta=rutrum&volutpat=nulla&quam=tellus&pede=in&lobortis=sagittis&ligula=dui&sit=vel&amet=nisl&eleifend=duis&pede=ac&libero=nibh&quis=fusce&orci=lacus&nullam=purus&molestie=aliquet&nibh=at&in=feugiat&lectus=non&pellentesque=pretium&at=quis&nulla=lectus&suspendisse=suspendisse&potenti=potenti&cras=in&in=eleifend&purus=quam&eu=a&magna=odio&vulputate=in&luctus=hac&cum=habitasse&sociis=platea&natoque=dictumst&penatibus=maecenas&et=ut&magnis=massa&dis=quis&parturient=augue&montes=luctus&nascetur=tincidunt&ridiculus=nulla&mus=mollis&vivamus=molestie&vestibulum=lorem&sagittis=quisque&sapien=ut&cum=erat&sociis=curabitur&natoque=gravida');
insert into DOCUMENT (id, sort_index, title, slug, text) values (8, 66, 'Extreme Networks, Inc.', 'extremenetworks,inc.', 'http://bravesites.com/vitae/mattis/nibh/ligula.html?mauris=in&morbi=sagittis');
insert into DOCUMENT (id, sort_index, title, slug, text) values (9, 19, 'Pioneer Floating Rate Trust', 'pioneerfloatingratetrust', 'https://yelp.com/scelerisque.jsp?tortor=quam&quis=nec&turpis=dui&sed=luctus&ante=rutrum&vivamus=nulla&tortor=tellus&duis=in&mattis=sagittis&egestas=dui&metus=vel&aenean=nisl&fermentum=duis&donec=ac&ut=nibh&mauris=fusce&eget=lacus&massa=purus&tempor=aliquet&convallis=at&nulla=feugiat&neque=non&libero=pretium&convallis=quis&eget=lectus&eleifend=suspendisse&luctus=potenti&ultricies=in&eu=eleifend&nibh=quam&quisque=a&id=odio&justo=in&sit=hac&amet=habitasse&sapien=platea&dignissim=dictumst&vestibulum=maecenas&vestibulum=ut&ante=massa&ipsum=quis&primis=augue&in=luctus&faucibus=tincidunt&orci=nulla&luctus=mollis&et=molestie&ultrices=lorem&posuere=quisque');
insert into DOCUMENT (id, sort_index, title, slug, text) values (10, 95, 'Superconductor Technologies Inc.', 'superconductortechnologiesinc.', 'https://sina.com.cn/lectus/aliquam/sit/amet/diam/in/magna.xml?in=in&hac=faucibus&habitasse=orci&platea=luctus&dictumst=et&maecenas=ultrices&ut=posuere&massa=cubilia&quis=curae&augue=nulla&luctus=dapibus&tincidunt=dolor&nulla=vel&mollis=est&molestie=donec&lorem=odio&quisque=justo&ut=sollicitudin&erat=ut&curabitur=suscipit&gravida=a&nisi=feugiat&at=et&nibh=eros&in=vestibulum&hac=ac&habitasse=est&platea=lacinia&dictumst=nisi&aliquam=venenatis&augue=tristique&quam=fusce&sollicitudin=congue&vitae=diam&consectetuer=id&eget=ornare&rutrum=imperdiet&at=sapien&lorem=urna&integer=pretium&tincidunt=nisl&ante=ut&vel=volutpat&ipsum=sapien&praesent=arcu&blandit=sed&lacinia=augue&erat=aliquam&vestibulum=erat&sed=volutpat&magna=in&at=congue&nunc=etiam&commodo=justo&placerat=etiam&praesent=pretium&blandit=iaculis&nam=justo&nulla=in&integer=hac&pede=habitasse&justo=platea&lacinia=dictumst');
insert into DOCUMENT (id, sort_index, title, slug, text) values (11, 64, 'Piper Jaffray Companies', 'piperjaffraycompanies', 'http://youtu.be/ligula/vehicula/consequat/morbi/a/ipsum/integer.jpg?consequat=ac&morbi=est&a=lacinia&ipsum=nisi&integer=venenatis&a=tristique&nibh=fusce&in=congue&quis=diam&justo=id&maecenas=ornare&rhoncus=imperdiet&aliquam=sapien&lacus=urna&morbi=pretium&quis=nisl&tortor=ut&id=volutpat&nulla=sapien&ultrices=arcu&aliquet=sed&maecenas=augue&leo=aliquam&odio=erat&condimentum=volutpat&id=in&luctus=congue&nec=etiam&molestie=justo&sed=etiam&justo=pretium&pellentesque=iaculis&viverra=justo&pede=in&ac=hac&diam=habitasse&cras=platea&pellentesque=dictumst&volutpat=etiam&dui=faucibus&maecenas=cursus&tristique=urna&est=ut&et=tellus&tempus=nulla&semper=ut&est=erat&quam=id&pharetra=mauris&magna=vulputate&ac=elementum&consequat=nullam&metus=varius&sapien=nulla&ut=facilisi&nunc=cras&vestibulum=non&ante=velit&ipsum=nec&primis=nisi&in=vulputate&faucibus=nonummy&orci=maecenas&luctus=tincidunt&et=lacus&ultrices=at&posuere=velit&cubilia=vivamus&curae=vel&mauris=nulla&viverra=eget&diam=eros');
insert into DOCUMENT (id, sort_index, title, slug, text) values (12, 53, 'WPP plc', 'wppplc', 'http://nature.com/id/ligula/suspendisse/ornare/consequat/lectus.aspx?duis=risus&bibendum=dapibus&felis=augue&sed=vel&interdum=accumsan&venenatis=tellus&turpis=nisi&enim=eu&blandit=orci&mi=mauris&in=lacinia&porttitor=sapien&pede=quis&justo=libero&eu=nullam&massa=sit&donec=amet&dapibus=turpis&duis=elementum&at=ligula&velit=vehicula&eu=consequat&est=morbi&congue=a&elementum=ipsum&in=integer&hac=a&habitasse=nibh&platea=in');
insert into DOCUMENT (id, sort_index, title, slug, text) values (13, 39, 'TJX Companies, Inc. (The)', 'tjxcompanies,inc.(the)', 'http://wordpress.org/pede/justo/eu/massa.html?quis=justo&augue=eu&luctus=massa&tincidunt=donec&nulla=dapibus&mollis=duis&molestie=at&lorem=velit&quisque=eu&ut=est&erat=congue&curabitur=elementum&gravida=in&nisi=hac&at=habitasse&nibh=platea&in=dictumst&hac=morbi&habitasse=vestibulum&platea=velit&dictumst=id&aliquam=pretium&augue=iaculis&quam=diam&sollicitudin=erat&vitae=fermentum&consectetuer=justo&eget=nec&rutrum=condimentum&at=neque&lorem=sapien&integer=placerat&tincidunt=ante&ante=nulla&vel=justo&ipsum=aliquam&praesent=quis&blandit=turpis&lacinia=eget&erat=elit&vestibulum=sodales&sed=scelerisque&magna=mauris');
insert into DOCUMENT (id, sort_index, title, slug, text) values (14, 60, 'J. Alexander''s Holdings, Inc.', 'j.alexander''sholdings,inc.', 'https://sbwire.com/tellus/semper.png?nibh=cursus&fusce=urna&lacus=ut&purus=tellus&aliquet=nulla&at=ut&feugiat=erat&non=id&pretium=mauris&quis=vulputate&lectus=elementum&suspendisse=nullam&potenti=varius&in=nulla&eleifend=facilisi&quam=cras&a=non&odio=velit&in=nec&hac=nisi&habitasse=vulputate&platea=nonummy&dictumst=maecenas&maecenas=tincidunt&ut=lacus&massa=at&quis=velit&augue=vivamus&luctus=vel&tincidunt=nulla&nulla=eget&mollis=eros&molestie=elementum&lorem=pellentesque&quisque=quisque&ut=porta&erat=volutpat&curabitur=erat&gravida=quisque&nisi=erat&at=eros&nibh=viverra&in=eget&hac=congue&habitasse=eget&platea=semper&dictumst=rutrum&aliquam=nulla&augue=nunc&quam=purus&sollicitudin=phasellus');
insert into DOCUMENT (id, sort_index, title, slug, text) values (15, 36, 'Village Bank and Trust Financial Corp.', 'villagebankandtrustfinancialcorp.', 'https://domainmarket.com/imperdiet/nullam/orci.html?elementum=pede&ligula=ac&vehicula=diam&consequat=cras&morbi=pellentesque&a=volutpat&ipsum=dui&integer=maecenas&a=tristique&nibh=est&in=et&quis=tempus&justo=semper&maecenas=est&rhoncus=quam&aliquam=pharetra&lacus=magna&morbi=ac&quis=consequat&tortor=metus');
insert into DOCUMENT (id, sort_index, title, slug, text) values (16, 91, 'Nasdaq, Inc.', 'nasdaq,inc.', 'http://elegantthemes.com/proin.xml?sit=sit&amet=amet&sapien=erat&dignissim=nulla&vestibulum=tempus&vestibulum=vivamus&ante=in&ipsum=felis&primis=eu&in=sapien&faucibus=cursus&orci=vestibulum&luctus=proin&et=eu&ultrices=mi&posuere=nulla&cubilia=ac&curae=enim&nulla=in&dapibus=tempor&dolor=turpis&vel=nec&est=euismod&donec=scelerisque&odio=quam&justo=turpis&sollicitudin=adipiscing&ut=lorem&suscipit=vitae&a=mattis&feugiat=nibh&et=ligula&eros=nec&vestibulum=sem&ac=duis&est=aliquam&lacinia=convallis&nisi=nunc&venenatis=proin&tristique=at&fusce=turpis&congue=a&diam=pede&id=posuere&ornare=nonummy&imperdiet=integer&sapien=non&urna=velit&pretium=donec&nisl=diam&ut=neque&volutpat=vestibulum&sapien=eget&arcu=vulputate&sed=ut&augue=ultrices&aliquam=vel&erat=augue&volutpat=vestibulum&in=ante&congue=ipsum&etiam=primis&justo=in&etiam=faucibus&pretium=orci&iaculis=luctus&justo=et&in=ultrices&hac=posuere&habitasse=cubilia&platea=curae&dictumst=donec&etiam=pharetra&faucibus=magna&cursus=vestibulum&urna=aliquet&ut=ultrices&tellus=erat&nulla=tortor&ut=sollicitudin&erat=mi&id=sit&mauris=amet&vulputate=lobortis&elementum=sapien&nullam=sapien&varius=non&nulla=mi&facilisi=integer&cras=ac&non=neque&velit=duis&nec=bibendum');
insert into DOCUMENT (id, sort_index, title, slug, text) values (17, 64, 'Floor & Decor Holdings, Inc.', 'floor&decorholdings,inc.', 'http://phpbb.com/amet/consectetuer/adipiscing/elit/proin/risus/praesent.json?arcu=orci&adipiscing=luctus&molestie=et&hendrerit=ultrices&at=posuere&vulputate=cubilia&vitae=curae&nisl=mauris&aenean=viverra&lectus=diam&pellentesque=vitae&eget=quam&nunc=suspendisse&donec=potenti&quis=nullam&orci=porttitor&eget=lacus&orci=at&vehicula=turpis&condimentum=donec&curabitur=posuere&in=metus&libero=vitae&ut=ipsum&massa=aliquam&volutpat=non&convallis=mauris&morbi=morbi&odio=non&odio=lectus&elementum=aliquam&eu=sit&interdum=amet&eu=diam&tincidunt=in&in=magna&leo=bibendum&maecenas=imperdiet&pulvinar=nullam&lobortis=orci&est=pede&phasellus=venenatis&sit=non&amet=sodales&erat=sed&nulla=tincidunt&tempus=eu&vivamus=felis&in=fusce&felis=posuere&eu=felis&sapien=sed&cursus=lacus&vestibulum=morbi&proin=sem&eu=mauris&mi=laoreet&nulla=ut&ac=rhoncus&enim=aliquet&in=pulvinar&tempor=sed&turpis=nisl&nec=nunc&euismod=rhoncus&scelerisque=dui&quam=vel&turpis=sem&adipiscing=sed&lorem=sagittis&vitae=nam&mattis=congue&nibh=risus&ligula=semper&nec=porta&sem=volutpat&duis=quam&aliquam=pede&convallis=lobortis&nunc=ligula&proin=sit&at=amet&turpis=eleifend&a=pede&pede=libero&posuere=quis&nonummy=orci&integer=nullam&non=molestie&velit=nibh&donec=in&diam=lectus');
insert into DOCUMENT (id, sort_index, title, slug, text) values (18, 77, 'China Petroleum & Chemical Corporation', 'chinapetroleum&chemicalcorporation', 'http://ocn.ne.jp/dictumst/aliquam/augue/quam.xml?congue=nulla&diam=justo&id=aliquam&ornare=quis&imperdiet=turpis&sapien=eget&urna=elit&pretium=sodales&nisl=scelerisque&ut=mauris&volutpat=sit&sapien=amet&arcu=eros&sed=suspendisse&augue=accumsan&aliquam=tortor&erat=quis&volutpat=turpis&in=sed&congue=ante&etiam=vivamus&justo=tortor&etiam=duis&pretium=mattis&iaculis=egestas&justo=metus&in=aenean&hac=fermentum&habitasse=donec&platea=ut&dictumst=mauris&etiam=eget&faucibus=massa');
insert into DOCUMENT (id, sort_index, title, slug, text) values (19, 14, 'CryoPort, Inc.', 'cryoport,inc.', 'https://nifty.com/nibh/in/lectus/pellentesque/at.jsp?magnis=pede&dis=ac&parturient=diam&montes=cras&nascetur=pellentesque&ridiculus=volutpat&mus=dui&vivamus=maecenas&vestibulum=tristique&sagittis=est&sapien=et&cum=tempus&sociis=semper&natoque=est&penatibus=quam&et=pharetra&magnis=magna&dis=ac&parturient=consequat&montes=metus&nascetur=sapien&ridiculus=ut&mus=nunc&etiam=vestibulum&vel=ante');
insert into DOCUMENT (id, sort_index, title, slug, text) values (20, 64, 'Cardiovascular Systems, Inc.', 'cardiovascularsystems,inc.', 'https://mac.com/duis/at/velit/eu/est/congue/elementum.html?blandit=feugiat&lacinia=non&erat=pretium&vestibulum=quis&sed=lectus&magna=suspendisse&at=potenti&nunc=in&commodo=eleifend&placerat=quam&praesent=a&blandit=odio&nam=in&nulla=hac&integer=habitasse&pede=platea&justo=dictumst&lacinia=maecenas&eget=ut&tincidunt=massa&eget=quis&tempus=augue&vel=luctus&pede=tincidunt&morbi=nulla&porttitor=mollis&lorem=molestie&id=lorem&ligula=quisque&suspendisse=ut&ornare=erat&consequat=curabitur&lectus=gravida&in=nisi&est=at&risus=nibh&auctor=in&sed=hac&tristique=habitasse&in=platea&tempus=dictumst&sit=aliquam&amet=augue&sem=quam&fusce=sollicitudin&consequat=vitae&nulla=consectetuer&nisl=eget&nunc=rutrum&nisl=at&duis=lorem&bibendum=integer&felis=tincidunt&sed=ante&interdum=vel&venenatis=ipsum&turpis=praesent&enim=blandit&blandit=lacinia&mi=erat&in=vestibulum&porttitor=sed&pede=magna&justo=at&eu=nunc&massa=commodo&donec=placerat&dapibus=praesent&duis=blandit&at=nam&velit=nulla&eu=integer&est=pede&congue=justo');
insert into DOCUMENT (id, sort_index, title, slug, text) values (21, 54, 'Trinity Biotech plc', 'trinitybiotechplc', 'https://cornell.edu/praesent/blandit/lacinia/erat.png?donec=lectus&odio=suspendisse&justo=potenti&sollicitudin=in&ut=eleifend&suscipit=quam&a=a&feugiat=odio&et=in&eros=hac&vestibulum=habitasse&ac=platea&est=dictumst&lacinia=maecenas&nisi=ut&venenatis=massa&tristique=quis&fusce=augue&congue=luctus&diam=tincidunt&id=nulla&ornare=mollis&imperdiet=molestie&sapien=lorem&urna=quisque&pretium=ut&nisl=erat&ut=curabitur&volutpat=gravida&sapien=nisi&arcu=at&sed=nibh&augue=in&aliquam=hac&erat=habitasse&volutpat=platea&in=dictumst&congue=aliquam&etiam=augue&justo=quam&etiam=sollicitudin&pretium=vitae&iaculis=consectetuer&justo=eget&in=rutrum&hac=at&habitasse=lorem&platea=integer&dictumst=tincidunt&etiam=ante&faucibus=vel&cursus=ipsum&urna=praesent&ut=blandit&tellus=lacinia&nulla=erat&ut=vestibulum&erat=sed&id=magna&mauris=at&vulputate=nunc&elementum=commodo&nullam=placerat&varius=praesent&nulla=blandit&facilisi=nam&cras=nulla&non=integer&velit=pede&nec=justo&nisi=lacinia&vulputate=eget&nonummy=tincidunt&maecenas=eget&tincidunt=tempus&lacus=vel&at=pede&velit=morbi&vivamus=porttitor&vel=lorem&nulla=id&eget=ligula&eros=suspendisse&elementum=ornare&pellentesque=consequat&quisque=lectus');
insert into DOCUMENT (id, sort_index, title, slug, text) values (22, 83, 'Corporate Office Properties Trust', 'corporateofficepropertiestrust', 'http://squarespace.com/leo/odio.jpg?nulla=interdum&eget=eu&eros=tincidunt&elementum=in&pellentesque=leo&quisque=maecenas&porta=pulvinar&volutpat=lobortis&erat=est&quisque=phasellus&erat=sit&eros=amet&viverra=erat&eget=nulla&congue=tempus&eget=vivamus&semper=in&rutrum=felis&nulla=eu&nunc=sapien&purus=cursus&phasellus=vestibulum&in=proin&felis=eu&donec=mi&semper=nulla&sapien=ac&a=enim&libero=in&nam=tempor&dui=turpis&proin=nec&leo=euismod&odio=scelerisque&porttitor=quam&id=turpis&consequat=adipiscing&in=lorem&consequat=vitae&ut=mattis&nulla=nibh&sed=ligula&accumsan=nec&felis=sem&ut=duis&at=aliquam&dolor=convallis&quis=nunc&odio=proin&consequat=at&varius=turpis&integer=a&ac=pede&leo=posuere&pellentesque=nonummy&ultrices=integer&mattis=non&odio=velit&donec=donec&vitae=diam&nisi=neque&nam=vestibulum&ultrices=eget');
insert into DOCUMENT (id, sort_index, title, slug, text) values (23, 51, 'Murphy Oil Corporation', 'murphyoilcorporation', 'http://mac.com/molestie/lorem/quisque/ut/erat/curabitur/gravida.json?risus=id&dapibus=mauris&augue=vulputate&vel=elementum&accumsan=nullam&tellus=varius&nisi=nulla&eu=facilisi&orci=cras&mauris=non&lacinia=velit&sapien=nec&quis=nisi&libero=vulputate&nullam=nonummy&sit=maecenas&amet=tincidunt&turpis=lacus&elementum=at&ligula=velit&vehicula=vivamus&consequat=vel&morbi=nulla&a=eget&ipsum=eros&integer=elementum&a=pellentesque&nibh=quisque&in=porta&quis=volutpat&justo=erat&maecenas=quisque&rhoncus=erat&aliquam=eros&lacus=viverra&morbi=eget&quis=congue&tortor=eget&id=semper&nulla=rutrum&ultrices=nulla&aliquet=nunc&maecenas=purus&leo=phasellus&odio=in&condimentum=felis&id=donec&luctus=semper&nec=sapien&molestie=a&sed=libero&justo=nam&pellentesque=dui&viverra=proin&pede=leo&ac=odio&diam=porttitor&cras=id&pellentesque=consequat&volutpat=in&dui=consequat&maecenas=ut&tristique=nulla&est=sed&et=accumsan&tempus=felis&semper=ut&est=at&quam=dolor&pharetra=quis&magna=odio&ac=consequat&consequat=varius&metus=integer&sapien=ac&ut=leo&nunc=pellentesque');
insert into DOCUMENT (id, sort_index, title, slug, text) values (24, 16, 'Equity Commonwealth', 'equitycommonwealth', 'https://joomla.org/odio/elementum/eu/interdum/eu/tincidunt.png?turpis=donec&sed=pharetra&ante=magna&vivamus=vestibulum&tortor=aliquet&duis=ultrices&mattis=erat&egestas=tortor&metus=sollicitudin&aenean=mi&fermentum=sit&donec=amet&ut=lobortis&mauris=sapien&eget=sapien&massa=non&tempor=mi&convallis=integer&nulla=ac&neque=neque&libero=duis&convallis=bibendum&eget=morbi&eleifend=non&luctus=quam&ultricies=nec&eu=dui&nibh=luctus&quisque=rutrum&id=nulla');
insert into DOCUMENT (id, sort_index, title, slug, text) values (25, 41, 'Blackrock MuniYield New York Quality Fund, Inc.', 'blackrockmuniyieldnewyorkqualityfund,inc.', 'https://imgur.com/aliquet/ultrices/erat/tortor/sollicitudin/mi.json?quisque=consequat');
insert into DOCUMENT (id, sort_index, title, slug, text) values (26, 64, 'Kansas City Southern', 'kansascitysouthern', 'http://netvibes.com/nulla/ultrices/aliquet/maecenas/leo/odio.aspx?eu=eleifend&tincidunt=luctus&in=ultricies&leo=eu&maecenas=nibh&pulvinar=quisque&lobortis=id&est=justo&phasellus=sit&sit=amet&amet=sapien&erat=dignissim&nulla=vestibulum&tempus=vestibulum&vivamus=ante&in=ipsum&felis=primis&eu=in&sapien=faucibus&cursus=orci&vestibulum=luctus&proin=et&eu=ultrices&mi=posuere&nulla=cubilia&ac=curae&enim=nulla&in=dapibus&tempor=dolor&turpis=vel&nec=est&euismod=donec&scelerisque=odio&quam=justo&turpis=sollicitudin&adipiscing=ut&lorem=suscipit&vitae=a&mattis=feugiat&nibh=et&ligula=eros&nec=vestibulum&sem=ac&duis=est&aliquam=lacinia&convallis=nisi&nunc=venenatis&proin=tristique&at=fusce&turpis=congue&a=diam&pede=id&posuere=ornare&nonummy=imperdiet&integer=sapien');
insert into DOCUMENT (id, sort_index, title, slug, text) values (27, 94, 'Celestica, Inc.', 'celestica,inc.', 'https://paginegialle.it/in/hac/habitasse/platea/dictumst.xml?nibh=in&ligula=purus&nec=eu&sem=magna&duis=vulputate&aliquam=luctus&convallis=cum&nunc=sociis&proin=natoque&at=penatibus&turpis=et&a=magnis&pede=dis&posuere=parturient&nonummy=montes&integer=nascetur&non=ridiculus&velit=mus&donec=vivamus&diam=vestibulum&neque=sagittis&vestibulum=sapien&eget=cum&vulputate=sociis&ut=natoque&ultrices=penatibus&vel=et&augue=magnis&vestibulum=dis&ante=parturient&ipsum=montes&primis=nascetur&in=ridiculus&faucibus=mus&orci=etiam&luctus=vel&et=augue&ultrices=vestibulum&posuere=rutrum&cubilia=rutrum&curae=neque&donec=aenean&pharetra=auctor&magna=gravida&vestibulum=sem&aliquet=praesent&ultrices=id&erat=massa&tortor=id&sollicitudin=nisl&mi=venenatis&sit=lacinia&amet=aenean&lobortis=sit&sapien=amet&sapien=justo');
insert into DOCUMENT (id, sort_index, title, slug, text) values (28, 40, 'Teekay Offshore Partners L.P.', 'teekayoffshorepartnersl.p.', 'http://flickr.com/feugiat/et/eros/vestibulum/ac/est/lacinia.jsp?duis=ante&mattis=nulla&egestas=justo&metus=aliquam&aenean=quis&fermentum=turpis&donec=eget&ut=elit&mauris=sodales&eget=scelerisque&massa=mauris');
insert into DOCUMENT (id, sort_index, title, slug, text) values (29, 98, 'Drive Shack Inc.', 'driveshackinc.', 'https://domainmarket.com/fermentum.png?in=consectetuer&felis=eget&donec=rutrum&semper=at&sapien=lorem&a=integer&libero=tincidunt&nam=ante&dui=vel&proin=ipsum&leo=praesent&odio=blandit&porttitor=lacinia&id=erat&consequat=vestibulum&in=sed&consequat=magna&ut=at&nulla=nunc&sed=commodo&accumsan=placerat&felis=praesent&ut=blandit&at=nam&dolor=nulla&quis=integer&odio=pede&consequat=justo&varius=lacinia&integer=eget&ac=tincidunt&leo=eget&pellentesque=tempus&ultrices=vel&mattis=pede&odio=morbi&donec=porttitor&vitae=lorem&nisi=id&nam=ligula&ultrices=suspendisse&libero=ornare&non=consequat&mattis=lectus&pulvinar=in&nulla=est&pede=risus&ullamcorper=auctor&augue=sed&a=tristique&suscipit=in&nulla=tempus&elit=sit&ac=amet&nulla=sem&sed=fusce&vel=consequat&enim=nulla&sit=nisl&amet=nunc&nunc=nisl&viverra=duis&dapibus=bibendum&nulla=felis&suscipit=sed&ligula=interdum&in=venenatis&lacus=turpis&curabitur=enim&at=blandit');
insert into DOCUMENT (id, sort_index, title, slug, text) values (30, 34, 'Avista Healthcare Public Acquisition Corp.', 'avistahealthcarepublicacquisitioncorp.', 'https://taobao.com/pellentesque/at/nulla/suspendisse/potenti/cras/in.html?vestibulum=nec&rutrum=condimentum&rutrum=neque&neque=sapien&aenean=placerat&auctor=ante&gravida=nulla&sem=justo&praesent=aliquam&id=quis&massa=turpis&id=eget&nisl=elit&venenatis=sodales&lacinia=scelerisque&aenean=mauris&sit=sit&amet=amet&justo=eros&morbi=suspendisse&ut=accumsan&odio=tortor&cras=quis&mi=turpis&pede=sed&malesuada=ante&in=vivamus&imperdiet=tortor&et=duis&commodo=mattis&vulputate=egestas&justo=metus&in=aenean&blandit=fermentum&ultrices=donec&enim=ut&lorem=mauris&ipsum=eget&dolor=massa&sit=tempor&amet=convallis&consectetuer=nulla&adipiscing=neque&elit=libero&proin=convallis&interdum=eget&mauris=eleifend&non=luctus&ligula=ultricies&pellentesque=eu&ultrices=nibh&phasellus=quisque&id=id&sapien=justo&in=sit&sapien=amet&iaculis=sapien&congue=dignissim&vivamus=vestibulum');
insert into DOCUMENT (id, sort_index, title, slug, text) values (31, 64, 'Molson Coors Brewing  Company', 'molsoncoorsbrewingcompany', 'http://woothemes.com/pellentesque/volutpat/dui/maecenas.js?tortor=justo&id=nec&nulla=condimentum&ultrices=neque&aliquet=sapien&maecenas=placerat&leo=ante&odio=nulla&condimentum=justo&id=aliquam&luctus=quis&nec=turpis&molestie=eget&sed=elit&justo=sodales&pellentesque=scelerisque&viverra=mauris&pede=sit&ac=amet&diam=eros&cras=suspendisse&pellentesque=accumsan&volutpat=tortor&dui=quis&maecenas=turpis&tristique=sed&est=ante&et=vivamus&tempus=tortor&semper=duis&est=mattis&quam=egestas&pharetra=metus&magna=aenean&ac=fermentum&consequat=donec&metus=ut&sapien=mauris&ut=eget&nunc=massa&vestibulum=tempor&ante=convallis&ipsum=nulla&primis=neque&in=libero&faucibus=convallis&orci=eget&luctus=eleifend&et=luctus&ultrices=ultricies&posuere=eu&cubilia=nibh&curae=quisque&mauris=id&viverra=justo&diam=sit&vitae=amet&quam=sapien&suspendisse=dignissim&potenti=vestibulum&nullam=vestibulum&porttitor=ante&lacus=ipsum&at=primis&turpis=in&donec=faucibus&posuere=orci&metus=luctus&vitae=et&ipsum=ultrices&aliquam=posuere&non=cubilia&mauris=curae&morbi=nulla&non=dapibus&lectus=dolor&aliquam=vel&sit=est&amet=donec&diam=odio&in=justo&magna=sollicitudin&bibendum=ut&imperdiet=suscipit&nullam=a&orci=feugiat&pede=et&venenatis=eros&non=vestibulum');
insert into DOCUMENT (id, sort_index, title, slug, text) values (32, 20, 'MRC Global Inc.', 'mrcglobalinc.', 'http://phoca.cz/vel/augue/vestibulum/ante.png?nibh=lorem&in=integer&lectus=tincidunt&pellentesque=ante&at=vel&nulla=ipsum&suspendisse=praesent&potenti=blandit&cras=lacinia&in=erat&purus=vestibulum&eu=sed&magna=magna&vulputate=at&luctus=nunc&cum=commodo&sociis=placerat&natoque=praesent&penatibus=blandit&et=nam&magnis=nulla&dis=integer&parturient=pede&montes=justo&nascetur=lacinia&ridiculus=eget&mus=tincidunt&vivamus=eget&vestibulum=tempus&sagittis=vel&sapien=pede&cum=morbi&sociis=porttitor&natoque=lorem');
insert into DOCUMENT (id, sort_index, title, slug, text) values (33, 37, 'NCR Corporation', 'ncrcorporation', 'https://ftc.gov/pede/venenatis/non/sodales/sed.html?ante=pede&ipsum=justo&primis=lacinia&in=eget&faucibus=tincidunt&orci=eget&luctus=tempus&et=vel&ultrices=pede&posuere=morbi&cubilia=porttitor&curae=lorem&mauris=id&viverra=ligula&diam=suspendisse&vitae=ornare&quam=consequat&suspendisse=lectus&potenti=in&nullam=est&porttitor=risus&lacus=auctor&at=sed&turpis=tristique&donec=in&posuere=tempus&metus=sit&vitae=amet&ipsum=sem&aliquam=fusce&non=consequat&mauris=nulla&morbi=nisl&non=nunc&lectus=nisl&aliquam=duis&sit=bibendum&amet=felis&diam=sed&in=interdum&magna=venenatis&bibendum=turpis&imperdiet=enim&nullam=blandit&orci=mi&pede=in&venenatis=porttitor&non=pede&sodales=justo&sed=eu&tincidunt=massa&eu=donec&felis=dapibus&fusce=duis&posuere=at&felis=velit&sed=eu&lacus=est&morbi=congue&sem=elementum&mauris=in&laoreet=hac&ut=habitasse&rhoncus=platea&aliquet=dictumst&pulvinar=morbi&sed=vestibulum&nisl=velit&nunc=id&rhoncus=pretium&dui=iaculis&vel=diam&sem=erat&sed=fermentum&sagittis=justo&nam=nec&congue=condimentum&risus=neque&semper=sapien&porta=placerat&volutpat=ante&quam=nulla&pede=justo&lobortis=aliquam&ligula=quis&sit=turpis&amet=eget');
insert into DOCUMENT (id, sort_index, title, slug, text) values (34, 27, 'Booz Allen Hamilton Holding Corporation', 'boozallenhamiltonholdingcorporation', 'https://dot.gov/nibh/ligula.js?morbi=luctus&non=cum&lectus=sociis&aliquam=natoque');
insert into DOCUMENT (id, sort_index, title, slug, text) values (35, 8, 'VictoryShares US Discovery Enhanced Volatility Wtd ETF', 'victorysharesusdiscoveryenhancedvolatilitywtdetf', 'http://mashable.com/sed/augue/aliquam/erat/volutpat.xml?vulputate=pede&ut=libero&ultrices=quis&vel=orci&augue=nullam&vestibulum=molestie&ante=nibh&ipsum=in&primis=lectus&in=pellentesque&faucibus=at&orci=nulla&luctus=suspendisse&et=potenti&ultrices=cras&posuere=in&cubilia=purus&curae=eu&donec=magna&pharetra=vulputate&magna=luctus&vestibulum=cum&aliquet=sociis&ultrices=natoque&erat=penatibus&tortor=et&sollicitudin=magnis&mi=dis&sit=parturient&amet=montes&lobortis=nascetur&sapien=ridiculus&sapien=mus&non=vivamus&mi=vestibulum&integer=sagittis&ac=sapien&neque=cum&duis=sociis&bibendum=natoque&morbi=penatibus&non=et&quam=magnis&nec=dis&dui=parturient&luctus=montes&rutrum=nascetur&nulla=ridiculus&tellus=mus&in=etiam');
insert into DOCUMENT (id, sort_index, title, slug, text) values (36, 24, 'Marrone Bio Innovations, Inc.', 'marronebioinnovations,inc.', 'http://china.com.cn/laoreet/ut/rhoncus.jsp?convallis=aliquam&eget=erat&eleifend=volutpat&luctus=in&ultricies=congue&eu=etiam&nibh=justo&quisque=etiam&id=pretium&justo=iaculis&sit=justo&amet=in');
insert into DOCUMENT (id, sort_index, title, slug, text) values (37, 8, 'Monster Beverage Corporation', 'monsterbeveragecorporation', 'http://pbs.org/faucibus/accumsan/odio/curabitur.json?odio=augue&consequat=a&varius=suscipit&integer=nulla');
insert into DOCUMENT (id, sort_index, title, slug, text) values (38, 5, 'Ambev S.A.', 'ambevs.a.', 'https://auda.org.au/montes/nascetur/ridiculus/mus/vivamus/vestibulum.html?duis=consequat&bibendum=morbi&felis=a&sed=ipsum&interdum=integer&venenatis=a&turpis=nibh&enim=in&blandit=quis&mi=justo&in=maecenas&porttitor=rhoncus&pede=aliquam&justo=lacus&eu=morbi&massa=quis&donec=tortor&dapibus=id&duis=nulla&at=ultrices&velit=aliquet&eu=maecenas&est=leo&congue=odio&elementum=condimentum&in=id&hac=luctus&habitasse=nec&platea=molestie&dictumst=sed&morbi=justo&vestibulum=pellentesque&velit=viverra&id=pede&pretium=ac&iaculis=diam&diam=cras&erat=pellentesque&fermentum=volutpat&justo=dui&nec=maecenas&condimentum=tristique&neque=est&sapien=et&placerat=tempus&ante=semper&nulla=est&justo=quam&aliquam=pharetra&quis=magna&turpis=ac&eget=consequat&elit=metus&sodales=sapien&scelerisque=ut&mauris=nunc&sit=vestibulum&amet=ante&eros=ipsum&suspendisse=primis&accumsan=in&tortor=faucibus&quis=orci&turpis=luctus&sed=et&ante=ultrices&vivamus=posuere&tortor=cubilia&duis=curae&mattis=mauris&egestas=viverra&metus=diam&aenean=vitae&fermentum=quam&donec=suspendisse&ut=potenti&mauris=nullam&eget=porttitor&massa=lacus&tempor=at&convallis=turpis&nulla=donec&neque=posuere&libero=metus');
insert into DOCUMENT (id, sort_index, title, slug, text) values (39, 62, 'Ashford Hospitality Prime, Inc.', 'ashfordhospitalityprime,inc.', 'https://columbia.edu/rhoncus/sed/vestibulum/sit.png?dolor=sagittis&vel=sapien&est=cum&donec=sociis&odio=natoque&justo=penatibus&sollicitudin=et&ut=magnis&suscipit=dis&a=parturient&feugiat=montes&et=nascetur&eros=ridiculus&vestibulum=mus&ac=etiam&est=vel&lacinia=augue&nisi=vestibulum&venenatis=rutrum&tristique=rutrum&fusce=neque&congue=aenean&diam=auctor&id=gravida&ornare=sem&imperdiet=praesent&sapien=id&urna=massa&pretium=id&nisl=nisl&ut=venenatis&volutpat=lacinia&sapien=aenean&arcu=sit&sed=amet&augue=justo&aliquam=morbi&erat=ut&volutpat=odio&in=cras&congue=mi&etiam=pede&justo=malesuada&etiam=in&pretium=imperdiet&iaculis=et&justo=commodo&in=vulputate&hac=justo&habitasse=in&platea=blandit&dictumst=ultrices&etiam=enim&faucibus=lorem&cursus=ipsum&urna=dolor&ut=sit&tellus=amet&nulla=consectetuer&ut=adipiscing&erat=elit&id=proin&mauris=interdum&vulputate=mauris&elementum=non&nullam=ligula&varius=pellentesque&nulla=ultrices&facilisi=phasellus&cras=id&non=sapien&velit=in&nec=sapien&nisi=iaculis&vulputate=congue&nonummy=vivamus&maecenas=metus&tincidunt=arcu&lacus=adipiscing&at=molestie&velit=hendrerit&vivamus=at&vel=vulputate&nulla=vitae&eget=nisl&eros=aenean&elementum=lectus&pellentesque=pellentesque&quisque=eget&porta=nunc&volutpat=donec&erat=quis&quisque=orci&erat=eget&eros=orci&viverra=vehicula&eget=condimentum&congue=curabitur&eget=in&semper=libero');
insert into DOCUMENT (id, sort_index, title, slug, text) values (40, 75, 'Lipocine Inc.', 'lipocineinc.', 'http://oakley.com/iaculis/justo/in/hac.html?eleifend=maecenas&luctus=ut&ultricies=massa&eu=quis&nibh=augue&quisque=luctus&id=tincidunt&justo=nulla&sit=mollis&amet=molestie&sapien=lorem&dignissim=quisque&vestibulum=ut&vestibulum=erat&ante=curabitur&ipsum=gravida&primis=nisi&in=at&faucibus=nibh&orci=in&luctus=hac&et=habitasse&ultrices=platea&posuere=dictumst&cubilia=aliquam&curae=augue&nulla=quam&dapibus=sollicitudin&dolor=vitae&vel=consectetuer&est=eget&donec=rutrum&odio=at&justo=lorem&sollicitudin=integer&ut=tincidunt&suscipit=ante&a=vel&feugiat=ipsum&et=praesent&eros=blandit&vestibulum=lacinia&ac=erat&est=vestibulum&lacinia=sed&nisi=magna&venenatis=at&tristique=nunc&fusce=commodo&congue=placerat&diam=praesent&id=blandit');
insert into DOCUMENT (id, sort_index, title, slug, text) values (41, 2, 'Zynga Inc.', 'zyngainc.', 'https://123-reg.co.uk/interdum/venenatis/turpis/enim/blandit.js?accumsan=morbi&tellus=vel&nisi=lectus&eu=in&orci=quam&mauris=fringilla&lacinia=rhoncus&sapien=mauris&quis=enim&libero=leo&nullam=rhoncus&sit=sed&amet=vestibulum&turpis=sit&elementum=amet&ligula=cursus&vehicula=id&consequat=turpis&morbi=integer&a=aliquet&ipsum=massa&integer=id&a=lobortis&nibh=convallis&in=tortor&quis=risus&justo=dapibus&maecenas=augue&rhoncus=vel&aliquam=accumsan&lacus=tellus&morbi=nisi&quis=eu&tortor=orci&id=mauris&nulla=lacinia&ultrices=sapien&aliquet=quis&maecenas=libero&leo=nullam&odio=sit&condimentum=amet&id=turpis&luctus=elementum&nec=ligula&molestie=vehicula&sed=consequat&justo=morbi&pellentesque=a&viverra=ipsum&pede=integer&ac=a&diam=nibh&cras=in&pellentesque=quis&volutpat=justo&dui=maecenas&maecenas=rhoncus&tristique=aliquam&est=lacus&et=morbi&tempus=quis&semper=tortor&est=id&quam=nulla&pharetra=ultrices&magna=aliquet&ac=maecenas&consequat=leo&metus=odio&sapien=condimentum&ut=id&nunc=luctus&vestibulum=nec&ante=molestie&ipsum=sed&primis=justo&in=pellentesque&faucibus=viverra&orci=pede&luctus=ac&et=diam&ultrices=cras&posuere=pellentesque&cubilia=volutpat&curae=dui&mauris=maecenas');
insert into DOCUMENT (id, sort_index, title, slug, text) values (42, 92, 'W.W. Grainger, Inc.', 'w.w.grainger,inc.', 'http://hexun.com/nibh/quisque.jpg?semper=erat&est=fermentum&quam=justo&pharetra=nec&magna=condimentum&ac=neque&consequat=sapien&metus=placerat&sapien=ante&ut=nulla&nunc=justo&vestibulum=aliquam&ante=quis&ipsum=turpis&primis=eget&in=elit&faucibus=sodales&orci=scelerisque&luctus=mauris&et=sit&ultrices=amet&posuere=eros&cubilia=suspendisse&curae=accumsan&mauris=tortor&viverra=quis&diam=turpis&vitae=sed&quam=ante&suspendisse=vivamus&potenti=tortor&nullam=duis&porttitor=mattis&lacus=egestas&at=metus&turpis=aenean&donec=fermentum&posuere=donec&metus=ut&vitae=mauris&ipsum=eget&aliquam=massa&non=tempor&mauris=convallis&morbi=nulla&non=neque&lectus=libero&aliquam=convallis');
insert into DOCUMENT (id, sort_index, title, slug, text) values (43, 61, 'Otelco Inc.', 'otelcoinc.', 'http://nps.gov/sit/amet/eleifend/pede/libero/quis/orci.jpg?integer=ut&tincidunt=rhoncus&ante=aliquet&vel=pulvinar&ipsum=sed&praesent=nisl&blandit=nunc&lacinia=rhoncus&erat=dui&vestibulum=vel&sed=sem&magna=sed&at=sagittis&nunc=nam&commodo=congue&placerat=risus&praesent=semper&blandit=porta&nam=volutpat&nulla=quam&integer=pede&pede=lobortis&justo=ligula&lacinia=sit&eget=amet&tincidunt=eleifend&eget=pede&tempus=libero&vel=quis&pede=orci&morbi=nullam&porttitor=molestie&lorem=nibh&id=in&ligula=lectus&suspendisse=pellentesque&ornare=at&consequat=nulla&lectus=suspendisse');
insert into DOCUMENT (id, sort_index, title, slug, text) values (44, 7, 'ClearBridge American Energy MLP Fund Inc.', 'clearbridgeamericanenergymlpfundinc.', 'https://1und1.de/aliquam/lacus/morbi/quis/tortor.xml?montes=in&nascetur=eleifend&ridiculus=quam&mus=a&vivamus=odio&vestibulum=in&sagittis=hac&sapien=habitasse&cum=platea&sociis=dictumst&natoque=maecenas&penatibus=ut&et=massa&magnis=quis&dis=augue&parturient=luctus&montes=tincidunt&nascetur=nulla&ridiculus=mollis&mus=molestie&etiam=lorem&vel=quisque&augue=ut&vestibulum=erat&rutrum=curabitur&rutrum=gravida&neque=nisi&aenean=at&auctor=nibh&gravida=in&sem=hac&praesent=habitasse&id=platea&massa=dictumst&id=aliquam&nisl=augue&venenatis=quam&lacinia=sollicitudin&aenean=vitae&sit=consectetuer&amet=eget&justo=rutrum&morbi=at&ut=lorem&odio=integer&cras=tincidunt&mi=ante&pede=vel&malesuada=ipsum&in=praesent&imperdiet=blandit&et=lacinia&commodo=erat&vulputate=vestibulum&justo=sed&in=magna&blandit=at&ultrices=nunc&enim=commodo&lorem=placerat&ipsum=praesent&dolor=blandit&sit=nam&amet=nulla&consectetuer=integer&adipiscing=pede&elit=justo&proin=lacinia&interdum=eget&mauris=tincidunt&non=eget&ligula=tempus&pellentesque=vel&ultrices=pede&phasellus=morbi&id=porttitor');
insert into DOCUMENT (id, sort_index, title, slug, text) values (45, 50, 'Dynex Capital, Inc.', 'dynexcapital,inc.', 'http://istockphoto.com/ultrices/posuere/cubilia.xml?rutrum=ipsum&neque=praesent&aenean=blandit&auctor=lacinia&gravida=erat&sem=vestibulum&praesent=sed&id=magna&massa=at&id=nunc&nisl=commodo&venenatis=placerat&lacinia=praesent&aenean=blandit&sit=nam&amet=nulla&justo=integer&morbi=pede&ut=justo&odio=lacinia&cras=eget&mi=tincidunt&pede=eget&malesuada=tempus&in=vel&imperdiet=pede&et=morbi&commodo=porttitor&vulputate=lorem&justo=id&in=ligula&blandit=suspendisse&ultrices=ornare&enim=consequat&lorem=lectus&ipsum=in&dolor=est&sit=risus&amet=auctor&consectetuer=sed&adipiscing=tristique&elit=in&proin=tempus&interdum=sit&mauris=amet&non=sem&ligula=fusce&pellentesque=consequat&ultrices=nulla&phasellus=nisl&id=nunc&sapien=nisl&in=duis&sapien=bibendum&iaculis=felis&congue=sed&vivamus=interdum&metus=venenatis&arcu=turpis&adipiscing=enim&molestie=blandit&hendrerit=mi&at=in&vulputate=porttitor');
insert into DOCUMENT (id, sort_index, title, slug, text) values (46, 34, 'The ONE Group Hospitality, Inc.', 'theonegrouphospitality,inc.', 'http://reverbnation.com/morbi/quis/tortor/id/nulla/ultrices/aliquet.xml?lectus=justo&vestibulum=sollicitudin&quam=ut&sapien=suscipit&varius=a&ut=feugiat&blandit=et&non=eros&interdum=vestibulum&in=ac&ante=est&vestibulum=lacinia&ante=nisi&ipsum=venenatis&primis=tristique&in=fusce&faucibus=congue&orci=diam&luctus=id&et=ornare&ultrices=imperdiet&posuere=sapien&cubilia=urna&curae=pretium&duis=nisl&faucibus=ut&accumsan=volutpat&odio=sapien&curabitur=arcu&convallis=sed&duis=augue&consequat=aliquam&dui=erat&nec=volutpat&nisi=in&volutpat=congue&eleifend=etiam&donec=justo&ut=etiam&dolor=pretium&morbi=iaculis&vel=justo&lectus=in&in=hac&quam=habitasse&fringilla=platea&rhoncus=dictumst&mauris=etiam&enim=faucibus&leo=cursus&rhoncus=urna&sed=ut&vestibulum=tellus&sit=nulla&amet=ut&cursus=erat&id=id&turpis=mauris&integer=vulputate&aliquet=elementum&massa=nullam');
insert into DOCUMENT (id, sort_index, title, slug, text) values (47, 100, 'First Trust Mega Cap AlphaDEX Fund', 'firsttrustmegacapalphadexfund', 'http://imdb.com/integer/a.json?sed=quam&tincidunt=pede&eu=lobortis&felis=ligula&fusce=sit&posuere=amet&felis=eleifend&sed=pede&lacus=libero&morbi=quis&sem=orci&mauris=nullam&laoreet=molestie&ut=nibh&rhoncus=in&aliquet=lectus&pulvinar=pellentesque&sed=at&nisl=nulla&nunc=suspendisse&rhoncus=potenti&dui=cras&vel=in&sem=purus&sed=eu&sagittis=magna&nam=vulputate&congue=luctus&risus=cum&semper=sociis&porta=natoque&volutpat=penatibus&quam=et&pede=magnis&lobortis=dis&ligula=parturient&sit=montes&amet=nascetur&eleifend=ridiculus&pede=mus&libero=vivamus&quis=vestibulum&orci=sagittis&nullam=sapien&molestie=cum&nibh=sociis&in=natoque&lectus=penatibus&pellentesque=et&at=magnis&nulla=dis&suspendisse=parturient&potenti=montes&cras=nascetur&in=ridiculus&purus=mus&eu=etiam&magna=vel&vulputate=augue&luctus=vestibulum&cum=rutrum&sociis=rutrum&natoque=neque&penatibus=aenean&et=auctor&magnis=gravida&dis=sem&parturient=praesent&montes=id&nascetur=massa&ridiculus=id&mus=nisl&vivamus=venenatis&vestibulum=lacinia&sagittis=aenean&sapien=sit&cum=amet');
insert into DOCUMENT (id, sort_index, title, slug, text) values (48, 36, 'PIMCO Municipal Income Fund', 'pimcomunicipalincomefund', 'http://prweb.com/nibh/ligula/nec.jsp?vestibulum=nibh&ante=quisque&ipsum=id&primis=justo&in=sit&faucibus=amet&orci=sapien&luctus=dignissim&et=vestibulum&ultrices=vestibulum&posuere=ante&cubilia=ipsum&curae=primis&mauris=in&viverra=faucibus&diam=orci&vitae=luctus&quam=et&suspendisse=ultrices&potenti=posuere&nullam=cubilia&porttitor=curae&lacus=nulla');
insert into DOCUMENT (id, sort_index, title, slug, text) values (49, 43, 'Colony Starwood Homes', 'colonystarwoodhomes', 'https://chicagotribune.com/tellus/in/sagittis/dui/vel/nisl/duis.png?mi=a&sit=feugiat&amet=et');
insert into DOCUMENT (id, sort_index, title, slug, text) values (50, 67, 'Global Ship Lease, Inc.', 'globalshiplease,inc.', 'https://senate.gov/amet/erat/nulla/tempus/vivamus/in/felis.jsp?pede=amet&morbi=consectetuer&porttitor=adipiscing&lorem=elit&id=proin&ligula=risus&suspendisse=praesent&ornare=lectus&consequat=vestibulum&lectus=quam&in=sapien&est=varius&risus=ut&auctor=blandit&sed=non&tristique=interdum&in=in&tempus=ante&sit=vestibulum&amet=ante&sem=ipsum&fusce=primis&consequat=in&nulla=faucibus&nisl=orci&nunc=luctus&nisl=et&duis=ultrices&bibendum=posuere&felis=cubilia&sed=curae&interdum=duis&venenatis=faucibus&turpis=accumsan&enim=odio&blandit=curabitur&mi=convallis&in=duis&porttitor=consequat&pede=dui&justo=nec&eu=nisi&massa=volutpat&donec=eleifend&dapibus=donec&duis=ut&at=dolor&velit=morbi&eu=vel&est=lectus&congue=in&elementum=quam&in=fringilla&hac=rhoncus&habitasse=mauris&platea=enim&dictumst=leo&morbi=rhoncus&vestibulum=sed&velit=vestibulum&id=sit&pretium=amet&iaculis=cursus&diam=id&erat=turpis&fermentum=integer&justo=aliquet&nec=massa&condimentum=id&neque=lobortis&sapien=convallis&placerat=tortor&ante=risus&nulla=dapibus&justo=augue&aliquam=vel&quis=accumsan&turpis=tellus&eget=nisi&elit=eu&sodales=orci&scelerisque=mauris&mauris=lacinia&sit=sapien&amet=quis&eros=libero&suspendisse=nullam&accumsan=sit&tortor=amet&quis=turpis&turpis=elementum&sed=ligula&ante=vehicula&vivamus=consequat&tortor=morbi&duis=a&mattis=ipsum&egestas=integer&metus=a&aenean=nibh');
insert into DOCUMENT (id, sort_index, title, slug, text) values (51, 92, 'Gevo, Inc.', 'gevo,inc.', 'https://vinaora.com/posuere/metus/vitae/ipsum/aliquam/non/mauris.html?pulvinar=mauris&sed=morbi&nisl=non&nunc=lectus&rhoncus=aliquam&dui=sit&vel=amet&sem=diam&sed=in&sagittis=magna&nam=bibendum&congue=imperdiet&risus=nullam&semper=orci&porta=pede&volutpat=venenatis&quam=non&pede=sodales&lobortis=sed&ligula=tincidunt&sit=eu&amet=felis&eleifend=fusce&pede=posuere&libero=felis&quis=sed&orci=lacus&nullam=morbi&molestie=sem&nibh=mauris&in=laoreet&lectus=ut&pellentesque=rhoncus&at=aliquet&nulla=pulvinar&suspendisse=sed&potenti=nisl&cras=nunc&in=rhoncus&purus=dui&eu=vel&magna=sem&vulputate=sed&luctus=sagittis&cum=nam&sociis=congue&natoque=risus&penatibus=semper&et=porta&magnis=volutpat&dis=quam&parturient=pede&montes=lobortis&nascetur=ligula&ridiculus=sit&mus=amet&vivamus=eleifend&vestibulum=pede&sagittis=libero&sapien=quis&cum=orci&sociis=nullam&natoque=molestie&penatibus=nibh&et=in&magnis=lectus&dis=pellentesque&parturient=at&montes=nulla&nascetur=suspendisse&ridiculus=potenti&mus=cras');
insert into DOCUMENT (id, sort_index, title, slug, text) values (52, 17, 'Navient Corporation', 'navientcorporation', 'https://mashable.com/odio.jpg?amet=id&eros=nisl&suspendisse=venenatis&accumsan=lacinia&tortor=aenean&quis=sit&turpis=amet&sed=justo&ante=morbi&vivamus=ut&tortor=odio');
insert into DOCUMENT (id, sort_index, title, slug, text) values (53, 31, 'Rudolph Technologies, Inc.', 'rudolphtechnologies,inc.', 'https://quantcast.com/vitae/nisi/nam/ultrices/libero/non/mattis.xml?blandit=sed&ultrices=tincidunt&enim=eu&lorem=felis&ipsum=fusce&dolor=posuere&sit=felis&amet=sed&consectetuer=lacus&adipiscing=morbi&elit=sem&proin=mauris&interdum=laoreet&mauris=ut&non=rhoncus&ligula=aliquet&pellentesque=pulvinar&ultrices=sed&phasellus=nisl&id=nunc&sapien=rhoncus&in=dui&sapien=vel&iaculis=sem&congue=sed&vivamus=sagittis&metus=nam');
insert into DOCUMENT (id, sort_index, title, slug, text) values (54, 38, 'InterDigital, Inc.', 'interdigital,inc.', 'https://symantec.com/lorem/integer/tincidunt.jpg?dapibus=massa&duis=id&at=nisl&velit=venenatis&eu=lacinia&est=aenean&congue=sit&elementum=amet&in=justo&hac=morbi&habitasse=ut&platea=odio&dictumst=cras&morbi=mi&vestibulum=pede');
insert into DOCUMENT (id, sort_index, title, slug, text) values (55, 14, 'RAIT Financial Trust', 'raitfinancialtrust', 'http://arstechnica.com/nonummy/integer/non/velit/donec.js?massa=consequat&quis=metus&augue=sapien&luctus=ut&tincidunt=nunc&nulla=vestibulum&mollis=ante&molestie=ipsum&lorem=primis&quisque=in&ut=faucibus&erat=orci&curabitur=luctus&gravida=et&nisi=ultrices&at=posuere&nibh=cubilia&in=curae&hac=mauris&habitasse=viverra&platea=diam');
insert into DOCUMENT (id, sort_index, title, slug, text) values (56, 81, 'Eastman Kodak Company', 'eastmankodakcompany', 'https://theguardian.com/mus/etiam/vel/augue/vestibulum/rutrum.png?diam=diam&id=in&ornare=magna&imperdiet=bibendum&sapien=imperdiet&urna=nullam&pretium=orci&nisl=pede&ut=venenatis&volutpat=non&sapien=sodales&arcu=sed&sed=tincidunt&augue=eu&aliquam=felis&erat=fusce&volutpat=posuere&in=felis&congue=sed&etiam=lacus&justo=morbi&etiam=sem&pretium=mauris&iaculis=laoreet&justo=ut&in=rhoncus&hac=aliquet&habitasse=pulvinar&platea=sed&dictumst=nisl&etiam=nunc&faucibus=rhoncus&cursus=dui&urna=vel');
insert into DOCUMENT (id, sort_index, title, slug, text) values (57, 73, 'Summit Materials, Inc.', 'summitmaterials,inc.', 'http://friendfeed.com/nascetur/ridiculus.png?in=id');
insert into DOCUMENT (id, sort_index, title, slug, text) values (58, 98, 'Blackrock Health Sciences Trust', 'blackrockhealthsciencestrust', 'https://soundcloud.com/lacinia/nisi.jpg?ultricies=justo&eu=lacinia&nibh=eget&quisque=tincidunt&id=eget&justo=tempus&sit=vel&amet=pede&sapien=morbi&dignissim=porttitor&vestibulum=lorem&vestibulum=id&ante=ligula&ipsum=suspendisse&primis=ornare&in=consequat&faucibus=lectus&orci=in&luctus=est&et=risus&ultrices=auctor&posuere=sed&cubilia=tristique&curae=in&nulla=tempus&dapibus=sit&dolor=amet&vel=sem&est=fusce&donec=consequat&odio=nulla&justo=nisl&sollicitudin=nunc&ut=nisl&suscipit=duis&a=bibendum&feugiat=felis&et=sed&eros=interdum&vestibulum=venenatis&ac=turpis&est=enim&lacinia=blandit&nisi=mi&venenatis=in&tristique=porttitor&fusce=pede&congue=justo&diam=eu&id=massa&ornare=donec&imperdiet=dapibus&sapien=duis&urna=at&pretium=velit&nisl=eu&ut=est&volutpat=congue&sapien=elementum&arcu=in&sed=hac&augue=habitasse&aliquam=platea');
insert into DOCUMENT (id, sort_index, title, slug, text) values (59, 97, 'Dave & Buster''s Entertainment, Inc.', 'dave&buster''sentertainment,inc.', 'http://nps.gov/rutrum/ac/lobortis.html?scelerisque=id&mauris=lobortis&sit=convallis&amet=tortor&eros=risus&suspendisse=dapibus&accumsan=augue&tortor=vel&quis=accumsan&turpis=tellus&sed=nisi&ante=eu&vivamus=orci&tortor=mauris&duis=lacinia&mattis=sapien&egestas=quis&metus=libero&aenean=nullam&fermentum=sit&donec=amet&ut=turpis&mauris=elementum&eget=ligula&massa=vehicula&tempor=consequat&convallis=morbi&nulla=a&neque=ipsum&libero=integer&convallis=a&eget=nibh&eleifend=in&luctus=quis&ultricies=justo&eu=maecenas&nibh=rhoncus&quisque=aliquam&id=lacus&justo=morbi&sit=quis&amet=tortor&sapien=id&dignissim=nulla&vestibulum=ultrices&vestibulum=aliquet&ante=maecenas&ipsum=leo&primis=odio&in=condimentum&faucibus=id&orci=luctus&luctus=nec&et=molestie&ultrices=sed&posuere=justo&cubilia=pellentesque&curae=viverra&nulla=pede&dapibus=ac&dolor=diam&vel=cras&est=pellentesque&donec=volutpat');
insert into DOCUMENT (id, sort_index, title, slug, text) values (60, 69, 'Gabelli Equity Trust, Inc. (The)', 'gabelliequitytrust,inc.(the)', 'http://hhs.gov/vestibulum/ante/ipsum/primis/in/faucibus/orci.html?justo=integer&nec=a&condimentum=nibh&neque=in&sapien=quis&placerat=justo&ante=maecenas&nulla=rhoncus&justo=aliquam&aliquam=lacus&quis=morbi&turpis=quis&eget=tortor&elit=id&sodales=nulla&scelerisque=ultrices&mauris=aliquet&sit=maecenas&amet=leo&eros=odio&suspendisse=condimentum');
insert into DOCUMENT (id, sort_index, title, slug, text) values (61, 54, 'Arconic Inc.', 'arconicinc.', 'https://arizona.edu/justo/maecenas/rhoncus.png?dolor=est&vel=congue&est=elementum&donec=in&odio=hac&justo=habitasse&sollicitudin=platea&ut=dictumst&suscipit=morbi');
insert into DOCUMENT (id, sort_index, title, slug, text) values (62, 72, 'VictoryShares US Small Cap High Div Volatility Wtd ETF', 'victorysharesussmallcaphighdivvolatilitywtdetf', 'https://lycos.com/ut/massa/quis/augue/luctus.json?nisi=a&venenatis=libero&tristique=nam&fusce=dui&congue=proin&diam=leo&id=odio&ornare=porttitor&imperdiet=id&sapien=consequat&urna=in&pretium=consequat&nisl=ut&ut=nulla&volutpat=sed&sapien=accumsan&arcu=felis&sed=ut&augue=at&aliquam=dolor&erat=quis&volutpat=odio&in=consequat&congue=varius&etiam=integer&justo=ac&etiam=leo&pretium=pellentesque&iaculis=ultrices&justo=mattis&in=odio&hac=donec&habitasse=vitae&platea=nisi&dictumst=nam&etiam=ultrices&faucibus=libero&cursus=non&urna=mattis&ut=pulvinar&tellus=nulla&nulla=pede&ut=ullamcorper&erat=augue&id=a&mauris=suscipit&vulputate=nulla&elementum=elit&nullam=ac&varius=nulla&nulla=sed&facilisi=vel&cras=enim&non=sit&velit=amet&nec=nunc&nisi=viverra&vulputate=dapibus&nonummy=nulla&maecenas=suscipit&tincidunt=ligula&lacus=in&at=lacus&velit=curabitur&vivamus=at&vel=ipsum&nulla=ac&eget=tellus&eros=semper&elementum=interdum&pellentesque=mauris&quisque=ullamcorper&porta=purus&volutpat=sit&erat=amet&quisque=nulla&erat=quisque&eros=arcu&viverra=libero&eget=rutrum&congue=ac&eget=lobortis&semper=vel&rutrum=dapibus&nulla=at&nunc=diam&purus=nam&phasellus=tristique&in=tortor&felis=eu&donec=pede');
insert into DOCUMENT (id, sort_index, title, slug, text) values (63, 63, 'GP Investments Acquisition Corp.', 'gpinvestmentsacquisitioncorp.', 'https://bigcartel.com/nulla.html?odio=dis&odio=parturient&elementum=montes&eu=nascetur&interdum=ridiculus&eu=mus&tincidunt=vivamus&in=vestibulum&leo=sagittis&maecenas=sapien&pulvinar=cum&lobortis=sociis&est=natoque&phasellus=penatibus&sit=et&amet=magnis&erat=dis&nulla=parturient&tempus=montes&vivamus=nascetur&in=ridiculus&felis=mus&eu=etiam&sapien=vel&cursus=augue&vestibulum=vestibulum&proin=rutrum&eu=rutrum&mi=neque&nulla=aenean&ac=auctor&enim=gravida&in=sem&tempor=praesent&turpis=id&nec=massa&euismod=id&scelerisque=nisl&quam=venenatis&turpis=lacinia&adipiscing=aenean&lorem=sit&vitae=amet&mattis=justo&nibh=morbi&ligula=ut&nec=odio&sem=cras');
insert into DOCUMENT (id, sort_index, title, slug, text) values (64, 88, 'Eli Lilly and Company', 'elilillyandcompany', 'https://sina.com.cn/eget/orci/vehicula/condimentum/curabitur/in/libero.js?magna=vestibulum&at=sit&nunc=amet&commodo=cursus&placerat=id&praesent=turpis&blandit=integer&nam=aliquet&nulla=massa&integer=id&pede=lobortis&justo=convallis&lacinia=tortor&eget=risus&tincidunt=dapibus&eget=augue&tempus=vel&vel=accumsan&pede=tellus&morbi=nisi&porttitor=eu&lorem=orci&id=mauris&ligula=lacinia&suspendisse=sapien&ornare=quis&consequat=libero&lectus=nullam&in=sit&est=amet&risus=turpis&auctor=elementum&sed=ligula&tristique=vehicula&in=consequat&tempus=morbi&sit=a&amet=ipsum&sem=integer&fusce=a&consequat=nibh&nulla=in&nisl=quis&nunc=justo&nisl=maecenas&duis=rhoncus&bibendum=aliquam&felis=lacus&sed=morbi&interdum=quis&venenatis=tortor&turpis=id&enim=nulla&blandit=ultrices&mi=aliquet&in=maecenas&porttitor=leo&pede=odio&justo=condimentum&eu=id&massa=luctus&donec=nec&dapibus=molestie&duis=sed&at=justo&velit=pellentesque&eu=viverra');
insert into DOCUMENT (id, sort_index, title, slug, text) values (65, 78, 'American Axle & Manufacturing Holdings, Inc.', 'americanaxle&manufacturingholdings,inc.', 'https://ning.com/nascetur/ridiculus/mus/etiam/vel/augue.jpg?curabitur=tortor&in=id&libero=nulla&ut=ultrices&massa=aliquet&volutpat=maecenas&convallis=leo&morbi=odio&odio=condimentum&odio=id&elementum=luctus&eu=nec&interdum=molestie&eu=sed&tincidunt=justo&in=pellentesque&leo=viverra&maecenas=pede&pulvinar=ac&lobortis=diam&est=cras&phasellus=pellentesque&sit=volutpat&amet=dui&erat=maecenas&nulla=tristique&tempus=est&vivamus=et&in=tempus&felis=semper&eu=est&sapien=quam&cursus=pharetra&vestibulum=magna&proin=ac&eu=consequat&mi=metus&nulla=sapien&ac=ut&enim=nunc&in=vestibulum&tempor=ante&turpis=ipsum&nec=primis&euismod=in&scelerisque=faucibus&quam=orci&turpis=luctus&adipiscing=et&lorem=ultrices&vitae=posuere&mattis=cubilia&nibh=curae&ligula=mauris&nec=viverra&sem=diam&duis=vitae&aliquam=quam&convallis=suspendisse&nunc=potenti&proin=nullam&at=porttitor&turpis=lacus&a=at&pede=turpis&posuere=donec&nonummy=posuere&integer=metus&non=vitae&velit=ipsum&donec=aliquam&diam=non');
insert into DOCUMENT (id, sort_index, title, slug, text) values (66, 100, 'iShares Fallen Angels USD Bond ETF', 'isharesfallenangelsusdbondetf', 'https://ox.ac.uk/mauris/viverra.aspx?volutpat=massa&convallis=quis&morbi=augue&odio=luctus&odio=tincidunt&elementum=nulla&eu=mollis&interdum=molestie&eu=lorem&tincidunt=quisque&in=ut&leo=erat&maecenas=curabitur&pulvinar=gravida&lobortis=nisi&est=at&phasellus=nibh&sit=in&amet=hac&erat=habitasse&nulla=platea&tempus=dictumst&vivamus=aliquam&in=augue&felis=quam&eu=sollicitudin&sapien=vitae&cursus=consectetuer&vestibulum=eget&proin=rutrum&eu=at&mi=lorem&nulla=integer&ac=tincidunt&enim=ante&in=vel&tempor=ipsum&turpis=praesent&nec=blandit&euismod=lacinia&scelerisque=erat&quam=vestibulum&turpis=sed&adipiscing=magna&lorem=at&vitae=nunc&mattis=commodo&nibh=placerat&ligula=praesent&nec=blandit&sem=nam&duis=nulla&aliquam=integer&convallis=pede&nunc=justo&proin=lacinia&at=eget&turpis=tincidunt&a=eget&pede=tempus&posuere=vel&nonummy=pede&integer=morbi&non=porttitor&velit=lorem&donec=id&diam=ligula&neque=suspendisse&vestibulum=ornare&eget=consequat&vulputate=lectus&ut=in&ultrices=est&vel=risus&augue=auctor&vestibulum=sed&ante=tristique&ipsum=in&primis=tempus&in=sit&faucibus=amet&orci=sem&luctus=fusce&et=consequat&ultrices=nulla&posuere=nisl&cubilia=nunc&curae=nisl&donec=duis&pharetra=bibendum&magna=felis&vestibulum=sed&aliquet=interdum&ultrices=venenatis&erat=turpis&tortor=enim&sollicitudin=blandit');
insert into DOCUMENT (id, sort_index, title, slug, text) values (67, 29, 'Capitol Acquisition Corp. III', 'capitolacquisitioncorp.iii', 'https://photobucket.com/a/feugiat.xml?orci=morbi&luctus=sem&et=mauris&ultrices=laoreet&posuere=ut&cubilia=rhoncus&curae=aliquet&duis=pulvinar&faucibus=sed&accumsan=nisl&odio=nunc&curabitur=rhoncus&convallis=dui&duis=vel&consequat=sem&dui=sed&nec=sagittis&nisi=nam&volutpat=congue&eleifend=risus&donec=semper&ut=porta&dolor=volutpat&morbi=quam&vel=pede&lectus=lobortis&in=ligula&quam=sit&fringilla=amet&rhoncus=eleifend&mauris=pede&enim=libero&leo=quis&rhoncus=orci&sed=nullam&vestibulum=molestie&sit=nibh&amet=in&cursus=lectus&id=pellentesque&turpis=at&integer=nulla&aliquet=suspendisse&massa=potenti&id=cras');
insert into DOCUMENT (id, sort_index, title, slug, text) values (68, 95, 'Ocean Bio-Chem, Inc.', 'oceanbio-chem,inc.', 'https://senate.gov/nulla/elit/ac/nulla/sed/vel.html?luctus=nullam&tincidunt=porttitor&nulla=lacus&mollis=at&molestie=turpis&lorem=donec&quisque=posuere&ut=metus&erat=vitae&curabitur=ipsum&gravida=aliquam&nisi=non');
insert into DOCUMENT (id, sort_index, title, slug, text) values (69, 32, 'Israel Chemicals Shs', 'israelchemicalsshs', 'https://tinyurl.com/pede.jpg?lacus=nulla&purus=eget&aliquet=eros&at=elementum&feugiat=pellentesque&non=quisque&pretium=porta&quis=volutpat&lectus=erat&suspendisse=quisque&potenti=erat&in=eros&eleifend=viverra&quam=eget&a=congue&odio=eget&in=semper&hac=rutrum&habitasse=nulla&platea=nunc&dictumst=purus&maecenas=phasellus&ut=in&massa=felis&quis=donec&augue=semper&luctus=sapien&tincidunt=a&nulla=libero&mollis=nam&molestie=dui&lorem=proin&quisque=leo&ut=odio&erat=porttitor&curabitur=id&gravida=consequat&nisi=in&at=consequat&nibh=ut&in=nulla&hac=sed&habitasse=accumsan&platea=felis&dictumst=ut&aliquam=at&augue=dolor&quam=quis&sollicitudin=odio&vitae=consequat&consectetuer=varius&eget=integer&rutrum=ac&at=leo&lorem=pellentesque&integer=ultrices&tincidunt=mattis&ante=odio&vel=donec&ipsum=vitae&praesent=nisi&blandit=nam&lacinia=ultrices&erat=libero&vestibulum=non&sed=mattis&magna=pulvinar&at=nulla&nunc=pede&commodo=ullamcorper&placerat=augue&praesent=a&blandit=suscipit&nam=nulla&nulla=elit&integer=ac&pede=nulla&justo=sed&lacinia=vel&eget=enim&tincidunt=sit&eget=amet&tempus=nunc');
insert into DOCUMENT (id, sort_index, title, slug, text) values (70, 48, 'CenturyLink, Inc.', 'centurylink,inc.', 'http://google.co.jp/velit/vivamus/vel/nulla/eget/eros.png?massa=non&quis=velit&augue=donec&luctus=diam&tincidunt=neque&nulla=vestibulum&mollis=eget&molestie=vulputate&lorem=ut&quisque=ultrices&ut=vel&erat=augue&curabitur=vestibulum&gravida=ante&nisi=ipsum&at=primis&nibh=in&in=faucibus&hac=orci&habitasse=luctus&platea=et&dictumst=ultrices');
insert into DOCUMENT (id, sort_index, title, slug, text) values (71, 77, 'Golub Capital BDC, Inc.', 'golubcapitalbdc,inc.', 'http://reverbnation.com/consequat/morbi/a/ipsum/integer/a.xml?quam=sapien&pharetra=iaculis&magna=congue&ac=vivamus&consequat=metus&metus=arcu&sapien=adipiscing&ut=molestie&nunc=hendrerit&vestibulum=at&ante=vulputate&ipsum=vitae&primis=nisl&in=aenean&faucibus=lectus&orci=pellentesque&luctus=eget&et=nunc&ultrices=donec&posuere=quis&cubilia=orci&curae=eget&mauris=orci&viverra=vehicula&diam=condimentum&vitae=curabitur&quam=in&suspendisse=libero&potenti=ut&nullam=massa&porttitor=volutpat&lacus=convallis&at=morbi&turpis=odio&donec=odio&posuere=elementum&metus=eu&vitae=interdum&ipsum=eu&aliquam=tincidunt&non=in&mauris=leo&morbi=maecenas&non=pulvinar&lectus=lobortis&aliquam=est&sit=phasellus&amet=sit&diam=amet&in=erat&magna=nulla&bibendum=tempus&imperdiet=vivamus&nullam=in&orci=felis&pede=eu&venenatis=sapien&non=cursus&sodales=vestibulum&sed=proin&tincidunt=eu&eu=mi&felis=nulla&fusce=ac&posuere=enim&felis=in&sed=tempor&lacus=turpis&morbi=nec&sem=euismod&mauris=scelerisque&laoreet=quam&ut=turpis&rhoncus=adipiscing&aliquet=lorem&pulvinar=vitae&sed=mattis&nisl=nibh&nunc=ligula&rhoncus=nec&dui=sem&vel=duis&sem=aliquam&sed=convallis&sagittis=nunc&nam=proin');
insert into DOCUMENT (id, sort_index, title, slug, text) values (72, 18, 'Fenix Parts, Inc.', 'fenixparts,inc.', 'http://over-blog.com/dolor/sit/amet/consectetuer.xml?posuere=eget&felis=semper&sed=rutrum&lacus=nulla&morbi=nunc&sem=purus&mauris=phasellus&laoreet=in&ut=felis&rhoncus=donec&aliquet=semper&pulvinar=sapien&sed=a&nisl=libero&nunc=nam&rhoncus=dui&dui=proin&vel=leo&sem=odio&sed=porttitor&sagittis=id&nam=consequat&congue=in&risus=consequat&semper=ut&porta=nulla&volutpat=sed&quam=accumsan&pede=felis&lobortis=ut&ligula=at&sit=dolor&amet=quis&eleifend=odio');
insert into DOCUMENT (id, sort_index, title, slug, text) values (73, 87, 'Central Valley Community Bancorp', 'centralvalleycommunitybancorp', 'http://netscape.com/ipsum/primis/in/faucibus/orci/luctus.jsp?metus=suspendisse&arcu=potenti&adipiscing=nullam&molestie=porttitor&hendrerit=lacus&at=at&vulputate=turpis&vitae=donec&nisl=posuere&aenean=metus&lectus=vitae&pellentesque=ipsum&eget=aliquam&nunc=non&donec=mauris&quis=morbi&orci=non&eget=lectus');
insert into DOCUMENT (id, sort_index, title, slug, text) values (74, 92, 'Marriot Vacations Worldwide Corporation', 'marriotvacationsworldwidecorporation', 'https://wikispaces.com/proin/eu.jsp?risus=sagittis&semper=dui&porta=vel&volutpat=nisl&quam=duis&pede=ac&lobortis=nibh&ligula=fusce&sit=lacus&amet=purus&eleifend=aliquet&pede=at&libero=feugiat&quis=non&orci=pretium&nullam=quis&molestie=lectus&nibh=suspendisse&in=potenti&lectus=in&pellentesque=eleifend&at=quam&nulla=a&suspendisse=odio&potenti=in&cras=hac&in=habitasse&purus=platea&eu=dictumst&magna=maecenas&vulputate=ut&luctus=massa&cum=quis&sociis=augue&natoque=luctus&penatibus=tincidunt&et=nulla&magnis=mollis&dis=molestie&parturient=lorem&montes=quisque&nascetur=ut&ridiculus=erat&mus=curabitur&vivamus=gravida&vestibulum=nisi&sagittis=at&sapien=nibh&cum=in&sociis=hac&natoque=habitasse&penatibus=platea&et=dictumst&magnis=aliquam&dis=augue&parturient=quam&montes=sollicitudin&nascetur=vitae&ridiculus=consectetuer&mus=eget&etiam=rutrum&vel=at&augue=lorem&vestibulum=integer&rutrum=tincidunt&rutrum=ante&neque=vel');
insert into DOCUMENT (id, sort_index, title, slug, text) values (75, 92, 'Triton International Limited', 'tritoninternationallimited', 'https://taobao.com/morbi/a/ipsum/integer/a/nibh/in.json?euismod=ante&scelerisque=vivamus&quam=tortor&turpis=duis&adipiscing=mattis&lorem=egestas&vitae=metus&mattis=aenean&nibh=fermentum&ligula=donec&nec=ut&sem=mauris&duis=eget&aliquam=massa&convallis=tempor&nunc=convallis&proin=nulla&at=neque&turpis=libero');
insert into DOCUMENT (id, sort_index, title, slug, text) values (76, 23, 'Fox Factory Holding Corp.', 'foxfactoryholdingcorp.', 'https://t-online.de/sapien/cursus/vestibulum/proin/eu/mi/nulla.jpg?ante=semper&nulla=porta&justo=volutpat&aliquam=quam&quis=pede&turpis=lobortis&eget=ligula&elit=sit&sodales=amet&scelerisque=eleifend&mauris=pede&sit=libero&amet=quis&eros=orci&suspendisse=nullam&accumsan=molestie&tortor=nibh&quis=in&turpis=lectus&sed=pellentesque&ante=at&vivamus=nulla&tortor=suspendisse&duis=potenti&mattis=cras&egestas=in&metus=purus&aenean=eu&fermentum=magna&donec=vulputate&ut=luctus&mauris=cum&eget=sociis&massa=natoque&tempor=penatibus&convallis=et&nulla=magnis&neque=dis&libero=parturient&convallis=montes&eget=nascetur&eleifend=ridiculus&luctus=mus&ultricies=vivamus&eu=vestibulum&nibh=sagittis&quisque=sapien&id=cum&justo=sociis&sit=natoque&amet=penatibus&sapien=et&dignissim=magnis&vestibulum=dis&vestibulum=parturient&ante=montes&ipsum=nascetur&primis=ridiculus&in=mus&faucibus=etiam&orci=vel&luctus=augue&et=vestibulum&ultrices=rutrum&posuere=rutrum&cubilia=neque&curae=aenean&nulla=auctor&dapibus=gravida&dolor=sem&vel=praesent&est=id&donec=massa&odio=id');
insert into DOCUMENT (id, sort_index, title, slug, text) values (77, 60, 'B&G Foods, Inc.', 'b&gfoods,inc.', 'https://t-online.de/sit/amet/turpis/elementum/ligula.jpg?aliquam=nisl&erat=duis&volutpat=bibendum&in=felis&congue=sed&etiam=interdum&justo=venenatis&etiam=turpis&pretium=enim&iaculis=blandit&justo=mi&in=in&hac=porttitor&habitasse=pede&platea=justo&dictumst=eu&etiam=massa&faucibus=donec&cursus=dapibus&urna=duis&ut=at&tellus=velit&nulla=eu&ut=est&erat=congue&id=elementum&mauris=in&vulputate=hac&elementum=habitasse&nullam=platea&varius=dictumst&nulla=morbi&facilisi=vestibulum&cras=velit&non=id&velit=pretium&nec=iaculis&nisi=diam&vulputate=erat&nonummy=fermentum&maecenas=justo&tincidunt=nec&lacus=condimentum&at=neque&velit=sapien&vivamus=placerat&vel=ante&nulla=nulla&eget=justo&eros=aliquam&elementum=quis&pellentesque=turpis&quisque=eget&porta=elit&volutpat=sodales&erat=scelerisque&quisque=mauris&erat=sit&eros=amet&viverra=eros&eget=suspendisse&congue=accumsan&eget=tortor&semper=quis&rutrum=turpis&nulla=sed&nunc=ante&purus=vivamus&phasellus=tortor&in=duis&felis=mattis&donec=egestas&semper=metus&sapien=aenean&a=fermentum&libero=donec&nam=ut&dui=mauris&proin=eget&leo=massa&odio=tempor&porttitor=convallis&id=nulla&consequat=neque&in=libero&consequat=convallis&ut=eget&nulla=eleifend&sed=luctus&accumsan=ultricies&felis=eu');
insert into DOCUMENT (id, sort_index, title, slug, text) values (78, 4, 'Jacksonville Bancorp Inc.', 'jacksonvillebancorpinc.', 'http://amazon.de/id.html?dolor=nisl&sit=nunc&amet=rhoncus&consectetuer=dui&adipiscing=vel&elit=sem&proin=sed&interdum=sagittis&mauris=nam&non=congue&ligula=risus&pellentesque=semper&ultrices=porta&phasellus=volutpat&id=quam&sapien=pede&in=lobortis&sapien=ligula&iaculis=sit&congue=amet&vivamus=eleifend&metus=pede&arcu=libero&adipiscing=quis&molestie=orci&hendrerit=nullam&at=molestie&vulputate=nibh&vitae=in&nisl=lectus&aenean=pellentesque&lectus=at&pellentesque=nulla&eget=suspendisse&nunc=potenti&donec=cras&quis=in&orci=purus&eget=eu&orci=magna&vehicula=vulputate&condimentum=luctus&curabitur=cum&in=sociis&libero=natoque&ut=penatibus&massa=et&volutpat=magnis&convallis=dis&morbi=parturient&odio=montes&odio=nascetur&elementum=ridiculus&eu=mus&interdum=vivamus&eu=vestibulum&tincidunt=sagittis&in=sapien&leo=cum&maecenas=sociis&pulvinar=natoque&lobortis=penatibus&est=et&phasellus=magnis&sit=dis&amet=parturient&erat=montes&nulla=nascetur&tempus=ridiculus&vivamus=mus&in=etiam&felis=vel&eu=augue&sapien=vestibulum&cursus=rutrum');
insert into DOCUMENT (id, sort_index, title, slug, text) values (79, 7, 'Avadel Pharmaceuticals plc', 'avadelpharmaceuticalsplc', 'https://bloomberg.com/odio/in/hac/habitasse/platea/dictumst/maecenas.json?leo=in&pellentesque=quam&ultrices=fringilla&mattis=rhoncus&odio=mauris&donec=enim&vitae=leo&nisi=rhoncus&nam=sed&ultrices=vestibulum&libero=sit&non=amet&mattis=cursus&pulvinar=id&nulla=turpis&pede=integer&ullamcorper=aliquet&augue=massa&a=id&suscipit=lobortis&nulla=convallis&elit=tortor&ac=risus');
insert into DOCUMENT (id, sort_index, title, slug, text) values (80, 42, 'ARI Network Services, Inc.', 'arinetworkservices,inc.', 'https://diigo.com/fringilla/rhoncus/mauris/enim.aspx?justo=velit&in=nec&hac=nisi&habitasse=vulputate&platea=nonummy&dictumst=maecenas&etiam=tincidunt&faucibus=lacus&cursus=at&urna=velit&ut=vivamus&tellus=vel&nulla=nulla&ut=eget&erat=eros&id=elementum&mauris=pellentesque&vulputate=quisque&elementum=porta&nullam=volutpat&varius=erat&nulla=quisque&facilisi=erat&cras=eros&non=viverra&velit=eget&nec=congue&nisi=eget&vulputate=semper&nonummy=rutrum&maecenas=nulla&tincidunt=nunc&lacus=purus&at=phasellus&velit=in&vivamus=felis&vel=donec&nulla=semper&eget=sapien&eros=a&elementum=libero&pellentesque=nam&quisque=dui&porta=proin&volutpat=leo&erat=odio&quisque=porttitor&erat=id&eros=consequat&viverra=in&eget=consequat&congue=ut&eget=nulla&semper=sed&rutrum=accumsan&nulla=felis&nunc=ut&purus=at&phasellus=dolor&in=quis&felis=odio&donec=consequat&semper=varius&sapien=integer&a=ac&libero=leo&nam=pellentesque&dui=ultrices&proin=mattis&leo=odio&odio=donec&porttitor=vitae&id=nisi&consequat=nam&in=ultrices&consequat=libero&ut=non&nulla=mattis&sed=pulvinar&accumsan=nulla&felis=pede&ut=ullamcorper&at=augue&dolor=a&quis=suscipit&odio=nulla&consequat=elit&varius=ac&integer=nulla&ac=sed&leo=vel');
insert into DOCUMENT (id, sort_index, title, slug, text) values (81, 84, 'Fifth Street Finance Corp.', 'fifthstreetfinancecorp.', 'https://tiny.cc/vivamus/metus/arcu/adipiscing/molestie/hendrerit.js?pede=lacinia&libero=erat&quis=vestibulum&orci=sed&nullam=magna&molestie=at&nibh=nunc&in=commodo&lectus=placerat&pellentesque=praesent&at=blandit&nulla=nam&suspendisse=nulla&potenti=integer&cras=pede&in=justo&purus=lacinia&eu=eget&magna=tincidunt&vulputate=eget&luctus=tempus&cum=vel&sociis=pede&natoque=morbi&penatibus=porttitor&et=lorem&magnis=id&dis=ligula&parturient=suspendisse&montes=ornare&nascetur=consequat&ridiculus=lectus&mus=in&vivamus=est&vestibulum=risus&sagittis=auctor&sapien=sed&cum=tristique&sociis=in&natoque=tempus&penatibus=sit&et=amet&magnis=sem&dis=fusce&parturient=consequat&montes=nulla&nascetur=nisl&ridiculus=nunc&mus=nisl&etiam=duis&vel=bibendum&augue=felis&vestibulum=sed&rutrum=interdum&rutrum=venenatis&neque=turpis&aenean=enim&auctor=blandit&gravida=mi&sem=in&praesent=porttitor&id=pede&massa=justo&id=eu&nisl=massa&venenatis=donec&lacinia=dapibus&aenean=duis&sit=at&amet=velit&justo=eu&morbi=est&ut=congue&odio=elementum&cras=in&mi=hac');
insert into DOCUMENT (id, sort_index, title, slug, text) values (82, 10, 'Cardtronics plc', 'cardtronicsplc', 'http://apple.com/tempus/vivamus/in/felis.html?aliquet=non&ultrices=pretium&erat=quis&tortor=lectus&sollicitudin=suspendisse&mi=potenti&sit=in&amet=eleifend&lobortis=quam&sapien=a&sapien=odio&non=in&mi=hac&integer=habitasse&ac=platea&neque=dictumst&duis=maecenas&bibendum=ut&morbi=massa&non=quis&quam=augue&nec=luctus&dui=tincidunt&luctus=nulla&rutrum=mollis&nulla=molestie&tellus=lorem&in=quisque&sagittis=ut&dui=erat&vel=curabitur&nisl=gravida');
insert into DOCUMENT (id, sort_index, title, slug, text) values (83, 37, 'Adaptimmune Therapeutics plc', 'adaptimmunetherapeuticsplc', 'http://quantcast.com/nam.js?sed=et&lacus=commodo&morbi=vulputate&sem=justo&mauris=in&laoreet=blandit&ut=ultrices&rhoncus=enim&aliquet=lorem&pulvinar=ipsum&sed=dolor&nisl=sit&nunc=amet&rhoncus=consectetuer&dui=adipiscing&vel=elit&sem=proin&sed=interdum&sagittis=mauris&nam=non&congue=ligula&risus=pellentesque&semper=ultrices&porta=phasellus&volutpat=id&quam=sapien&pede=in&lobortis=sapien&ligula=iaculis&sit=congue&amet=vivamus&eleifend=metus&pede=arcu&libero=adipiscing&quis=molestie&orci=hendrerit&nullam=at&molestie=vulputate&nibh=vitae');
insert into DOCUMENT (id, sort_index, title, slug, text) values (84, 57, 'America Movil, S.A.B. de C.V.', 'americamovil,s.a.b.dec.v.', 'http://liveinternet.ru/placerat/ante/nulla/justo/aliquam/quis/turpis.html?nisl=nullam&aenean=orci&lectus=pede&pellentesque=venenatis&eget=non&nunc=sodales&donec=sed&quis=tincidunt&orci=eu&eget=felis&orci=fusce&vehicula=posuere&condimentum=felis&curabitur=sed&in=lacus&libero=morbi&ut=sem&massa=mauris&volutpat=laoreet&convallis=ut&morbi=rhoncus&odio=aliquet&odio=pulvinar');
insert into DOCUMENT (id, sort_index, title, slug, text) values (85, 19, 'J P Morgan Chase & Co', 'jpmorganchase&co', 'http://canalblog.com/leo/pellentesque/ultrices.json?pellentesque=pellentesque&eget=ultrices&nunc=phasellus&donec=id&quis=sapien&orci=in&eget=sapien&orci=iaculis');
insert into DOCUMENT (id, sort_index, title, slug, text) values (86, 16, 'Colfax Corporation', 'colfaxcorporation', 'https://nhs.uk/sapien/dignissim.jpg?eget=eget&orci=eros&vehicula=elementum&condimentum=pellentesque&curabitur=quisque&in=porta&libero=volutpat&ut=erat&massa=quisque&volutpat=erat&convallis=eros&morbi=viverra&odio=eget&odio=congue&elementum=eget&eu=semper&interdum=rutrum&eu=nulla&tincidunt=nunc&in=purus&leo=phasellus&maecenas=in&pulvinar=felis&lobortis=donec&est=semper&phasellus=sapien&sit=a&amet=libero&erat=nam&nulla=dui&tempus=proin&vivamus=leo&in=odio&felis=porttitor&eu=id&sapien=consequat&cursus=in&vestibulum=consequat&proin=ut&eu=nulla&mi=sed&nulla=accumsan&ac=felis&enim=ut&in=at&tempor=dolor&turpis=quis&nec=odio&euismod=consequat&scelerisque=varius&quam=integer&turpis=ac&adipiscing=leo&lorem=pellentesque&vitae=ultrices&mattis=mattis&nibh=odio&ligula=donec&nec=vitae&sem=nisi&duis=nam&aliquam=ultrices&convallis=libero&nunc=non&proin=mattis&at=pulvinar&turpis=nulla&a=pede&pede=ullamcorper&posuere=augue&nonummy=a&integer=suscipit&non=nulla&velit=elit&donec=ac&diam=nulla&neque=sed&vestibulum=vel&eget=enim&vulputate=sit&ut=amet&ultrices=nunc');
insert into DOCUMENT (id, sort_index, title, slug, text) values (87, 99, 'Datawatch Corporation', 'datawatchcorporation', 'https://fc2.com/magna/vestibulum/aliquet.jpg?risus=massa&praesent=id&lectus=nisl&vestibulum=venenatis&quam=lacinia');
insert into DOCUMENT (id, sort_index, title, slug, text) values (88, 71, 'ViewRay, Inc.', 'viewray,inc.', 'http://ft.com/convallis/tortor/risus/dapibus/augue/vel.xml?augue=suspendisse&luctus=potenti&tincidunt=in&nulla=eleifend&mollis=quam&molestie=a&lorem=odio&quisque=in&ut=hac&erat=habitasse&curabitur=platea&gravida=dictumst&nisi=maecenas&at=ut&nibh=massa&in=quis&hac=augue&habitasse=luctus&platea=tincidunt&dictumst=nulla&aliquam=mollis&augue=molestie&quam=lorem&sollicitudin=quisque&vitae=ut&consectetuer=erat&eget=curabitur&rutrum=gravida&at=nisi&lorem=at&integer=nibh&tincidunt=in&ante=hac&vel=habitasse&ipsum=platea&praesent=dictumst&blandit=aliquam&lacinia=augue&erat=quam&vestibulum=sollicitudin&sed=vitae&magna=consectetuer&at=eget&nunc=rutrum&commodo=at&placerat=lorem&praesent=integer&blandit=tincidunt');
insert into DOCUMENT (id, sort_index, title, slug, text) values (89, 60, 'United Community Bancorp', 'unitedcommunitybancorp', 'https://wikia.com/non/interdum/in/ante/vestibulum/ante.js?amet=vestibulum&erat=ac');
insert into DOCUMENT (id, sort_index, title, slug, text) values (90, 14, 'C.R. Bard, Inc.', 'c.r.bard,inc.', 'https://google.com.hk/arcu/sed/augue/aliquam/erat.json?primis=in&in=hac&faucibus=habitasse&orci=platea&luctus=dictumst&et=maecenas&ultrices=ut&posuere=massa&cubilia=quis&curae=augue&donec=luctus&pharetra=tincidunt&magna=nulla&vestibulum=mollis&aliquet=molestie&ultrices=lorem&erat=quisque&tortor=ut&sollicitudin=erat&mi=curabitur&sit=gravida&amet=nisi&lobortis=at&sapien=nibh&sapien=in&non=hac&mi=habitasse&integer=platea&ac=dictumst&neque=aliquam&duis=augue&bibendum=quam&morbi=sollicitudin&non=vitae&quam=consectetuer&nec=eget&dui=rutrum&luctus=at&rutrum=lorem&nulla=integer&tellus=tincidunt&in=ante&sagittis=vel&dui=ipsum&vel=praesent&nisl=blandit&duis=lacinia&ac=erat&nibh=vestibulum&fusce=sed&lacus=magna&purus=at&aliquet=nunc&at=commodo&feugiat=placerat&non=praesent&pretium=blandit&quis=nam&lectus=nulla&suspendisse=integer&potenti=pede&in=justo&eleifend=lacinia&quam=eget&a=tincidunt&odio=eget&in=tempus&hac=vel&habitasse=pede&platea=morbi&dictumst=porttitor&maecenas=lorem&ut=id&massa=ligula&quis=suspendisse&augue=ornare&luctus=consequat&tincidunt=lectus&nulla=in&mollis=est&molestie=risus&lorem=auctor&quisque=sed&ut=tristique');
insert into DOCUMENT (id, sort_index, title, slug, text) values (91, 91, 'DRDGOLD Limited', 'drdgoldlimited', 'https://so-net.ne.jp/luctus/et/ultrices.js?ante=dui&ipsum=vel&primis=nisl&in=duis&faucibus=ac&orci=nibh&luctus=fusce&et=lacus&ultrices=purus&posuere=aliquet&cubilia=at&curae=feugiat&nulla=non&dapibus=pretium&dolor=quis&vel=lectus&est=suspendisse&donec=potenti&odio=in&justo=eleifend&sollicitudin=quam&ut=a&suscipit=odio&a=in&feugiat=hac&et=habitasse&eros=platea&vestibulum=dictumst&ac=maecenas&est=ut&lacinia=massa&nisi=quis&venenatis=augue&tristique=luctus&fusce=tincidunt&congue=nulla&diam=mollis&id=molestie');
insert into DOCUMENT (id, sort_index, title, slug, text) values (92, 8, 'Huttig Building Products, Inc.', 'huttigbuildingproducts,inc.', 'http://arizona.edu/feugiat/et/eros/vestibulum/ac/est.jpg?nulla=ipsum&elit=praesent&ac=blandit&nulla=lacinia&sed=erat&vel=vestibulum&enim=sed&sit=magna&amet=at&nunc=nunc&viverra=commodo&dapibus=placerat&nulla=praesent&suscipit=blandit&ligula=nam&in=nulla&lacus=integer&curabitur=pede');
insert into DOCUMENT (id, sort_index, title, slug, text) values (93, 36, 'DTE Energy Company', 'dteenergycompany', 'https://vimeo.com/leo/rhoncus/sed/vestibulum/sit/amet.png?nibh=magnis&ligula=dis&nec=parturient&sem=montes&duis=nascetur&aliquam=ridiculus&convallis=mus&nunc=etiam&proin=vel&at=augue&turpis=vestibulum&a=rutrum&pede=rutrum&posuere=neque&nonummy=aenean&integer=auctor&non=gravida&velit=sem&donec=praesent&diam=id&neque=massa&vestibulum=id&eget=nisl&vulputate=venenatis&ut=lacinia&ultrices=aenean&vel=sit&augue=amet&vestibulum=justo&ante=morbi&ipsum=ut&primis=odio&in=cras&faucibus=mi&orci=pede&luctus=malesuada&et=in&ultrices=imperdiet&posuere=et&cubilia=commodo&curae=vulputate&donec=justo&pharetra=in&magna=blandit&vestibulum=ultrices&aliquet=enim&ultrices=lorem&erat=ipsum&tortor=dolor&sollicitudin=sit&mi=amet&sit=consectetuer&amet=adipiscing&lobortis=elit&sapien=proin&sapien=interdum&non=mauris&mi=non&integer=ligula&ac=pellentesque&neque=ultrices&duis=phasellus&bibendum=id&morbi=sapien&non=in&quam=sapien&nec=iaculis&dui=congue&luctus=vivamus&rutrum=metus&nulla=arcu&tellus=adipiscing&in=molestie&sagittis=hendrerit&dui=at&vel=vulputate&nisl=vitae&duis=nisl&ac=aenean&nibh=lectus&fusce=pellentesque&lacus=eget&purus=nunc&aliquet=donec&at=quis&feugiat=orci&non=eget&pretium=orci&quis=vehicula&lectus=condimentum&suspendisse=curabitur&potenti=in&in=libero&eleifend=ut&quam=massa&a=volutpat&odio=convallis');
insert into DOCUMENT (id, sort_index, title, slug, text) values (94, 24, 'PowerShares Nasdaq Internet Portfolio', 'powersharesnasdaqinternetportfolio', 'https://google.cn/tortor/quis/turpis/sed.json?sagittis=magna&nam=ac&congue=consequat&risus=metus&semper=sapien&porta=ut&volutpat=nunc&quam=vestibulum&pede=ante&lobortis=ipsum&ligula=primis&sit=in&amet=faucibus&eleifend=orci&pede=luctus&libero=et&quis=ultrices&orci=posuere&nullam=cubilia&molestie=curae&nibh=mauris&in=viverra&lectus=diam&pellentesque=vitae&at=quam&nulla=suspendisse&suspendisse=potenti&potenti=nullam&cras=porttitor&in=lacus&purus=at&eu=turpis&magna=donec&vulputate=posuere&luctus=metus&cum=vitae&sociis=ipsum&natoque=aliquam&penatibus=non&et=mauris&magnis=morbi&dis=non&parturient=lectus&montes=aliquam&nascetur=sit&ridiculus=amet&mus=diam&vivamus=in&vestibulum=magna&sagittis=bibendum&sapien=imperdiet&cum=nullam&sociis=orci&natoque=pede&penatibus=venenatis&et=non&magnis=sodales&dis=sed&parturient=tincidunt&montes=eu&nascetur=felis&ridiculus=fusce&mus=posuere&etiam=felis&vel=sed&augue=lacus&vestibulum=morbi&rutrum=sem&rutrum=mauris&neque=laoreet&aenean=ut&auctor=rhoncus&gravida=aliquet&sem=pulvinar&praesent=sed&id=nisl&massa=nunc&id=rhoncus&nisl=dui&venenatis=vel&lacinia=sem&aenean=sed&sit=sagittis&amet=nam&justo=congue&morbi=risus&ut=semper');
insert into DOCUMENT (id, sort_index, title, slug, text) values (95, 85, 'RGC Resources Inc.', 'rgcresourcesinc.', 'https://wikipedia.org/venenatis.aspx?et=donec&ultrices=vitae&posuere=nisi&cubilia=nam&curae=ultrices&nulla=libero&dapibus=non&dolor=mattis&vel=pulvinar&est=nulla&donec=pede&odio=ullamcorper&justo=augue&sollicitudin=a&ut=suscipit&suscipit=nulla&a=elit&feugiat=ac&et=nulla&eros=sed&vestibulum=vel&ac=enim&est=sit&lacinia=amet&nisi=nunc&venenatis=viverra&tristique=dapibus&fusce=nulla&congue=suscipit&diam=ligula&id=in&ornare=lacus&imperdiet=curabitur&sapien=at&urna=ipsum&pretium=ac&nisl=tellus&ut=semper');
insert into DOCUMENT (id, sort_index, title, slug, text) values (96, 97, 'JM Global Holding Company', 'jmglobalholdingcompany', 'http://cornell.edu/vehicula/consequat/morbi/a/ipsum/integer.js?venenatis=mollis&turpis=molestie&enim=lorem&blandit=quisque&mi=ut&in=erat&porttitor=curabitur&pede=gravida&justo=nisi&eu=at&massa=nibh&donec=in&dapibus=hac&duis=habitasse&at=platea&velit=dictumst&eu=aliquam&est=augue&congue=quam&elementum=sollicitudin&in=vitae&hac=consectetuer&habitasse=eget&platea=rutrum&dictumst=at&morbi=lorem&vestibulum=integer&velit=tincidunt&id=ante&pretium=vel&iaculis=ipsum&diam=praesent&erat=blandit&fermentum=lacinia&justo=erat&nec=vestibulum&condimentum=sed&neque=magna&sapien=at&placerat=nunc&ante=commodo&nulla=placerat&justo=praesent&aliquam=blandit&quis=nam&turpis=nulla&eget=integer&elit=pede&sodales=justo&scelerisque=lacinia&mauris=eget&sit=tincidunt&amet=eget&eros=tempus&suspendisse=vel&accumsan=pede&tortor=morbi&quis=porttitor&turpis=lorem&sed=id&ante=ligula&vivamus=suspendisse&tortor=ornare&duis=consequat&mattis=lectus&egestas=in&metus=est&aenean=risus&fermentum=auctor&donec=sed&ut=tristique&mauris=in&eget=tempus&massa=sit&tempor=amet&convallis=sem&nulla=fusce&neque=consequat&libero=nulla&convallis=nisl&eget=nunc&eleifend=nisl&luctus=duis&ultricies=bibendum&eu=felis&nibh=sed');
insert into DOCUMENT (id, sort_index, title, slug, text) values (97, 36, 'Ardagh Group S.A.', 'ardaghgroups.a.', 'http://slate.com/aliquam/quis/turpis.html?consequat=sociis&dui=natoque&nec=penatibus&nisi=et&volutpat=magnis&eleifend=dis&donec=parturient&ut=montes&dolor=nascetur&morbi=ridiculus&vel=mus&lectus=etiam&in=vel&quam=augue&fringilla=vestibulum&rhoncus=rutrum&mauris=rutrum&enim=neque&leo=aenean&rhoncus=auctor&sed=gravida');
insert into DOCUMENT (id, sort_index, title, slug, text) values (98, 21, 'Anworth Mortgage Asset  Corporation', 'anworthmortgageassetcorporation', 'http://blinklist.com/in/imperdiet/et/commodo/vulputate/justo.js?magna=blandit&vestibulum=nam&aliquet=nulla&ultrices=integer&erat=pede&tortor=justo&sollicitudin=lacinia&mi=eget&sit=tincidunt&amet=eget&lobortis=tempus&sapien=vel&sapien=pede&non=morbi&mi=porttitor&integer=lorem&ac=id&neque=ligula&duis=suspendisse&bibendum=ornare&morbi=consequat&non=lectus&quam=in&nec=est&dui=risus&luctus=auctor&rutrum=sed&nulla=tristique&tellus=in&in=tempus&sagittis=sit&dui=amet&vel=sem&nisl=fusce&duis=consequat&ac=nulla&nibh=nisl&fusce=nunc&lacus=nisl&purus=duis&aliquet=bibendum&at=felis&feugiat=sed&non=interdum&pretium=venenatis&quis=turpis&lectus=enim&suspendisse=blandit&potenti=mi&in=in&eleifend=porttitor&quam=pede&a=justo&odio=eu&in=massa&hac=donec&habitasse=dapibus&platea=duis&dictumst=at&maecenas=velit&ut=eu&massa=est&quis=congue&augue=elementum');
insert into DOCUMENT (id, sort_index, title, slug, text) values (99, 7, 'NantKwest, Inc.', 'nantkwest,inc.', 'http://chronoengine.com/pharetra/magna/vestibulum.png?blandit=ipsum&mi=primis&in=in&porttitor=faucibus&pede=orci&justo=luctus&eu=et&massa=ultrices&donec=posuere&dapibus=cubilia&duis=curae&at=donec&velit=pharetra&eu=magna&est=vestibulum&congue=aliquet&elementum=ultrices&in=erat&hac=tortor&habitasse=sollicitudin&platea=mi&dictumst=sit&morbi=amet&vestibulum=lobortis&velit=sapien&id=sapien&pretium=non&iaculis=mi&diam=integer&erat=ac&fermentum=neque&justo=duis&nec=bibendum&condimentum=morbi&neque=non&sapien=quam&placerat=nec&ante=dui&nulla=luctus&justo=rutrum&aliquam=nulla&quis=tellus&turpis=in&eget=sagittis&elit=dui&sodales=vel&scelerisque=nisl&mauris=duis&sit=ac&amet=nibh&eros=fusce&suspendisse=lacus&accumsan=purus&tortor=aliquet&quis=at&turpis=feugiat&sed=non&ante=pretium&vivamus=quis&tortor=lectus&duis=suspendisse&mattis=potenti&egestas=in&metus=eleifend&aenean=quam&fermentum=a&donec=odio&ut=in&mauris=hac&eget=habitasse&massa=platea&tempor=dictumst&convallis=maecenas&nulla=ut&neque=massa&libero=quis&convallis=augue&eget=luctus&eleifend=tincidunt&luctus=nulla&ultricies=mollis&eu=molestie&nibh=lorem&quisque=quisque&id=ut&justo=erat');
insert into DOCUMENT (id, sort_index, title, slug, text) values (100, 81, 'Ryanair Holdings plc', 'ryanairholdingsplc', 'http://nature.com/tristique/fusce.jsp?est=odio&phasellus=odio&sit=elementum&amet=eu&erat=interdum&nulla=eu&tempus=tincidunt&vivamus=in&in=leo&felis=maecenas&eu=pulvinar&sapien=lobortis&cursus=est&vestibulum=phasellus&proin=sit&eu=amet&mi=erat&nulla=nulla&ac=tempus&enim=vivamus&in=in&tempor=felis&turpis=eu&nec=sapien&euismod=cursus&scelerisque=vestibulum&quam=proin&turpis=eu&adipiscing=mi&lorem=nulla&vitae=ac&mattis=enim&nibh=in&ligula=tempor&nec=turpis&sem=nec&duis=euismod&aliquam=scelerisque&convallis=quam&nunc=turpis&proin=adipiscing&at=lorem&turpis=vitae&a=mattis&pede=nibh&posuere=ligula&nonummy=nec&integer=sem&non=duis&velit=aliquam&donec=convallis&diam=nunc&neque=proin&vestibulum=at&eget=turpis&vulputate=a&ut=pede&ultrices=posuere&vel=nonummy&augue=integer&vestibulum=non&ante=velit&ipsum=donec&primis=diam&in=neque');
insert into DOCUMENT (id, sort_index, title, slug, text) values (101, 81, 'MDC Partners Inc.', 'mdcpartnersinc.', 'https://google.co.uk/aliquam/convallis.jpg?nunc=maecenas&proin=tincidunt&at=lacus&turpis=at&a=velit&pede=vivamus&posuere=vel&nonummy=nulla&integer=eget&non=eros&velit=elementum&donec=pellentesque&diam=quisque&neque=porta&vestibulum=volutpat&eget=erat&vulputate=quisque&ut=erat&ultrices=eros&vel=viverra&augue=eget&vestibulum=congue&ante=eget&ipsum=semper&primis=rutrum&in=nulla&faucibus=nunc&orci=purus&luctus=phasellus&et=in&ultrices=felis&posuere=donec&cubilia=semper&curae=sapien&donec=a&pharetra=libero&magna=nam&vestibulum=dui&aliquet=proin&ultrices=leo&erat=odio&tortor=porttitor&sollicitudin=id&mi=consequat&sit=in&amet=consequat&lobortis=ut&sapien=nulla&sapien=sed&non=accumsan&mi=felis&integer=ut&ac=at&neque=dolor&duis=quis&bibendum=odio&morbi=consequat&non=varius&quam=integer&nec=ac&dui=leo&luctus=pellentesque&rutrum=ultrices&nulla=mattis&tellus=odio&in=donec');
insert into DOCUMENT (id, sort_index, title, slug, text) values (102, 70, 'Daily Journal Corp. (S.C.)', 'dailyjournalcorp.(s.c.)', 'http://livejournal.com/sed/interdum/venenatis/turpis/enim/blandit.html?congue=sed&risus=magna&semper=at&porta=nunc&volutpat=commodo&quam=placerat&pede=praesent&lobortis=blandit&ligula=nam&sit=nulla&amet=integer&eleifend=pede&pede=justo&libero=lacinia&quis=eget&orci=tincidunt&nullam=eget&molestie=tempus&nibh=vel&in=pede&lectus=morbi&pellentesque=porttitor&at=lorem&nulla=id&suspendisse=ligula&potenti=suspendisse&cras=ornare&in=consequat&purus=lectus&eu=in&magna=est&vulputate=risus&luctus=auctor&cum=sed&sociis=tristique&natoque=in&penatibus=tempus&et=sit&magnis=amet&dis=sem&parturient=fusce&montes=consequat&nascetur=nulla');
insert into DOCUMENT (id, sort_index, title, slug, text) values (103, 20, 'Summit Hotel Properties, Inc.', 'summithotelproperties,inc.', 'https://vistaprint.com/sit/amet/eros/suspendisse/accumsan/tortor.js?sapien=commodo&varius=vulputate&ut=justo&blandit=in&non=blandit&interdum=ultrices&in=enim&ante=lorem&vestibulum=ipsum&ante=dolor&ipsum=sit&primis=amet&in=consectetuer&faucibus=adipiscing&orci=elit&luctus=proin&et=interdum&ultrices=mauris&posuere=non&cubilia=ligula&curae=pellentesque');
insert into DOCUMENT (id, sort_index, title, slug, text) values (104, 48, 'American Express Company', 'americanexpresscompany', 'https://ted.com/dignissim/vestibulum.xml?lacinia=felis&sapien=ut&quis=at&libero=dolor&nullam=quis&sit=odio&amet=consequat&turpis=varius&elementum=integer&ligula=ac&vehicula=leo&consequat=pellentesque&morbi=ultrices&a=mattis&ipsum=odio&integer=donec&a=vitae&nibh=nisi&in=nam&quis=ultrices&justo=libero&maecenas=non&rhoncus=mattis&aliquam=pulvinar&lacus=nulla&morbi=pede&quis=ullamcorper&tortor=augue&id=a');
insert into DOCUMENT (id, sort_index, title, slug, text) values (105, 95, 'Arc Logistic Partners LP', 'arclogisticpartnerslp', 'http://mashable.com/cras/non/velit/nec/nisi/vulputate.aspx?mi=varius&sit=integer&amet=ac&lobortis=leo&sapien=pellentesque&sapien=ultrices&non=mattis&mi=odio&integer=donec&ac=vitae&neque=nisi&duis=nam&bibendum=ultrices&morbi=libero&non=non&quam=mattis&nec=pulvinar&dui=nulla&luctus=pede&rutrum=ullamcorper&nulla=augue&tellus=a&in=suscipit&sagittis=nulla&dui=elit');
insert into DOCUMENT (id, sort_index, title, slug, text) values (106, 96, 'Watts Water Technologies, Inc.', 'wattswatertechnologies,inc.', 'https://boston.com/hac/habitasse/platea/dictumst/aliquam/augue.json?non=lobortis&velit=sapien&donec=sapien&diam=non&neque=mi&vestibulum=integer&eget=ac&vulputate=neque&ut=duis&ultrices=bibendum&vel=morbi&augue=non&vestibulum=quam&ante=nec&ipsum=dui&primis=luctus&in=rutrum&faucibus=nulla&orci=tellus&luctus=in&et=sagittis&ultrices=dui&posuere=vel&cubilia=nisl&curae=duis&donec=ac&pharetra=nibh&magna=fusce&vestibulum=lacus&aliquet=purus&ultrices=aliquet&erat=at&tortor=feugiat&sollicitudin=non&mi=pretium&sit=quis&amet=lectus&lobortis=suspendisse&sapien=potenti&sapien=in&non=eleifend&mi=quam&integer=a&ac=odio&neque=in&duis=hac&bibendum=habitasse&morbi=platea&non=dictumst&quam=maecenas&nec=ut&dui=massa&luctus=quis&rutrum=augue&nulla=luctus&tellus=tincidunt&in=nulla&sagittis=mollis&dui=molestie&vel=lorem&nisl=quisque&duis=ut&ac=erat&nibh=curabitur&fusce=gravida&lacus=nisi&purus=at');
insert into DOCUMENT (id, sort_index, title, slug, text) values (107, 20, 'Jazz Pharmaceuticals plc', 'jazzpharmaceuticalsplc', 'http://csmonitor.com/tincidunt/eu/felis/fusce/posuere/felis.js?curabitur=in&at=eleifend&ipsum=quam&ac=a&tellus=odio&semper=in&interdum=hac&mauris=habitasse&ullamcorper=platea&purus=dictumst&sit=maecenas&amet=ut&nulla=massa&quisque=quis&arcu=augue&libero=luctus&rutrum=tincidunt&ac=nulla&lobortis=mollis&vel=molestie');
insert into DOCUMENT (id, sort_index, title, slug, text) values (108, 14, 'Emerald Expositions Events, Inc.', 'emeraldexpositionsevents,inc.', 'http://utexas.edu/in/felis/donec.png?augue=sed&aliquam=lacus&erat=morbi&volutpat=sem&in=mauris&congue=laoreet&etiam=ut&justo=rhoncus&etiam=aliquet&pretium=pulvinar&iaculis=sed&justo=nisl&in=nunc&hac=rhoncus&habitasse=dui&platea=vel&dictumst=sem&etiam=sed&faucibus=sagittis&cursus=nam&urna=congue&ut=risus&tellus=semper&nulla=porta&ut=volutpat&erat=quam&id=pede&mauris=lobortis&vulputate=ligula&elementum=sit&nullam=amet&varius=eleifend&nulla=pede&facilisi=libero&cras=quis&non=orci&velit=nullam&nec=molestie&nisi=nibh&vulputate=in&nonummy=lectus&maecenas=pellentesque&tincidunt=at&lacus=nulla&at=suspendisse&velit=potenti&vivamus=cras&vel=in&nulla=purus&eget=eu&eros=magna&elementum=vulputate&pellentesque=luctus&quisque=cum&porta=sociis&volutpat=natoque&erat=penatibus&quisque=et&erat=magnis&eros=dis&viverra=parturient&eget=montes&congue=nascetur&eget=ridiculus&semper=mus&rutrum=vivamus&nulla=vestibulum&nunc=sagittis&purus=sapien&phasellus=cum&in=sociis&felis=natoque');
insert into DOCUMENT (id, sort_index, title, slug, text) values (109, 87, 'Orion Energy Systems, Inc.', 'orionenergysystems,inc.', 'https://ow.ly/in/faucibus/orci/luctus/et/ultrices/posuere.png?blandit=luctus&nam=cum&nulla=sociis&integer=natoque&pede=penatibus&justo=et&lacinia=magnis&eget=dis&tincidunt=parturient&eget=montes&tempus=nascetur&vel=ridiculus&pede=mus&morbi=vivamus&porttitor=vestibulum&lorem=sagittis&id=sapien&ligula=cum&suspendisse=sociis&ornare=natoque&consequat=penatibus&lectus=et&in=magnis&est=dis&risus=parturient&auctor=montes&sed=nascetur&tristique=ridiculus&in=mus&tempus=etiam&sit=vel&amet=augue&sem=vestibulum&fusce=rutrum&consequat=rutrum&nulla=neque&nisl=aenean&nunc=auctor&nisl=gravida&duis=sem&bibendum=praesent&felis=id&sed=massa&interdum=id&venenatis=nisl&turpis=venenatis&enim=lacinia&blandit=aenean&mi=sit&in=amet&porttitor=justo&pede=morbi&justo=ut&eu=odio&massa=cras&donec=mi&dapibus=pede&duis=malesuada&at=in&velit=imperdiet&eu=et');
insert into DOCUMENT (id, sort_index, title, slug, text) values (110, 100, 'Galmed Pharmaceuticals Ltd.', 'galmedpharmaceuticalsltd.', 'http://hubpages.com/non/lectus/aliquam/sit/amet.json?tempor=mauris&turpis=lacinia&nec=sapien&euismod=quis&scelerisque=libero&quam=nullam&turpis=sit&adipiscing=amet&lorem=turpis&vitae=elementum&mattis=ligula&nibh=vehicula&ligula=consequat&nec=morbi&sem=a&duis=ipsum&aliquam=integer&convallis=a&nunc=nibh&proin=in&at=quis&turpis=justo&a=maecenas&pede=rhoncus&posuere=aliquam&nonummy=lacus&integer=morbi&non=quis&velit=tortor&donec=id&diam=nulla&neque=ultrices&vestibulum=aliquet&eget=maecenas&vulputate=leo&ut=odio&ultrices=condimentum&vel=id&augue=luctus&vestibulum=nec&ante=molestie');
insert into DOCUMENT (id, sort_index, title, slug, text) values (111, 55, 'Telephone and Data Systems, Inc.', 'telephoneanddatasystems,inc.', 'https://bbb.org/nec/sem/duis.json?vivamus=ligula&metus=in&arcu=lacus&adipiscing=curabitur&molestie=at&hendrerit=ipsum&at=ac&vulputate=tellus');
insert into DOCUMENT (id, sort_index, title, slug, text) values (112, 53, 'VelocityShares Daily 2x VIX Medium-Term ETN', 'velocitysharesdaily2xvixmedium-termetn', 'https://last.fm/turpis/a/pede/posuere.jpg?parturient=at&montes=lorem&nascetur=integer&ridiculus=tincidunt&mus=ante&etiam=vel&vel=ipsum&augue=praesent&vestibulum=blandit&rutrum=lacinia&rutrum=erat&neque=vestibulum&aenean=sed&auctor=magna&gravida=at&sem=nunc&praesent=commodo&id=placerat&massa=praesent&id=blandit&nisl=nam&venenatis=nulla&lacinia=integer&aenean=pede&sit=justo&amet=lacinia&justo=eget&morbi=tincidunt&ut=eget&odio=tempus&cras=vel&mi=pede&pede=morbi&malesuada=porttitor&in=lorem&imperdiet=id&et=ligula');
insert into DOCUMENT (id, sort_index, title, slug, text) values (113, 86, 'PPL Corporation', 'pplcorporation', 'http://who.int/ultrices/posuere/cubilia/curae/nulla/dapibus.xml?vestibulum=pellentesque&ante=eget&ipsum=nunc&primis=donec&in=quis&faucibus=orci&orci=eget&luctus=orci&et=vehicula&ultrices=condimentum&posuere=curabitur&cubilia=in&curae=libero&duis=ut&faucibus=massa&accumsan=volutpat&odio=convallis&curabitur=morbi&convallis=odio&duis=odio&consequat=elementum&dui=eu&nec=interdum&nisi=eu&volutpat=tincidunt&eleifend=in&donec=leo&ut=maecenas&dolor=pulvinar&morbi=lobortis&vel=est&lectus=phasellus&in=sit&quam=amet&fringilla=erat&rhoncus=nulla&mauris=tempus&enim=vivamus&leo=in&rhoncus=felis&sed=eu&vestibulum=sapien&sit=cursus&amet=vestibulum&cursus=proin&id=eu&turpis=mi&integer=nulla&aliquet=ac&massa=enim&id=in&lobortis=tempor&convallis=turpis&tortor=nec&risus=euismod&dapibus=scelerisque&augue=quam&vel=turpis&accumsan=adipiscing&tellus=lorem&nisi=vitae&eu=mattis&orci=nibh&mauris=ligula&lacinia=nec&sapien=sem&quis=duis&libero=aliquam&nullam=convallis&sit=nunc&amet=proin&turpis=at&elementum=turpis&ligula=a&vehicula=pede&consequat=posuere&morbi=nonummy&a=integer&ipsum=non&integer=velit&a=donec&nibh=diam&in=neque&quis=vestibulum&justo=eget&maecenas=vulputate&rhoncus=ut&aliquam=ultrices&lacus=vel&morbi=augue&quis=vestibulum&tortor=ante&id=ipsum&nulla=primis&ultrices=in&aliquet=faucibus&maecenas=orci&leo=luctus&odio=et');
insert into DOCUMENT (id, sort_index, title, slug, text) values (114, 79, 'CommerceHub, Inc.', 'commercehub,inc.', 'http://un.org/erat/eros/viverra/eget/congue/eget.json?nulla=integer&integer=ac&pede=neque&justo=duis&lacinia=bibendum&eget=morbi&tincidunt=non&eget=quam&tempus=nec&vel=dui&pede=luctus&morbi=rutrum&porttitor=nulla&lorem=tellus&id=in&ligula=sagittis&suspendisse=dui&ornare=vel&consequat=nisl&lectus=duis&in=ac&est=nibh&risus=fusce&auctor=lacus&sed=purus&tristique=aliquet&in=at&tempus=feugiat&sit=non&amet=pretium&sem=quis&fusce=lectus&consequat=suspendisse&nulla=potenti&nisl=in&nunc=eleifend&nisl=quam&duis=a&bibendum=odio&felis=in&sed=hac&interdum=habitasse&venenatis=platea&turpis=dictumst&enim=maecenas&blandit=ut&mi=massa&in=quis&porttitor=augue&pede=luctus&justo=tincidunt&eu=nulla&massa=mollis&donec=molestie');
insert into DOCUMENT (id, sort_index, title, slug, text) values (115, 17, 'Ramco-Gershenson Properties Trust', 'ramco-gershensonpropertiestrust', 'https://usnews.com/sem/fusce/consequat.json?id=aenean&ornare=sit&imperdiet=amet&sapien=justo&urna=morbi&pretium=ut&nisl=odio&ut=cras&volutpat=mi&sapien=pede&arcu=malesuada&sed=in&augue=imperdiet&aliquam=et&erat=commodo&volutpat=vulputate&in=justo&congue=in&etiam=blandit&justo=ultrices&etiam=enim&pretium=lorem&iaculis=ipsum&justo=dolor&in=sit&hac=amet&habitasse=consectetuer&platea=adipiscing&dictumst=elit&etiam=proin&faucibus=interdum&cursus=mauris&urna=non&ut=ligula&tellus=pellentesque&nulla=ultrices&ut=phasellus&erat=id&id=sapien&mauris=in&vulputate=sapien&elementum=iaculis&nullam=congue&varius=vivamus&nulla=metus&facilisi=arcu&cras=adipiscing&non=molestie&velit=hendrerit&nec=at&nisi=vulputate&vulputate=vitae&nonummy=nisl&maecenas=aenean&tincidunt=lectus&lacus=pellentesque&at=eget&velit=nunc&vivamus=donec&vel=quis&nulla=orci&eget=eget&eros=orci');
insert into DOCUMENT (id, sort_index, title, slug, text) values (116, 28, 'Pacific Biosciences of California, Inc.', 'pacificbiosciencesofcalifornia,inc.', 'https://berkeley.edu/erat/eros/viverra/eget/congue/eget/semper.js?neque=platea&duis=dictumst&bibendum=aliquam&morbi=augue&non=quam&quam=sollicitudin&nec=vitae&dui=consectetuer&luctus=eget&rutrum=rutrum&nulla=at&tellus=lorem&in=integer&sagittis=tincidunt&dui=ante&vel=vel&nisl=ipsum&duis=praesent&ac=blandit&nibh=lacinia&fusce=erat&lacus=vestibulum&purus=sed&aliquet=magna&at=at&feugiat=nunc&non=commodo&pretium=placerat&quis=praesent&lectus=blandit&suspendisse=nam&potenti=nulla&in=integer&eleifend=pede&quam=justo&a=lacinia&odio=eget&in=tincidunt&hac=eget&habitasse=tempus&platea=vel&dictumst=pede&maecenas=morbi');
insert into DOCUMENT (id, sort_index, title, slug, text) values (117, 68, 'FORM Holdings Corp.', 'formholdingscorp.', 'https://economist.com/maecenas/tristique/est/et/tempus/semper/est.jsp?risus=vel&auctor=augue&sed=vestibulum&tristique=ante&in=ipsum&tempus=primis&sit=in&amet=faucibus&sem=orci&fusce=luctus&consequat=et&nulla=ultrices&nisl=posuere&nunc=cubilia&nisl=curae&duis=donec&bibendum=pharetra&felis=magna&sed=vestibulum&interdum=aliquet&venenatis=ultrices&turpis=erat&enim=tortor&blandit=sollicitudin&mi=mi&in=sit&porttitor=amet&pede=lobortis&justo=sapien&eu=sapien&massa=non&donec=mi&dapibus=integer&duis=ac&at=neque&velit=duis&eu=bibendum&est=morbi&congue=non&elementum=quam&in=nec&hac=dui&habitasse=luctus&platea=rutrum&dictumst=nulla&morbi=tellus&vestibulum=in&velit=sagittis&id=dui&pretium=vel&iaculis=nisl&diam=duis&erat=ac&fermentum=nibh&justo=fusce&nec=lacus&condimentum=purus&neque=aliquet&sapien=at&placerat=feugiat&ante=non&nulla=pretium&justo=quis&aliquam=lectus&quis=suspendisse&turpis=potenti&eget=in&elit=eleifend&sodales=quam&scelerisque=a&mauris=odio&sit=in&amet=hac&eros=habitasse&suspendisse=platea&accumsan=dictumst&tortor=maecenas');
insert into DOCUMENT (id, sort_index, title, slug, text) values (118, 14, 'AgroFresh Solutions, Inc.', 'agrofreshsolutions,inc.', 'http://furl.net/non/velit/nec/nisi/vulputate/nonummy.jsp?lorem=sit&id=amet&ligula=eros&suspendisse=suspendisse&ornare=accumsan&consequat=tortor&lectus=quis&in=turpis&est=sed&risus=ante&auctor=vivamus&sed=tortor&tristique=duis&in=mattis&tempus=egestas&sit=metus&amet=aenean&sem=fermentum&fusce=donec&consequat=ut&nulla=mauris&nisl=eget&nunc=massa&nisl=tempor&duis=convallis&bibendum=nulla&felis=neque&sed=libero&interdum=convallis&venenatis=eget&turpis=eleifend&enim=luctus&blandit=ultricies&mi=eu&in=nibh&porttitor=quisque&pede=id&justo=justo&eu=sit&massa=amet&donec=sapien&dapibus=dignissim&duis=vestibulum&at=vestibulum&velit=ante&eu=ipsum&est=primis&congue=in&elementum=faucibus&in=orci&hac=luctus&habitasse=et&platea=ultrices&dictumst=posuere&morbi=cubilia&vestibulum=curae&velit=nulla&id=dapibus&pretium=dolor&iaculis=vel&diam=est&erat=donec&fermentum=odio&justo=justo&nec=sollicitudin&condimentum=ut&neque=suscipit&sapien=a&placerat=feugiat&ante=et&nulla=eros');
insert into DOCUMENT (id, sort_index, title, slug, text) values (119, 7, 'Qwest Corporation', 'qwestcorporation', 'http://wisc.edu/justo/in/blandit/ultrices/enim.json?id=congue&nulla=risus&ultrices=semper&aliquet=porta&maecenas=volutpat&leo=quam&odio=pede&condimentum=lobortis&id=ligula&luctus=sit&nec=amet&molestie=eleifend&sed=pede&justo=libero&pellentesque=quis&viverra=orci&pede=nullam&ac=molestie&diam=nibh&cras=in&pellentesque=lectus&volutpat=pellentesque&dui=at&maecenas=nulla&tristique=suspendisse&est=potenti&et=cras&tempus=in&semper=purus&est=eu&quam=magna&pharetra=vulputate&magna=luctus&ac=cum&consequat=sociis&metus=natoque&sapien=penatibus&ut=et&nunc=magnis&vestibulum=dis&ante=parturient&ipsum=montes&primis=nascetur&in=ridiculus&faucibus=mus&orci=vivamus&luctus=vestibulum&et=sagittis&ultrices=sapien&posuere=cum&cubilia=sociis&curae=natoque&mauris=penatibus&viverra=et&diam=magnis&vitae=dis&quam=parturient&suspendisse=montes&potenti=nascetur&nullam=ridiculus&porttitor=mus&lacus=etiam&at=vel&turpis=augue&donec=vestibulum&posuere=rutrum&metus=rutrum&vitae=neque&ipsum=aenean&aliquam=auctor&non=gravida&mauris=sem&morbi=praesent&non=id&lectus=massa&aliquam=id&sit=nisl&amet=venenatis&diam=lacinia&in=aenean&magna=sit&bibendum=amet&imperdiet=justo&nullam=morbi&orci=ut&pede=odio&venenatis=cras&non=mi&sodales=pede');
insert into DOCUMENT (id, sort_index, title, slug, text) values (120, 15, 'Ebix, Inc.', 'ebix,inc.', 'https://freewebs.com/sit/amet/turpis/elementum/ligula.json?sem=dui&sed=vel&sagittis=sem&nam=sed&congue=sagittis&risus=nam&semper=congue&porta=risus&volutpat=semper');
insert into DOCUMENT (id, sort_index, title, slug, text) values (121, 93, 'Universal Forest Products, Inc.', 'universalforestproducts,inc.', 'https://ftc.gov/ut/rhoncus/aliquet/pulvinar/sed/nisl/nunc.jpg?pharetra=ut&magna=tellus&vestibulum=nulla&aliquet=ut&ultrices=erat&erat=id&tortor=mauris&sollicitudin=vulputate&mi=elementum&sit=nullam&amet=varius&lobortis=nulla&sapien=facilisi&sapien=cras&non=non&mi=velit&integer=nec&ac=nisi&neque=vulputate&duis=nonummy&bibendum=maecenas&morbi=tincidunt&non=lacus&quam=at&nec=velit&dui=vivamus&luctus=vel&rutrum=nulla&nulla=eget&tellus=eros&in=elementum&sagittis=pellentesque&dui=quisque&vel=porta&nisl=volutpat&duis=erat&ac=quisque&nibh=erat&fusce=eros&lacus=viverra&purus=eget&aliquet=congue&at=eget&feugiat=semper&non=rutrum&pretium=nulla&quis=nunc&lectus=purus&suspendisse=phasellus&potenti=in&in=felis&eleifend=donec&quam=semper&a=sapien&odio=a&in=libero&hac=nam&habitasse=dui&platea=proin&dictumst=leo&maecenas=odio&ut=porttitor&massa=id&quis=consequat&augue=in&luctus=consequat&tincidunt=ut&nulla=nulla&mollis=sed&molestie=accumsan&lorem=felis&quisque=ut&ut=at&erat=dolor&curabitur=quis&gravida=odio&nisi=consequat&at=varius&nibh=integer&in=ac&hac=leo&habitasse=pellentesque&platea=ultrices&dictumst=mattis&aliquam=odio&augue=donec&quam=vitae&sollicitudin=nisi&vitae=nam&consectetuer=ultrices&eget=libero&rutrum=non&at=mattis&lorem=pulvinar');

insert into FAQ (id, sort_index, question, answer) values (1, 77, 'at velit eu est congue elementum in hac habitasse platea', 'Phasellus id sapien in sapien iaculis congue. Vivamus metus arcu, adipiscing molestie, hendrerit at, vulputate vitae, nisl. Aenean lectus. Pellentesque eget nunc.');
insert into FAQ (id, sort_index, question, answer) values (2, 81, 'ut volutpat sapien arcu sed augue aliquam erat volutpat in congue etiam justo etiam pretium iaculis justo in hac habitasse', 'Morbi ut odio. Cras mi pede, malesuada in, imperdiet et, commodo vulputate, justo. In blandit ultrices enim. Lorem ipsum dolor sit amet, consectetuer adipiscing elit. Proin interdum mauris non ligula pellentesque ultrices.');
insert into FAQ (id, sort_index, question, answer) values (3, 14, 'ultrices aliquet maecenas leo odio condimentum id luctus nec molestie sed justo pellentesque viverra pede ac diam cras pellentesque volutpat', 'Vivamus vel nulla eget eros elementum pellentesque. Quisque porta volutpat erat. Quisque erat eros, viverra eget, congue eget, semper rutrum, nulla. Nunc purus. Phasellus in felis. Donec semper sapien a libero.');
insert into FAQ (id, sort_index, question, answer) values (4, 29, 'aliquet maecenas leo odio condimentum id luctus nec molestie sed', 'Vestibulum rutrum rutrum neque. Aenean auctor gravida sem. Praesent id massa id nisl venenatis lacinia. Aenean sit amet justo. Morbi ut odio. Cras mi pede, malesuada in, imperdiet et, commodo vulputate, justo. In blandit ultrices enim. Lorem ipsum dolor sit amet, consectetuer adipiscing elit. Proin interdum mauris non ligula pellentesque ultrices. Phasellus id sapien in sapien iaculis congue.');
insert into FAQ (id, sort_index, question, answer) values (5, 20, 'nunc donec quis orci eget orci vehicula condimentum curabitur in', 'Integer non velit. Donec diam neque, vestibulum eget, vulputate ut, ultrices vel, augue. Vestibulum ante ipsum primis in faucibus orci luctus et ultrices posuere cubilia Curae; Donec pharetra, magna vestibulum aliquet ultrices, erat tortor sollicitudin mi, sit amet lobortis sapien sapien non mi.');
insert into FAQ (id, sort_index, question, answer) values (6, 27, 'est lacinia nisi venenatis tristique fusce congue diam id ornare imperdiet sapien urna', 'Nam dui. Proin leo odio, porttitor id, consequat in, consequat ut, nulla. Sed accumsan felis. Ut at dolor quis odio consequat varius. Integer ac leo. Pellentesque ultrices mattis odio. Donec vitae nisi. Nam ultrices, libero non mattis pulvinar, nulla pede ullamcorper augue, a suscipit nulla elit ac nulla. Sed vel enim sit amet nunc viverra dapibus. Nulla suscipit ligula in lacus.');
insert into FAQ (id, sort_index, question, answer) values (7, 31, 'ridiculus mus etiam vel augue vestibulum rutrum rutrum neque aenean auctor', 'Lorem ipsum dolor sit amet, consectetuer adipiscing elit. Proin interdum mauris non ligula pellentesque ultrices. Phasellus id sapien in sapien iaculis congue. Vivamus metus arcu, adipiscing molestie, hendrerit at, vulputate vitae, nisl. Aenean lectus. Pellentesque eget nunc. Donec quis orci eget orci vehicula condimentum. Curabitur in libero ut massa volutpat convallis. Morbi odio odio, elementum eu, interdum eu, tincidunt in, leo.');
insert into FAQ (id, sort_index, question, answer) values (8, 78, 'hac habitasse platea dictumst morbi vestibulum velit id pretium iaculis diam', 'Nulla ut erat id mauris vulputate elementum. Nullam varius. Nulla facilisi. Cras non velit nec nisi vulputate nonummy. Maecenas tincidunt lacus at velit. Vivamus vel nulla eget eros elementum pellentesque. Quisque porta volutpat erat.');
insert into FAQ (id, sort_index, question, answer) values (9, 21, 'volutpat dui maecenas tristique est et tempus semper est quam pharetra magna ac consequat metus sapien ut nunc vestibulum ante', 'Suspendisse ornare consequat lectus. In est risus, auctor sed, tristique in, tempus sit amet, sem. Fusce consequat. Nulla nisl. Nunc nisl. Duis bibendum, felis sed interdum venenatis, turpis enim blandit mi, in porttitor pede justo eu massa. Donec dapibus. Duis at velit eu est congue elementum. In hac habitasse platea dictumst. Morbi vestibulum, velit id pretium iaculis, diam erat fermentum justo, nec condimentum neque sapien placerat ante.');
insert into FAQ (id, sort_index, question, answer) values (10, 63, 'magna at nunc commodo placerat praesent blandit nam nulla integer pede justo lacinia eget tincidunt', 'Maecenas tristique, est et tempus semper, est quam pharetra magna, ac consequat metus sapien ut nunc. Vestibulum ante ipsum primis in faucibus orci luctus et ultrices posuere cubilia Curae; Mauris viverra diam vitae quam. Suspendisse potenti.');
insert into FAQ (id, sort_index, question, answer) values (11, 99, 'non velit nec nisi vulputate nonummy maecenas tincidunt lacus at velit vivamus vel nulla eget eros elementum pellentesque quisque', 'Sed sagittis. Nam congue, risus semper porta volutpat, quam pede lobortis ligula, sit amet eleifend pede libero quis orci. Nullam molestie nibh in lectus. Pellentesque at nulla.');
insert into FAQ (id, sort_index, question, answer) values (12, 31, 'aliquet maecenas leo odio condimentum id luctus nec molestie sed justo', 'Praesent lectus. Vestibulum quam sapien, varius ut, blandit non, interdum in, ante. Vestibulum ante ipsum primis in faucibus orci luctus et ultrices posuere cubilia Curae; Duis faucibus accumsan odio. Curabitur convallis.');
insert into FAQ (id, sort_index, question, answer) values (13, 100, 'volutpat erat quisque erat eros viverra eget congue eget semper rutrum nulla nunc', 'Praesent id massa id nisl venenatis lacinia. Aenean sit amet justo. Morbi ut odio. Cras mi pede, malesuada in, imperdiet et, commodo vulputate, justo. In blandit ultrices enim.');
insert into FAQ (id, sort_index, question, answer) values (14, 65, 'quis justo maecenas rhoncus aliquam lacus morbi quis tortor id nulla ultrices aliquet maecenas leo odio condimentum id', 'In est risus, auctor sed, tristique in, tempus sit amet, sem. Fusce consequat. Nulla nisl. Nunc nisl. Duis bibendum, felis sed interdum venenatis, turpis enim blandit mi, in porttitor pede justo eu massa. Donec dapibus.');
insert into FAQ (id, sort_index, question, answer) values (15, 72, 'elit proin risus praesent lectus vestibulum quam sapien varius ut blandit non interdum', 'Suspendisse potenti. Cras in purus eu magna vulputate luctus. Cum sociis natoque penatibus et magnis dis parturient montes, nascetur ridiculus mus. Vivamus vestibulum sagittis sapien. Cum sociis natoque penatibus et magnis dis parturient montes, nascetur ridiculus mus.');
insert into FAQ (id, sort_index, question, answer) values (16, 8, 'suscipit nulla elit ac nulla sed vel enim sit amet', 'Suspendisse ornare consequat lectus. In est risus, auctor sed, tristique in, tempus sit amet, sem. Fusce consequat.');
insert into FAQ (id, sort_index, question, answer) values (17, 68, 'eros elementum pellentesque quisque porta volutpat erat quisque erat eros viverra eget congue eget semper', 'Nam dui. Proin leo odio, porttitor id, consequat in, consequat ut, nulla. Sed accumsan felis. Ut at dolor quis odio consequat varius. Integer ac leo. Pellentesque ultrices mattis odio. Donec vitae nisi. Nam ultrices, libero non mattis pulvinar, nulla pede ullamcorper augue, a suscipit nulla elit ac nulla.');
insert into FAQ (id, sort_index, question, answer) values (18, 9, 'congue elementum in hac habitasse platea dictumst morbi vestibulum velit id pretium iaculis diam erat fermentum justo nec', 'Vestibulum quam sapien, varius ut, blandit non, interdum in, ante. Vestibulum ante ipsum primis in faucibus orci luctus et ultrices posuere cubilia Curae; Duis faucibus accumsan odio. Curabitur convallis. Duis consequat dui nec nisi volutpat eleifend. Donec ut dolor.');
insert into FAQ (id, sort_index, question, answer) values (19, 70, 'quisque arcu libero rutrum ac lobortis vel dapibus at diam', 'Proin interdum mauris non ligula pellentesque ultrices. Phasellus id sapien in sapien iaculis congue. Vivamus metus arcu, adipiscing molestie, hendrerit at, vulputate vitae, nisl. Aenean lectus.');
insert into FAQ (id, sort_index, question, answer) values (20, 95, 'adipiscing elit proin interdum mauris non ligula pellentesque ultrices phasellus id', 'Morbi sem mauris, laoreet ut, rhoncus aliquet, pulvinar sed, nisl. Nunc rhoncus dui vel sem. Sed sagittis. Nam congue, risus semper porta volutpat, quam pede lobortis ligula, sit amet eleifend pede libero quis orci. Nullam molestie nibh in lectus. Pellentesque at nulla.');
insert into FAQ (id, sort_index, question, answer) values (21, 76, 'sem sed sagittis nam congue risus semper porta volutpat quam pede lobortis ligula sit amet eleifend pede libero quis', 'Curabitur in libero ut massa volutpat convallis. Morbi odio odio, elementum eu, interdum eu, tincidunt in, leo.');
insert into FAQ (id, sort_index, question, answer) values (22, 70, 'sem sed sagittis nam congue risus semper porta volutpat quam pede lobortis ligula sit amet eleifend pede libero', 'Integer tincidunt ante vel ipsum. Praesent blandit lacinia erat. Vestibulum sed magna at nunc commodo placerat. Praesent blandit. Nam nulla.');
insert into FAQ (id, sort_index, question, answer) values (23, 89, 'ligula sit amet eleifend pede libero quis orci nullam molestie nibh in lectus pellentesque at nulla', 'Vestibulum ante ipsum primis in faucibus orci luctus et ultrices posuere cubilia Curae; Duis faucibus accumsan odio. Curabitur convallis. Duis consequat dui nec nisi volutpat eleifend. Donec ut dolor.');
insert into FAQ (id, sort_index, question, answer) values (24, 47, 'massa id nisl venenatis lacinia aenean sit amet justo morbi ut odio cras mi', 'Phasellus id sapien in sapien iaculis congue. Vivamus metus arcu, adipiscing molestie, hendrerit at, vulputate vitae, nisl. Aenean lectus. Pellentesque eget nunc. Donec quis orci eget orci vehicula condimentum. Curabitur in libero ut massa volutpat convallis. Morbi odio odio, elementum eu, interdum eu, tincidunt in, leo. Maecenas pulvinar lobortis est. Phasellus sit amet erat.');
insert into FAQ (id, sort_index, question, answer) values (25, 23, 'aliquet massa id lobortis convallis tortor risus dapibus augue vel accumsan tellus nisi eu orci', 'Duis aliquam convallis nunc.');
insert into FAQ (id, sort_index, question, answer) values (26, 39, 'amet eros suspendisse accumsan tortor quis turpis sed ante vivamus tortor duis mattis egestas metus aenean', 'Pellentesque ultrices mattis odio. Donec vitae nisi. Nam ultrices, libero non mattis pulvinar, nulla pede ullamcorper augue, a suscipit nulla elit ac nulla. Sed vel enim sit amet nunc viverra dapibus.');
insert into FAQ (id, sort_index, question, answer) values (27, 86, 'vel pede morbi porttitor lorem id ligula suspendisse ornare consequat lectus in est risus auctor sed tristique in', 'Mauris lacinia sapien quis libero. Nullam sit amet turpis elementum ligula vehicula consequat. Morbi a ipsum. Integer a nibh. In quis justo. Maecenas rhoncus aliquam lacus. Morbi quis tortor id nulla ultrices aliquet. Maecenas leo odio, condimentum id, luctus nec, molestie sed, justo.');
insert into FAQ (id, sort_index, question, answer) values (28, 13, 'vivamus metus arcu adipiscing molestie hendrerit at vulputate vitae nisl aenean lectus pellentesque eget nunc donec quis orci eget orci', 'Maecenas pulvinar lobortis est. Phasellus sit amet erat. Nulla tempus. Vivamus in felis eu sapien cursus vestibulum. Proin eu mi. Nulla ac enim. In tempor, turpis nec euismod scelerisque, quam turpis adipiscing lorem, vitae mattis nibh ligula nec sem. Duis aliquam convallis nunc. Proin at turpis a pede posuere nonummy.');

insert into MESSAGE (id, time, user_id, e_mail, name, subject, text) values (1, '2021-03-05 15:04:38', 16, 'adeex0@bing.com', 'lpettwood0', 'faucibus orci luctus et ultrices posuere cubilia curae nulla dapibus dolor vel est donec odio justo sollicitudin ut suscipit', 'Vestibulum ante ipsum primis in faucibus orci luctus et ultrices posuere cubilia Curae; Duis faucibus accumsan odio. Curabitur convallis. Duis consequat dui nec nisi volutpat eleifend. Donec ut dolor. Morbi vel lectus in quam fringilla rhoncus. Mauris enim leo, rhoncus sed, vestibulum sit amet, cursus id, turpis. Integer aliquet, massa id lobortis convallis, tortor risus dapibus augue, vel accumsan tellus nisi eu orci. Mauris lacinia sapien quis libero. Nullam sit amet turpis elementum ligula vehicula consequat. Morbi a ipsum.');
insert into MESSAGE (id, time, user_id, e_mail, name, subject, text) values (2, '2020-01-08 23:21:59', 9, 'coakly1@wp.com', 'dbarz1', 'vel augue vestibulum rutrum rutrum neque aenean auctor gravida sem praesent id massa id', 'Donec ut dolor. Morbi vel lectus in quam fringilla rhoncus. Mauris enim leo, rhoncus sed, vestibulum sit amet, cursus id, turpis. Integer aliquet, massa id lobortis convallis, tortor risus dapibus augue, vel accumsan tellus nisi eu orci.');
insert into MESSAGE (id, time, user_id, e_mail, name, subject, text) values (3, '2019-12-20 22:26:51', 18, 'stoopin2@hp.com', 'msims2', 'ultrices posuere cubilia curae mauris viverra diam vitae quam suspendisse potenti nullam porttitor lacus at turpis donec', 'Proin eu mi. Nulla ac enim. In tempor, turpis nec euismod scelerisque, quam turpis adipiscing lorem, vitae mattis nibh ligula nec sem. Duis aliquam convallis nunc. Proin at turpis a pede posuere nonummy. Integer non velit.');
insert into MESSAGE (id, time, user_id, e_mail, name, subject, text) values (4, '2018-06-30 22:23:19', 12, 'jgrange3@foxnews.com', 'cfolkes3', 'donec vitae nisi nam ultrices libero non mattis pulvinar nulla', 'Nunc nisl. Duis bibendum, felis sed interdum venenatis, turpis enim blandit mi, in porttitor pede justo eu massa. Donec dapibus. Duis at velit eu est congue elementum. In hac habitasse platea dictumst.');
insert into MESSAGE (id, time, user_id, e_mail, name, subject, text) values (5, '2019-03-27 18:02:46', 6, 'pballefant4@amazon.co.uk', 'baspland4', 'mus etiam vel augue vestibulum rutrum rutrum neque aenean auctor gravida sem praesent id massa id nisl venenatis', 'Aenean fermentum. Donec ut mauris eget massa tempor convallis. Nulla neque libero, convallis eget, eleifend luctus, ultricies eu, nibh. Quisque id justo sit amet sapien dignissim vestibulum.');
insert into MESSAGE (id, time, user_id, e_mail, name, subject, text) values (6, '2019-02-10 18:43:18', 3, 'ablockwell5@hhs.gov', 'ffairnie5', 'at velit vivamus vel nulla eget eros elementum pellentesque quisque porta volutpat erat', 'Donec posuere metus vitae ipsum. Aliquam non mauris. Morbi non lectus. Aliquam sit amet diam in magna bibendum imperdiet. Nullam orci pede, venenatis non, sodales sed, tincidunt eu, felis.');
insert into MESSAGE (id, time, user_id, e_mail, name, subject, text) values (7, '2018-06-12 20:21:20', 11, 'mbloore6@usda.gov', 'kreucastle6', 'in ante vestibulum ante ipsum primis in faucibus orci luctus et ultrices posuere cubilia curae duis faucibus accumsan odio curabitur', 'Integer non velit. Donec diam neque, vestibulum eget, vulputate ut, ultrices vel, augue. Vestibulum ante ipsum primis in faucibus orci luctus et ultrices posuere cubilia Curae; Donec pharetra, magna vestibulum aliquet ultrices, erat tortor sollicitudin mi, sit amet lobortis sapien sapien non mi.');
insert into MESSAGE (id, time, user_id, e_mail, name, subject, text) values (8, '2019-05-10 19:05:45', 15, 'lchable7@about.me', 'flumby7', 'duis faucibus accumsan odio curabitur convallis duis consequat dui nec nisi volutpat eleifend donec ut dolor morbi vel lectus', 'Fusce posuere felis sed lacus. Morbi sem mauris, laoreet ut, rhoncus aliquet, pulvinar sed, nisl. Nunc rhoncus dui vel sem. Sed sagittis. Nam congue, risus semper porta volutpat, quam pede lobortis ligula, sit amet eleifend pede libero quis orci. Nullam molestie nibh in lectus. Pellentesque at nulla. Suspendisse potenti.');
insert into MESSAGE (id, time, user_id, e_mail, name, subject, text) values (9, '2020-04-14 21:30:18', 2, 'bshowler8@biglobe.ne.jp', 'oklimes8', 'fusce congue diam id ornare imperdiet sapien urna pretium nisl ut volutpat sapien arcu sed augue aliquam erat volutpat in', 'Duis aliquam convallis nunc.');
insert into MESSAGE (id, time, user_id, e_mail, name, subject, text) values (10, '2018-12-31 17:01:25', 15, 'cbattrum9@ibm.com', 'cgatch9', 'nullam orci pede venenatis non sodales sed tincidunt eu felis fusce posuere felis sed lacus morbi sem', 'Fusce lacus purus, aliquet at, feugiat non, pretium quis, lectus. Suspendisse potenti. In eleifend quam a odio.');
insert into MESSAGE (id, time, user_id, e_mail, name, subject, text) values (11, '2019-06-30 04:51:39', 3, 'gstrafena@wp.com', 'rsprigga', 'elit sodales scelerisque mauris sit amet eros suspendisse accumsan tortor quis', 'Duis at velit eu est congue elementum. In hac habitasse platea dictumst.');
insert into MESSAGE (id, time, user_id, e_mail, name, subject, text) values (12, '2020-04-23 21:55:57', 21, 'kspurriorb@tamu.edu', 'jgoodhewb', 'leo odio porttitor id consequat in consequat ut nulla sed accumsan felis ut at dolor quis odio consequat varius', 'Aenean auctor gravida sem. Praesent id massa id nisl venenatis lacinia. Aenean sit amet justo. Morbi ut odio. Cras mi pede, malesuada in, imperdiet et, commodo vulputate, justo. In blandit ultrices enim. Lorem ipsum dolor sit amet, consectetuer adipiscing elit.');
insert into MESSAGE (id, time, user_id, e_mail, name, subject, text) values (13, '2021-03-09 15:18:38', 8, 'ageikiec@mysql.com', 'abransbyc', 'sollicitudin vitae consectetuer eget rutrum at lorem integer tincidunt ante vel ipsum praesent', 'Nulla ac enim. In tempor, turpis nec euismod scelerisque, quam turpis adipiscing lorem, vitae mattis nibh ligula nec sem.');
insert into MESSAGE (id, time, user_id, e_mail, name, subject, text) values (14, '2018-10-28 07:52:55', 16, 'mdearthd@yahoo.com', 'dheatherd', 'pretium nisl ut volutpat sapien arcu sed augue aliquam erat volutpat in congue etiam justo', 'Nulla facilisi. Cras non velit nec nisi vulputate nonummy. Maecenas tincidunt lacus at velit. Vivamus vel nulla eget eros elementum pellentesque. Quisque porta volutpat erat. Quisque erat eros, viverra eget, congue eget, semper rutrum, nulla. Nunc purus. Phasellus in felis. Donec semper sapien a libero. Nam dui.');
insert into MESSAGE (id, time, user_id, e_mail, name, subject, text) values (15, '2020-09-18 21:56:17', 9, 'pbonelliee@theglobeandmail.com', 'khendriksee', 'duis mattis egestas metus aenean fermentum donec ut mauris eget massa tempor convallis nulla', 'Nunc rhoncus dui vel sem. Sed sagittis. Nam congue, risus semper porta volutpat, quam pede lobortis ligula, sit amet eleifend pede libero quis orci. Nullam molestie nibh in lectus. Pellentesque at nulla. Suspendisse potenti. Cras in purus eu magna vulputate luctus. Cum sociis natoque penatibus et magnis dis parturient montes, nascetur ridiculus mus. Vivamus vestibulum sagittis sapien. Cum sociis natoque penatibus et magnis dis parturient montes, nascetur ridiculus mus.');
insert into MESSAGE (id, time, user_id, e_mail, name, subject, text) values (16, '2020-05-19 05:42:15', 9, 'wscuffhamf@netscape.com', 'bkaemenaf', 'rhoncus aliquet pulvinar sed nisl nunc rhoncus dui vel sem sed sagittis nam congue risus semper porta', 'Nullam porttitor lacus at turpis. Donec posuere metus vitae ipsum. Aliquam non mauris. Morbi non lectus. Aliquam sit amet diam in magna bibendum imperdiet.');
insert into MESSAGE (id, time, user_id, e_mail, name, subject, text) values (17, '2018-04-06 23:16:01', 23, 'greussg@ca.gov', 'brichmondg', 'lacus curabitur at ipsum ac tellus semper interdum mauris ullamcorper purus sit amet nulla quisque arcu', 'Duis ac nibh. Fusce lacus purus, aliquet at, feugiat non, pretium quis, lectus. Suspendisse potenti.');
insert into MESSAGE (id, time, user_id, e_mail, name, subject, text) values (18, '2020-12-06 22:04:06', 7, 'hbunnh@apple.com', 'mtonnh', 'ut erat id mauris vulputate elementum nullam varius nulla facilisi cras non velit nec nisi vulputate nonummy maecenas tincidunt lacus', 'Morbi sem mauris, laoreet ut, rhoncus aliquet, pulvinar sed, nisl. Nunc rhoncus dui vel sem.');
insert into MESSAGE (id, time, user_id, e_mail, name, subject, text) values (19, '2019-11-15 19:47:49', 13, 'ogeeraerti@un.org', 'galkini', 'nec dui luctus rutrum nulla tellus in sagittis dui vel nisl duis ac nibh fusce lacus', 'Integer aliquet, massa id lobortis convallis, tortor risus dapibus augue, vel accumsan tellus nisi eu orci.');
insert into MESSAGE (id, time, user_id, e_mail, name, subject, text) values (20, '2020-09-01 13:07:38', 3, 'msneddenj@auda.org.au', 'apaternoj', 'non sodales sed tincidunt eu felis fusce posuere felis sed lacus morbi sem', 'Vestibulum rutrum rutrum neque. Aenean auctor gravida sem. Praesent id massa id nisl venenatis lacinia. Aenean sit amet justo. Morbi ut odio. Cras mi pede, malesuada in, imperdiet et, commodo vulputate, justo. In blandit ultrices enim. Lorem ipsum dolor sit amet, consectetuer adipiscing elit. Proin interdum mauris non ligula pellentesque ultrices.');
insert into MESSAGE (id, time, user_id, e_mail, name, subject, text) values (21, '2018-08-07 10:04:47', 18, 'wtrevertonk@washington.edu', 'tosburnk', 'cras pellentesque volutpat dui maecenas tristique est et tempus semper est quam pharetra magna ac consequat metus sapien ut', 'Maecenas tincidunt lacus at velit. Vivamus vel nulla eget eros elementum pellentesque. Quisque porta volutpat erat.');
insert into MESSAGE (id, time, user_id, e_mail, name, subject, text) values (22, '2019-03-03 23:46:53', 7, 'adenisyukl@vkontakte.ru', 'gstamperl', 'ac leo pellentesque ultrices mattis odio donec vitae nisi nam', 'Proin risus. Praesent lectus. Vestibulum quam sapien, varius ut, blandit non, interdum in, ante. Vestibulum ante ipsum primis in faucibus orci luctus et ultrices posuere cubilia Curae; Duis faucibus accumsan odio. Curabitur convallis. Duis consequat dui nec nisi volutpat eleifend. Donec ut dolor. Morbi vel lectus in quam fringilla rhoncus. Mauris enim leo, rhoncus sed, vestibulum sit amet, cursus id, turpis.');
insert into MESSAGE (id, time, user_id, e_mail, name, subject, text) values (23, '2020-12-13 05:31:27', 8, 'ewelshm@cam.ac.uk', 'aedmonsm', 'luctus et ultrices posuere cubilia curae mauris viverra diam vitae quam suspendisse potenti nullam porttitor lacus at turpis donec posuere', 'Mauris sit amet eros. Suspendisse accumsan tortor quis turpis. Sed ante. Vivamus tortor. Duis mattis egestas metus. Aenean fermentum.');
insert into MESSAGE (id, time, user_id, e_mail, name, subject, text) values (24, '2018-07-29 22:19:03', 10, 'rkamenarn@ucoz.ru', 'cmcneicen', 'cursus id turpis integer aliquet massa id lobortis convallis tortor risus dapibus augue vel', 'Maecenas rhoncus aliquam lacus.');
insert into MESSAGE (id, time, user_id, e_mail, name, subject, text) values (25, '2019-09-15 11:29:35', 4, 'tkryszkao@creativecommons.org', 'tdiruggieroo', 'ut volutpat sapien arcu sed augue aliquam erat volutpat in', 'In hac habitasse platea dictumst. Maecenas ut massa quis augue luctus tincidunt.');
insert into MESSAGE (id, time, user_id, e_mail, name, subject, text) values (26, '2018-10-07 17:23:19', 2, 'emandreyp@usa.gov', 'abimsonp', 'imperdiet sapien urna pretium nisl ut volutpat sapien arcu sed augue aliquam erat', 'Phasellus sit amet erat. Nulla tempus.');
insert into MESSAGE (id, time, user_id, e_mail, name, subject, text) values (27, '2020-11-08 19:36:10', 5, 'hjezardq@whitehouse.gov', 'jvannozziiq', 'duis ac nibh fusce lacus purus aliquet at feugiat non', 'Nam nulla. Integer pede justo, lacinia eget, tincidunt eget, tempus vel, pede. Morbi porttitor lorem id ligula. Suspendisse ornare consequat lectus. In est risus, auctor sed, tristique in, tempus sit amet, sem. Fusce consequat. Nulla nisl. Nunc nisl. Duis bibendum, felis sed interdum venenatis, turpis enim blandit mi, in porttitor pede justo eu massa. Donec dapibus.');
insert into MESSAGE (id, time, user_id, e_mail, name, subject, text) values (28, '2019-05-29 09:02:43', 16, 'lwallikerr@google.es', 'lkleinhausr', 'odio elementum eu interdum eu tincidunt in leo maecenas pulvinar lobortis est phasellus sit amet erat nulla tempus vivamus', 'Proin at turpis a pede posuere nonummy. Integer non velit. Donec diam neque, vestibulum eget, vulputate ut, ultrices vel, augue. Vestibulum ante ipsum primis in faucibus orci luctus et ultrices posuere cubilia Curae; Donec pharetra, magna vestibulum aliquet ultrices, erat tortor sollicitudin mi, sit amet lobortis sapien sapien non mi. Integer ac neque.');
insert into MESSAGE (id, time, user_id, e_mail, name, subject, text) values (29, '2018-04-09 08:53:24', 4, 'sleggins@washingtonpost.com', 'sgainsefords', 'vitae mattis nibh ligula nec sem duis aliquam convallis nunc', 'Maecenas tincidunt lacus at velit. Vivamus vel nulla eget eros elementum pellentesque. Quisque porta volutpat erat. Quisque erat eros, viverra eget, congue eget, semper rutrum, nulla. Nunc purus. Phasellus in felis. Donec semper sapien a libero. Nam dui. Proin leo odio, porttitor id, consequat in, consequat ut, nulla. Sed accumsan felis.');
insert into MESSAGE (id, time, user_id, e_mail, name, subject, text) values (30, '2021-01-08 06:25:02', 9, 'aosgodbyt@wikispaces.com', 'tivanyukovt', 'platea dictumst morbi vestibulum velit id pretium iaculis diam erat fermentum justo nec condimentum neque sapien', 'Sed ante. Vivamus tortor. Duis mattis egestas metus. Aenean fermentum. Donec ut mauris eget massa tempor convallis. Nulla neque libero, convallis eget, eleifend luctus, ultricies eu, nibh. Quisque id justo sit amet sapien dignissim vestibulum. Vestibulum ante ipsum primis in faucibus orci luctus et ultrices posuere cubilia Curae; Nulla dapibus dolor vel est. Donec odio justo, sollicitudin ut, suscipit a, feugiat et, eros.');
insert into MESSAGE (id, time, user_id, e_mail, name, subject, text) values (31, '2018-04-18 11:43:40', 12, 'ssneezemu@godaddy.com', 'fwartnabyu', 'duis ac nibh fusce lacus purus aliquet at feugiat non', 'Nullam porttitor lacus at turpis. Donec posuere metus vitae ipsum. Aliquam non mauris. Morbi non lectus. Aliquam sit amet diam in magna bibendum imperdiet.');
insert into MESSAGE (id, time, user_id, e_mail, name, subject, text) values (32, '2020-06-24 06:47:15', 12, 'rrousellv@smh.com.au', 'nfoucarv', 'tellus semper interdum mauris ullamcorper purus sit amet nulla quisque arcu libero rutrum ac lobortis vel dapibus at diam', 'Ut at dolor quis odio consequat varius. Integer ac leo.');
insert into MESSAGE (id, time, user_id, e_mail, name, subject, text) values (33, '2018-05-02 23:19:09', 16, 'iblatherwickw@ifeng.com', 'lcavellw', 'nisi nam ultrices libero non mattis pulvinar nulla pede ullamcorper', 'Nullam molestie nibh in lectus. Pellentesque at nulla. Suspendisse potenti. Cras in purus eu magna vulputate luctus. Cum sociis natoque penatibus et magnis dis parturient montes, nascetur ridiculus mus. Vivamus vestibulum sagittis sapien. Cum sociis natoque penatibus et magnis dis parturient montes, nascetur ridiculus mus. Etiam vel augue. Vestibulum rutrum rutrum neque.');
insert into MESSAGE (id, time, user_id, e_mail, name, subject, text) values (34, '2020-02-27 16:34:41', 10, 'riveyx@livejournal.com', 'lespinelx', 'vel pede morbi porttitor lorem id ligula suspendisse ornare consequat lectus in est risus auctor sed tristique in', 'Quisque porta volutpat erat. Quisque erat eros, viverra eget, congue eget, semper rutrum, nulla. Nunc purus. Phasellus in felis. Donec semper sapien a libero. Nam dui. Proin leo odio, porttitor id, consequat in, consequat ut, nulla.');
insert into MESSAGE (id, time, user_id, e_mail, name, subject, text) values (35, '2019-03-04 19:18:25', 9, 'dbrabany@deliciousdays.com', 'crameauy', 'justo in hac habitasse platea dictumst etiam faucibus cursus urna', 'Mauris sit amet eros. Suspendisse accumsan tortor quis turpis. Sed ante.');
insert into MESSAGE (id, time, user_id, e_mail, name, subject, text) values (36, '2021-03-04 15:54:11', 20, 'nworsleyz@macromedia.com', 'nscuttz', 'proin at turpis a pede posuere nonummy integer non velit donec diam neque', 'Nulla ac enim. In tempor, turpis nec euismod scelerisque, quam turpis adipiscing lorem, vitae mattis nibh ligula nec sem. Duis aliquam convallis nunc. Proin at turpis a pede posuere nonummy. Integer non velit. Donec diam neque, vestibulum eget, vulputate ut, ultrices vel, augue. Vestibulum ante ipsum primis in faucibus orci luctus et ultrices posuere cubilia Curae; Donec pharetra, magna vestibulum aliquet ultrices, erat tortor sollicitudin mi, sit amet lobortis sapien sapien non mi. Integer ac neque. Duis bibendum.');
insert into MESSAGE (id, time, user_id, e_mail, name, subject, text) values (37, '2019-09-20 10:23:16', 21, 'mtritton10@tinyurl.com', 'nspurrier10', 'hac habitasse platea dictumst aliquam augue quam sollicitudin vitae consectetuer eget rutrum', 'Cras mi pede, malesuada in, imperdiet et, commodo vulputate, justo. In blandit ultrices enim. Lorem ipsum dolor sit amet, consectetuer adipiscing elit. Proin interdum mauris non ligula pellentesque ultrices. Phasellus id sapien in sapien iaculis congue. Vivamus metus arcu, adipiscing molestie, hendrerit at, vulputate vitae, nisl. Aenean lectus. Pellentesque eget nunc. Donec quis orci eget orci vehicula condimentum.');
insert into MESSAGE (id, time, user_id, e_mail, name, subject, text) values (38, '2018-05-13 08:55:42', 6, 'kbreddy11@nsw.gov.au', 'scaroline11', 'nam congue risus semper porta volutpat quam pede lobortis ligula sit', 'Cum sociis natoque penatibus et magnis dis parturient montes, nascetur ridiculus mus. Vivamus vestibulum sagittis sapien. Cum sociis natoque penatibus et magnis dis parturient montes, nascetur ridiculus mus. Etiam vel augue. Vestibulum rutrum rutrum neque.');
insert into MESSAGE (id, time, user_id, e_mail, name, subject, text) values (39, '2019-01-21 10:12:15', 17, 'kreinbach12@marriott.com', 'rhaysom12', 'aliquam non mauris morbi non lectus aliquam sit amet diam in magna bibendum imperdiet', 'Suspendisse potenti. Cras in purus eu magna vulputate luctus. Cum sociis natoque penatibus et magnis dis parturient montes, nascetur ridiculus mus. Vivamus vestibulum sagittis sapien. Cum sociis natoque penatibus et magnis dis parturient montes, nascetur ridiculus mus. Etiam vel augue. Vestibulum rutrum rutrum neque. Aenean auctor gravida sem. Praesent id massa id nisl venenatis lacinia. Aenean sit amet justo.');
insert into MESSAGE (id, time, user_id, e_mail, name, subject, text) values (40, '2019-01-13 11:12:18', 19, 'zjacquest13@nba.com', 'aluipold13', 'turpis integer aliquet massa id lobortis convallis tortor risus dapibus augue vel accumsan tellus nisi eu orci mauris', 'Vivamus vel nulla eget eros elementum pellentesque. Quisque porta volutpat erat. Quisque erat eros, viverra eget, congue eget, semper rutrum, nulla.');
insert into MESSAGE (id, time, user_id, e_mail, name, subject, text) values (41, '2019-06-14 08:48:05', 17, 'flaphorn14@ovh.net', 'linchbald14', 'congue etiam justo etiam pretium iaculis justo in hac habitasse platea', 'Lorem ipsum dolor sit amet, consectetuer adipiscing elit.');
insert into MESSAGE (id, time, user_id, e_mail, name, subject, text) values (42, '2019-08-18 09:24:52', 1, 'lodell15@si.edu', 'fstegel15', 'auctor gravida sem praesent id massa id nisl venenatis lacinia', 'In tempor, turpis nec euismod scelerisque, quam turpis adipiscing lorem, vitae mattis nibh ligula nec sem. Duis aliquam convallis nunc.');
insert into MESSAGE (id, time, user_id, e_mail, name, subject, text) values (43, '2019-07-06 09:15:31', 11, 'tgallafant16@blogs.com', 'lplumptre16', 'id nisl venenatis lacinia aenean sit amet justo morbi ut odio cras mi pede', 'Integer aliquet, massa id lobortis convallis, tortor risus dapibus augue, vel accumsan tellus nisi eu orci.');
insert into MESSAGE (id, time, user_id, e_mail, name, subject, text) values (44, '2020-05-14 11:03:13', 12, 'ckhan17@diigo.com', 'aworden17', 'lacinia erat vestibulum sed magna at nunc commodo placerat praesent blandit nam nulla integer pede justo lacinia', 'Quisque porta volutpat erat. Quisque erat eros, viverra eget, congue eget, semper rutrum, nulla. Nunc purus. Phasellus in felis. Donec semper sapien a libero. Nam dui. Proin leo odio, porttitor id, consequat in, consequat ut, nulla.');
insert into MESSAGE (id, time, user_id, e_mail, name, subject, text) values (45, '2019-06-04 23:39:41', 3, 'dlafferty18@wisc.edu', 'cgilligan18', 'dui proin leo odio porttitor id consequat in consequat ut nulla sed accumsan felis', 'Integer non velit. Donec diam neque, vestibulum eget, vulputate ut, ultrices vel, augue. Vestibulum ante ipsum primis in faucibus orci luctus et ultrices posuere cubilia Curae; Donec pharetra, magna vestibulum aliquet ultrices, erat tortor sollicitudin mi, sit amet lobortis sapien sapien non mi.');
insert into MESSAGE (id, time, user_id, e_mail, name, subject, text) values (46, '2018-05-08 23:15:30', 13, 'asumshon19@dell.com', 'sbembridge19', 'libero convallis eget eleifend luctus ultricies eu nibh quisque id justo sit amet sapien dignissim vestibulum vestibulum', 'Aenean auctor gravida sem. Praesent id massa id nisl venenatis lacinia. Aenean sit amet justo. Morbi ut odio. Cras mi pede, malesuada in, imperdiet et, commodo vulputate, justo. In blandit ultrices enim.');
insert into MESSAGE (id, time, user_id, e_mail, name, subject, text) values (47, '2018-06-10 09:44:03', 19, 'wheard1a@topsy.com', 'mogborne1a', 'condimentum neque sapien placerat ante nulla justo aliquam quis turpis eget elit', 'Nullam molestie nibh in lectus. Pellentesque at nulla. Suspendisse potenti. Cras in purus eu magna vulputate luctus. Cum sociis natoque penatibus et magnis dis parturient montes, nascetur ridiculus mus. Vivamus vestibulum sagittis sapien.');
insert into MESSAGE (id, time, user_id, e_mail, name, subject, text) values (48, '2019-02-17 12:58:33', 7, 'sfillingham1b@patch.com', 'cbohan1b', 'pharetra magna vestibulum aliquet ultrices erat tortor sollicitudin mi sit amet lobortis sapien sapien non', 'Aenean sit amet justo. Morbi ut odio. Cras mi pede, malesuada in, imperdiet et, commodo vulputate, justo. In blandit ultrices enim. Lorem ipsum dolor sit amet, consectetuer adipiscing elit. Proin interdum mauris non ligula pellentesque ultrices. Phasellus id sapien in sapien iaculis congue. Vivamus metus arcu, adipiscing molestie, hendrerit at, vulputate vitae, nisl.');
insert into MESSAGE (id, time, user_id, e_mail, name, subject, text) values (49, '2018-08-22 16:30:17', 16, 'rshalliker1c@elpais.com', 'lhuster1c', 'nulla suscipit ligula in lacus curabitur at ipsum ac tellus', 'Curabitur at ipsum ac tellus semper interdum. Mauris ullamcorper purus sit amet nulla.');
insert into MESSAGE (id, time, user_id, e_mail, name, subject, text) values (50, '2020-04-01 05:55:03', 7, 'abonde1d@gnu.org', 'tcreebo1d', 'dui vel nisl duis ac nibh fusce lacus purus aliquet at', 'Aliquam quis turpis eget elit sodales scelerisque. Mauris sit amet eros.');
insert into MESSAGE (id, time, user_id, e_mail, name, subject, text) values (51, '2020-03-25 18:53:45', 16, 'srigge1e@hubpages.com', 'aofen1e', 'odio cras mi pede malesuada in imperdiet et commodo vulputate justo in blandit ultrices enim', 'Nullam sit amet turpis elementum ligula vehicula consequat.');
insert into MESSAGE (id, time, user_id, e_mail, name, subject, text) values (52, '2018-04-22 23:27:24', 4, 'llindwall1f@lulu.com', 'jgreenhouse1f', 'augue quam sollicitudin vitae consectetuer eget rutrum at lorem integer tincidunt ante vel ipsum praesent blandit lacinia erat', 'Duis consequat dui nec nisi volutpat eleifend. Donec ut dolor. Morbi vel lectus in quam fringilla rhoncus. Mauris enim leo, rhoncus sed, vestibulum sit amet, cursus id, turpis. Integer aliquet, massa id lobortis convallis, tortor risus dapibus augue, vel accumsan tellus nisi eu orci. Mauris lacinia sapien quis libero. Nullam sit amet turpis elementum ligula vehicula consequat. Morbi a ipsum. Integer a nibh.');
insert into MESSAGE (id, time, user_id, e_mail, name, subject, text) values (53, '2019-04-20 17:09:37', 20, 'cgrannell1g@techcrunch.com', 'bmcbeath1g', 'enim leo rhoncus sed vestibulum sit amet cursus id turpis integer aliquet massa id lobortis convallis tortor risus dapibus augue', 'In congue. Etiam justo. Etiam pretium iaculis justo. In hac habitasse platea dictumst. Etiam faucibus cursus urna. Ut tellus.');
insert into MESSAGE (id, time, user_id, e_mail, name, subject, text) values (54, '2019-02-12 10:48:30', 14, 'kaberdeen1h@google.com.au', 'ryounie1h', 'leo rhoncus sed vestibulum sit amet cursus id turpis integer', 'Lorem ipsum dolor sit amet, consectetuer adipiscing elit. Proin risus.');
insert into MESSAGE (id, time, user_id, e_mail, name, subject, text) values (55, '2018-12-06 21:20:47', 14, 'thegge1i@time.com', 'epolleye1i', 'nunc nisl duis bibendum felis sed interdum venenatis turpis enim blandit mi in porttitor pede justo', 'Duis at velit eu est congue elementum.');
insert into MESSAGE (id, time, user_id, e_mail, name, subject, text) values (56, '2018-08-22 01:13:04', 8, 'bparkinson1j@howstuffworks.com', 'gchattaway1j', 'semper interdum mauris ullamcorper purus sit amet nulla quisque arcu libero rutrum ac', 'Vestibulum sed magna at nunc commodo placerat.');
insert into MESSAGE (id, time, user_id, e_mail, name, subject, text) values (57, '2020-02-05 06:58:42', 12, 'araggitt1k@blogspot.com', 'wrosie1k', 'donec pharetra magna vestibulum aliquet ultrices erat tortor sollicitudin mi sit amet lobortis', 'Morbi vestibulum, velit id pretium iaculis, diam erat fermentum justo, nec condimentum neque sapien placerat ante. Nulla justo. Aliquam quis turpis eget elit sodales scelerisque. Mauris sit amet eros. Suspendisse accumsan tortor quis turpis.');
insert into MESSAGE (id, time, user_id, e_mail, name, subject, text) values (58, '2020-02-03 23:04:13', 2, 'mcowdrey1l@biblegateway.com', 'kscadden1l', 'ultrices mattis odio donec vitae nisi nam ultrices libero non mattis pulvinar nulla pede ullamcorper augue', 'Suspendisse ornare consequat lectus. In est risus, auctor sed, tristique in, tempus sit amet, sem. Fusce consequat. Nulla nisl. Nunc nisl.');
insert into MESSAGE (id, time, user_id, e_mail, name, subject, text) values (59, '2019-11-13 09:02:33', 16, 'dbanner1m@bravesites.com', 'apirrie1m', 'mi nulla ac enim in tempor turpis nec euismod scelerisque quam turpis', 'Nam nulla. Integer pede justo, lacinia eget, tincidunt eget, tempus vel, pede.');
insert into MESSAGE (id, time, user_id, e_mail, name, subject, text) values (60, '2018-04-21 00:03:20', 20, 'dbernhardi1n@cdbaby.com', 'eschapiro1n', 'est phasellus sit amet erat nulla tempus vivamus in felis eu sapien cursus vestibulum proin eu mi nulla ac', 'Quisque ut erat. Curabitur gravida nisi at nibh. In hac habitasse platea dictumst. Aliquam augue quam, sollicitudin vitae, consectetuer eget, rutrum at, lorem. Integer tincidunt ante vel ipsum. Praesent blandit lacinia erat.');
insert into MESSAGE (id, time, user_id, e_mail, name, subject, text) values (61, '2018-11-22 21:11:31', 17, 'iosmar1o@redcross.org', 'mclemenson1o', 'pretium nisl ut volutpat sapien arcu sed augue aliquam erat volutpat in congue etiam justo', 'Proin interdum mauris non ligula pellentesque ultrices. Phasellus id sapien in sapien iaculis congue. Vivamus metus arcu, adipiscing molestie, hendrerit at, vulputate vitae, nisl.');
insert into MESSAGE (id, time, user_id, e_mail, name, subject, text) values (62, '2018-08-01 12:55:19', 12, 'caslen1p@goodreads.com', 'thedingham1p', 'turpis nec euismod scelerisque quam turpis adipiscing lorem vitae mattis nibh', 'In hac habitasse platea dictumst. Morbi vestibulum, velit id pretium iaculis, diam erat fermentum justo, nec condimentum neque sapien placerat ante. Nulla justo. Aliquam quis turpis eget elit sodales scelerisque. Mauris sit amet eros. Suspendisse accumsan tortor quis turpis. Sed ante. Vivamus tortor. Duis mattis egestas metus. Aenean fermentum.');
insert into MESSAGE (id, time, user_id, e_mail, name, subject, text) values (63, '2019-05-13 02:16:57', 12, 'rbockman1q@forbes.com', 'bramsell1q', 'mauris non ligula pellentesque ultrices phasellus id sapien in sapien iaculis', 'Nulla neque libero, convallis eget, eleifend luctus, ultricies eu, nibh. Quisque id justo sit amet sapien dignissim vestibulum. Vestibulum ante ipsum primis in faucibus orci luctus et ultrices posuere cubilia Curae; Nulla dapibus dolor vel est.');
insert into MESSAGE (id, time, user_id, e_mail, name, subject, text) values (64, '2018-11-12 12:42:53', 2, 'mpoyntz1r@amazon.de', 'ngrewe1r', 'lobortis ligula sit amet eleifend pede libero quis orci nullam molestie nibh in lectus pellentesque', 'Nullam sit amet turpis elementum ligula vehicula consequat. Morbi a ipsum. Integer a nibh. In quis justo. Maecenas rhoncus aliquam lacus. Morbi quis tortor id nulla ultrices aliquet. Maecenas leo odio, condimentum id, luctus nec, molestie sed, justo.');
insert into MESSAGE (id, time, user_id, e_mail, name, subject, text) values (65, '2019-09-26 04:04:17', 8, 'gjouanet1s@businesswire.com', 'ncossum1s', 'est risus auctor sed tristique in tempus sit amet sem', 'Proin risus. Praesent lectus. Vestibulum quam sapien, varius ut, blandit non, interdum in, ante. Vestibulum ante ipsum primis in faucibus orci luctus et ultrices posuere cubilia Curae; Duis faucibus accumsan odio. Curabitur convallis. Duis consequat dui nec nisi volutpat eleifend. Donec ut dolor. Morbi vel lectus in quam fringilla rhoncus. Mauris enim leo, rhoncus sed, vestibulum sit amet, cursus id, turpis.');
insert into MESSAGE (id, time, user_id, e_mail, name, subject, text) values (66, '2020-04-21 09:13:10', 1, 'srubert1t@soup.io', 'mtricker1t', 'felis sed lacus morbi sem mauris laoreet ut rhoncus aliquet pulvinar sed nisl', 'Morbi ut odio. Cras mi pede, malesuada in, imperdiet et, commodo vulputate, justo. In blandit ultrices enim. Lorem ipsum dolor sit amet, consectetuer adipiscing elit. Proin interdum mauris non ligula pellentesque ultrices. Phasellus id sapien in sapien iaculis congue. Vivamus metus arcu, adipiscing molestie, hendrerit at, vulputate vitae, nisl. Aenean lectus. Pellentesque eget nunc. Donec quis orci eget orci vehicula condimentum.');
insert into MESSAGE (id, time, user_id, e_mail, name, subject, text) values (67, '2018-07-11 05:08:03', 3, 'kmackereth1u@tmall.com', 'mschimpke1u', 'curae donec pharetra magna vestibulum aliquet ultrices erat tortor sollicitudin mi sit amet lobortis sapien sapien', 'Aliquam quis turpis eget elit sodales scelerisque.');
insert into MESSAGE (id, time, user_id, e_mail, name, subject, text) values (68, '2019-05-12 04:19:40', 6, 'vrobertet1v@nsw.gov.au', 'ehubble1v', 'nunc purus phasellus in felis donec semper sapien a libero nam dui proin leo odio porttitor id consequat', 'Cras non velit nec nisi vulputate nonummy. Maecenas tincidunt lacus at velit. Vivamus vel nulla eget eros elementum pellentesque. Quisque porta volutpat erat. Quisque erat eros, viverra eget, congue eget, semper rutrum, nulla. Nunc purus. Phasellus in felis. Donec semper sapien a libero. Nam dui.');
insert into MESSAGE (id, time, user_id, e_mail, name, subject, text) values (69, '2018-12-22 07:49:56', 15, 'mslatcher1w@shop-pro.jp', 'eshemilt1w', 'mattis odio donec vitae nisi nam ultrices libero non mattis pulvinar nulla', 'Praesent lectus. Vestibulum quam sapien, varius ut, blandit non, interdum in, ante. Vestibulum ante ipsum primis in faucibus orci luctus et ultrices posuere cubilia Curae; Duis faucibus accumsan odio. Curabitur convallis. Duis consequat dui nec nisi volutpat eleifend. Donec ut dolor. Morbi vel lectus in quam fringilla rhoncus.');
insert into MESSAGE (id, time, user_id, e_mail, name, subject, text) values (70, '2018-07-10 17:10:31', 19, 'kcoveley1x@netlog.com', 'rfaragan1x', 'tellus nulla ut erat id mauris vulputate elementum nullam varius nulla facilisi cras non velit nec nisi vulputate nonummy maecenas', 'Suspendisse potenti.');
insert into MESSAGE (id, time, user_id, e_mail, name, subject, text) values (71, '2020-08-23 16:53:22', 5, 'dantoniak1y@gravatar.com', 'lkleanthous1y', 'quam nec dui luctus rutrum nulla tellus in sagittis dui vel nisl duis ac nibh fusce lacus purus', 'Fusce congue, diam id ornare imperdiet, sapien urna pretium nisl, ut volutpat sapien arcu sed augue. Aliquam erat volutpat. In congue. Etiam justo. Etiam pretium iaculis justo.');
insert into MESSAGE (id, time, user_id, e_mail, name, subject, text) values (72, '2020-02-14 05:39:50', 9, 'slias1z@forbes.com', 'gsmithend1z', 'pretium quis lectus suspendisse potenti in eleifend quam a odio in hac habitasse platea dictumst maecenas ut massa', 'Vestibulum quam sapien, varius ut, blandit non, interdum in, ante. Vestibulum ante ipsum primis in faucibus orci luctus et ultrices posuere cubilia Curae; Duis faucibus accumsan odio. Curabitur convallis. Duis consequat dui nec nisi volutpat eleifend. Donec ut dolor. Morbi vel lectus in quam fringilla rhoncus. Mauris enim leo, rhoncus sed, vestibulum sit amet, cursus id, turpis. Integer aliquet, massa id lobortis convallis, tortor risus dapibus augue, vel accumsan tellus nisi eu orci. Mauris lacinia sapien quis libero.');
insert into MESSAGE (id, time, user_id, e_mail, name, subject, text) values (73, '2019-06-14 11:16:54', 14, 'gsloat20@nydailynews.com', 'nsowrey20', 'sed ante vivamus tortor duis mattis egestas metus aenean fermentum donec ut mauris eget massa tempor convallis nulla', 'Vestibulum ante ipsum primis in faucibus orci luctus et ultrices posuere cubilia Curae; Duis faucibus accumsan odio. Curabitur convallis.');
insert into MESSAGE (id, time, user_id, e_mail, name, subject, text) values (74, '2018-10-23 03:42:24', 20, 'cschettini21@studiopress.com', 'aolver21', 'cras mi pede malesuada in imperdiet et commodo vulputate justo in blandit ultrices enim lorem ipsum dolor sit amet consectetuer', 'Fusce consequat. Nulla nisl. Nunc nisl. Duis bibendum, felis sed interdum venenatis, turpis enim blandit mi, in porttitor pede justo eu massa. Donec dapibus. Duis at velit eu est congue elementum. In hac habitasse platea dictumst. Morbi vestibulum, velit id pretium iaculis, diam erat fermentum justo, nec condimentum neque sapien placerat ante. Nulla justo. Aliquam quis turpis eget elit sodales scelerisque.');
insert into MESSAGE (id, time, user_id, e_mail, name, subject, text) values (75, '2020-09-29 12:52:30', 15, 'bpringer22@tripadvisor.com', 'stippetts22', 'vivamus vel nulla eget eros elementum pellentesque quisque porta volutpat erat quisque erat eros viverra', 'Sed accumsan felis. Ut at dolor quis odio consequat varius.');
insert into MESSAGE (id, time, user_id, e_mail, name, subject, text) values (76, '2019-09-11 14:12:24', 18, 'cgiraudot23@soup.io', 'mrominov23', 'aliquet massa id lobortis convallis tortor risus dapibus augue vel accumsan tellus', 'Maecenas pulvinar lobortis est. Phasellus sit amet erat. Nulla tempus. Vivamus in felis eu sapien cursus vestibulum.');
insert into MESSAGE (id, time, user_id, e_mail, name, subject, text) values (77, '2019-01-28 06:02:02', 23, 'hantcliff24@tamu.edu', 'fmacvean24', 'neque duis bibendum morbi non quam nec dui luctus rutrum nulla', 'Duis consequat dui nec nisi volutpat eleifend. Donec ut dolor. Morbi vel lectus in quam fringilla rhoncus. Mauris enim leo, rhoncus sed, vestibulum sit amet, cursus id, turpis. Integer aliquet, massa id lobortis convallis, tortor risus dapibus augue, vel accumsan tellus nisi eu orci. Mauris lacinia sapien quis libero. Nullam sit amet turpis elementum ligula vehicula consequat. Morbi a ipsum.');
insert into MESSAGE (id, time, user_id, e_mail, name, subject, text) values (78, '2019-04-01 18:21:30', 23, 'llassen25@omniture.com', 'iminet25', 'vitae mattis nibh ligula nec sem duis aliquam convallis nunc proin at turpis a pede posuere nonummy integer non velit', 'Donec dapibus.');
insert into MESSAGE (id, time, user_id, e_mail, name, subject, text) values (79, '2019-10-05 20:13:47', 15, 'bwallas26@pcworld.com', 'dloxston26', 'mauris vulputate elementum nullam varius nulla facilisi cras non velit nec nisi vulputate nonummy maecenas tincidunt lacus at', 'Sed vel enim sit amet nunc viverra dapibus. Nulla suscipit ligula in lacus. Curabitur at ipsum ac tellus semper interdum. Mauris ullamcorper purus sit amet nulla.');
insert into MESSAGE (id, time, user_id, e_mail, name, subject, text) values (80, '2020-06-22 20:20:15', 15, 'dpossel27@yahoo.com', 'bmckeney27', 'cursus urna ut tellus nulla ut erat id mauris vulputate elementum nullam varius nulla facilisi cras', 'Donec dapibus. Duis at velit eu est congue elementum. In hac habitasse platea dictumst. Morbi vestibulum, velit id pretium iaculis, diam erat fermentum justo, nec condimentum neque sapien placerat ante. Nulla justo. Aliquam quis turpis eget elit sodales scelerisque. Mauris sit amet eros. Suspendisse accumsan tortor quis turpis. Sed ante.');
insert into MESSAGE (id, time, user_id, e_mail, name, subject, text) values (81, '2019-11-14 18:51:12', 20, 'tgreswell28@theglobeandmail.com', 'jornils28', 'proin interdum mauris non ligula pellentesque ultrices phasellus id sapien in sapien iaculis', 'In quis justo. Maecenas rhoncus aliquam lacus. Morbi quis tortor id nulla ultrices aliquet. Maecenas leo odio, condimentum id, luctus nec, molestie sed, justo. Pellentesque viverra pede ac diam. Cras pellentesque volutpat dui. Maecenas tristique, est et tempus semper, est quam pharetra magna, ac consequat metus sapien ut nunc. Vestibulum ante ipsum primis in faucibus orci luctus et ultrices posuere cubilia Curae; Mauris viverra diam vitae quam.');
insert into MESSAGE (id, time, user_id, e_mail, name, subject, text) values (82, '2019-01-03 06:24:43', 17, 'ngindghill29@slideshare.net', 'gkuschke29', 'ipsum primis in faucibus orci luctus et ultrices posuere cubilia curae nulla dapibus dolor vel est donec', 'Vestibulum ante ipsum primis in faucibus orci luctus et ultrices posuere cubilia Curae; Donec pharetra, magna vestibulum aliquet ultrices, erat tortor sollicitudin mi, sit amet lobortis sapien sapien non mi. Integer ac neque. Duis bibendum. Morbi non quam nec dui luctus rutrum. Nulla tellus. In sagittis dui vel nisl. Duis ac nibh. Fusce lacus purus, aliquet at, feugiat non, pretium quis, lectus. Suspendisse potenti.');
insert into MESSAGE (id, time, user_id, e_mail, name, subject, text) values (83, '2020-08-12 14:45:12', 19, 'galdersey2a@wisc.edu', 'dairey2a', 'morbi vel lectus in quam fringilla rhoncus mauris enim leo rhoncus sed vestibulum', 'Mauris enim leo, rhoncus sed, vestibulum sit amet, cursus id, turpis. Integer aliquet, massa id lobortis convallis, tortor risus dapibus augue, vel accumsan tellus nisi eu orci. Mauris lacinia sapien quis libero. Nullam sit amet turpis elementum ligula vehicula consequat. Morbi a ipsum.');
insert into MESSAGE (id, time, user_id, e_mail, name, subject, text) values (84, '2018-04-02 07:42:16', 6, 'bberthe2b@tamu.edu', 'mgrigson2b', 'cum sociis natoque penatibus et magnis dis parturient montes nascetur ridiculus mus etiam', 'Nulla mollis molestie lorem. Quisque ut erat. Curabitur gravida nisi at nibh. In hac habitasse platea dictumst. Aliquam augue quam, sollicitudin vitae, consectetuer eget, rutrum at, lorem. Integer tincidunt ante vel ipsum. Praesent blandit lacinia erat. Vestibulum sed magna at nunc commodo placerat. Praesent blandit. Nam nulla.');
insert into MESSAGE (id, time, user_id, e_mail, name, subject, text) values (85, '2019-03-29 07:01:01', 20, 'wovise2c@hexun.com', 'mdewis2c', 'rutrum rutrum neque aenean auctor gravida sem praesent id massa', 'Duis mattis egestas metus. Aenean fermentum. Donec ut mauris eget massa tempor convallis. Nulla neque libero, convallis eget, eleifend luctus, ultricies eu, nibh. Quisque id justo sit amet sapien dignissim vestibulum. Vestibulum ante ipsum primis in faucibus orci luctus et ultrices posuere cubilia Curae; Nulla dapibus dolor vel est. Donec odio justo, sollicitudin ut, suscipit a, feugiat et, eros.');
insert into MESSAGE (id, time, user_id, e_mail, name, subject, text) values (86, '2019-02-13 21:08:49', 17, 'jarrol2d@wsj.com', 'sgeyton2d', 'quis tortor id nulla ultrices aliquet maecenas leo odio condimentum id luctus nec', 'Aliquam augue quam, sollicitudin vitae, consectetuer eget, rutrum at, lorem. Integer tincidunt ante vel ipsum. Praesent blandit lacinia erat. Vestibulum sed magna at nunc commodo placerat. Praesent blandit.');
insert into MESSAGE (id, time, user_id, e_mail, name, subject, text) values (87, '2020-08-11 21:26:14', 7, 'sblewis2e@marketwatch.com', 'dgogay2e', 'primis in faucibus orci luctus et ultrices posuere cubilia curae', 'Cras in purus eu magna vulputate luctus. Cum sociis natoque penatibus et magnis dis parturient montes, nascetur ridiculus mus. Vivamus vestibulum sagittis sapien.');
insert into MESSAGE (id, time, user_id, e_mail, name, subject, text) values (88, '2018-11-18 01:09:56', 7, 'mwesgate2f@marketwatch.com', 'mplease2f', 'quisque ut erat curabitur gravida nisi at nibh in hac habitasse platea dictumst aliquam', 'Duis bibendum. Morbi non quam nec dui luctus rutrum. Nulla tellus.');
insert into MESSAGE (id, time, user_id, e_mail, name, subject, text) values (89, '2018-09-07 21:38:52', 9, 'fdoust2g@issuu.com', 'jhargreves2g', 'nec condimentum neque sapien placerat ante nulla justo aliquam quis', 'Cras non velit nec nisi vulputate nonummy. Maecenas tincidunt lacus at velit. Vivamus vel nulla eget eros elementum pellentesque. Quisque porta volutpat erat.');
insert into MESSAGE (id, time, user_id, e_mail, name, subject, text) values (90, '2018-11-01 07:39:30', 3, 'rslee2h@comcast.net', 'wfysh2h', 'quam turpis adipiscing lorem vitae mattis nibh ligula nec sem duis aliquam convallis nunc proin at', 'Vestibulum ante ipsum primis in faucibus orci luctus et ultrices posuere cubilia Curae; Duis faucibus accumsan odio. Curabitur convallis. Duis consequat dui nec nisi volutpat eleifend. Donec ut dolor. Morbi vel lectus in quam fringilla rhoncus.');
insert into MESSAGE (id, time, user_id, e_mail, name, subject, text) values (91, '2020-05-04 10:20:50', 23, 'dquested2i@hao123.com', 'vcanacott2i', 'id nulla ultrices aliquet maecenas leo odio condimentum id luctus nec molestie sed justo pellentesque viverra pede ac diam cras', 'Donec odio justo, sollicitudin ut, suscipit a, feugiat et, eros. Vestibulum ac est lacinia nisi venenatis tristique. Fusce congue, diam id ornare imperdiet, sapien urna pretium nisl, ut volutpat sapien arcu sed augue. Aliquam erat volutpat. In congue. Etiam justo. Etiam pretium iaculis justo. In hac habitasse platea dictumst. Etiam faucibus cursus urna.');
insert into MESSAGE (id, time, user_id, e_mail, name, subject, text) values (92, '2020-05-30 05:24:41', 19, 'ekettridge2j@behance.net', 'abowery2j', 'massa id lobortis convallis tortor risus dapibus augue vel accumsan tellus nisi eu orci', 'Nam congue, risus semper porta volutpat, quam pede lobortis ligula, sit amet eleifend pede libero quis orci. Nullam molestie nibh in lectus. Pellentesque at nulla. Suspendisse potenti. Cras in purus eu magna vulputate luctus. Cum sociis natoque penatibus et magnis dis parturient montes, nascetur ridiculus mus. Vivamus vestibulum sagittis sapien.');
insert into MESSAGE (id, time, user_id, e_mail, name, subject, text) values (93, '2018-08-25 23:31:33', 7, 'mjosovitz2k@blogtalkradio.com', 'nkehri2k', 'venenatis tristique fusce congue diam id ornare imperdiet sapien urna pretium nisl ut volutpat sapien arcu sed augue aliquam', 'Phasellus in felis. Donec semper sapien a libero. Nam dui. Proin leo odio, porttitor id, consequat in, consequat ut, nulla. Sed accumsan felis. Ut at dolor quis odio consequat varius. Integer ac leo. Pellentesque ultrices mattis odio. Donec vitae nisi.');
insert into MESSAGE (id, time, user_id, e_mail, name, subject, text) values (94, '2019-02-14 23:14:30', 5, 'dweavill2l@theguardian.com', 'dtownend2l', 'turpis enim blandit mi in porttitor pede justo eu massa donec', 'Morbi sem mauris, laoreet ut, rhoncus aliquet, pulvinar sed, nisl. Nunc rhoncus dui vel sem.');
insert into MESSAGE (id, time, user_id, e_mail, name, subject, text) values (95, '2018-08-03 05:53:25', 23, 'bzanuciolii2m@hatena.ne.jp', 'wosullivan2m', 'auctor gravida sem praesent id massa id nisl venenatis lacinia aenean sit amet justo', 'Duis at velit eu est congue elementum. In hac habitasse platea dictumst. Morbi vestibulum, velit id pretium iaculis, diam erat fermentum justo, nec condimentum neque sapien placerat ante. Nulla justo. Aliquam quis turpis eget elit sodales scelerisque. Mauris sit amet eros. Suspendisse accumsan tortor quis turpis. Sed ante. Vivamus tortor. Duis mattis egestas metus.');
insert into MESSAGE (id, time, user_id, e_mail, name, subject, text) values (96, '2020-02-14 08:30:48', 23, 'gjanway2n@hhs.gov', 'zchrippes2n', 'dapibus augue vel accumsan tellus nisi eu orci mauris lacinia sapien quis libero nullam sit amet turpis', 'Integer tincidunt ante vel ipsum. Praesent blandit lacinia erat. Vestibulum sed magna at nunc commodo placerat. Praesent blandit. Nam nulla. Integer pede justo, lacinia eget, tincidunt eget, tempus vel, pede. Morbi porttitor lorem id ligula.');
insert into MESSAGE (id, time, user_id, e_mail, name, subject, text) values (97, '2020-07-31 03:39:20', 22, 'abloom2o@amazonaws.com', 'igaitley2o', 'lorem integer tincidunt ante vel ipsum praesent blandit lacinia erat vestibulum sed magna at nunc commodo placerat praesent', 'Fusce lacus purus, aliquet at, feugiat non, pretium quis, lectus. Suspendisse potenti. In eleifend quam a odio.');
insert into MESSAGE (id, time, user_id, e_mail, name, subject, text) values (98, '2020-03-07 16:13:35', 11, 'tedworthye2p@deviantart.com', 'rbenton2p', 'in hac habitasse platea dictumst aliquam augue quam sollicitudin vitae consectetuer eget rutrum at lorem', 'Quisque arcu libero, rutrum ac, lobortis vel, dapibus at, diam. Nam tristique tortor eu pede.');
insert into MESSAGE (id, time, user_id, e_mail, name, subject, text) values (99, '2019-07-21 19:53:40', 18, 'ataaffe2q@narod.ru', 'ringlis2q', 'sit amet consectetuer adipiscing elit proin risus praesent lectus vestibulum quam sapien varius ut blandit non interdum in ante', 'Suspendisse potenti.');
insert into MESSAGE (id, time, user_id, e_mail, name, subject, text) values (100, '2020-12-01 12:23:21', 6, 'lnears2r@wired.com', 'arousby2r', 'risus auctor sed tristique in tempus sit amet sem fusce consequat nulla nisl nunc nisl', 'Donec vitae nisi. Nam ultrices, libero non mattis pulvinar, nulla pede ullamcorper augue, a suscipit nulla elit ac nulla. Sed vel enim sit amet nunc viverra dapibus. Nulla suscipit ligula in lacus. Curabitur at ipsum ac tellus semper interdum. Mauris ullamcorper purus sit amet nulla. Quisque arcu libero, rutrum ac, lobortis vel, dapibus at, diam. Nam tristique tortor eu pede.');
insert into MESSAGE (id, time, user_id, e_mail, name, subject, text) values (101, '2018-09-04 02:46:45', 2, 'challock2s@constantcontact.com', 'lpudsey2s', 'natoque penatibus et magnis dis parturient montes nascetur ridiculus mus', 'Praesent id massa id nisl venenatis lacinia. Aenean sit amet justo. Morbi ut odio.');
insert into MESSAGE (id, time, user_id, e_mail, name, subject, text) values (102, '2020-09-21 11:42:31', 5, 'litzakson2t@hostgator.com', 'nrusbridge2t', 'erat curabitur gravida nisi at nibh in hac habitasse platea dictumst aliquam augue quam', 'Integer tincidunt ante vel ipsum. Praesent blandit lacinia erat. Vestibulum sed magna at nunc commodo placerat. Praesent blandit. Nam nulla. Integer pede justo, lacinia eget, tincidunt eget, tempus vel, pede. Morbi porttitor lorem id ligula. Suspendisse ornare consequat lectus.');
insert into MESSAGE (id, time, user_id, e_mail, name, subject, text) values (103, '2019-01-14 22:23:46', 11, 'abutcher2u@ebay.co.uk', 'obrockhouse2u', 'pharetra magna vestibulum aliquet ultrices erat tortor sollicitudin mi sit amet lobortis sapien sapien non mi integer', 'Morbi non quam nec dui luctus rutrum. Nulla tellus. In sagittis dui vel nisl. Duis ac nibh. Fusce lacus purus, aliquet at, feugiat non, pretium quis, lectus. Suspendisse potenti. In eleifend quam a odio. In hac habitasse platea dictumst.');
insert into MESSAGE (id, time, user_id, e_mail, name, subject, text) values (104, '2021-01-16 04:19:20', 11, 'melcum2v@storify.com', 'eplumm2v', 'primis in faucibus orci luctus et ultrices posuere cubilia curae duis faucibus accumsan odio curabitur convallis', 'Nulla tempus. Vivamus in felis eu sapien cursus vestibulum. Proin eu mi. Nulla ac enim. In tempor, turpis nec euismod scelerisque, quam turpis adipiscing lorem, vitae mattis nibh ligula nec sem. Duis aliquam convallis nunc. Proin at turpis a pede posuere nonummy.');
insert into MESSAGE (id, time, user_id, e_mail, name, subject, text) values (105, '2018-11-02 15:32:01', 3, 'amerill2w@edublogs.org', 'mcouling2w', 'enim in tempor turpis nec euismod scelerisque quam turpis adipiscing lorem', 'Morbi ut odio. Cras mi pede, malesuada in, imperdiet et, commodo vulputate, justo.');
insert into MESSAGE (id, time, user_id, e_mail, name, subject, text) values (106, '2020-06-27 11:44:19', 9, 'asoden2x@ning.com', 'jmulqueen2x', 'accumsan tellus nisi eu orci mauris lacinia sapien quis libero nullam sit amet turpis elementum ligula vehicula consequat morbi', 'Nullam sit amet turpis elementum ligula vehicula consequat. Morbi a ipsum. Integer a nibh. In quis justo. Maecenas rhoncus aliquam lacus. Morbi quis tortor id nulla ultrices aliquet. Maecenas leo odio, condimentum id, luctus nec, molestie sed, justo. Pellentesque viverra pede ac diam. Cras pellentesque volutpat dui. Maecenas tristique, est et tempus semper, est quam pharetra magna, ac consequat metus sapien ut nunc.');
insert into MESSAGE (id, time, user_id, e_mail, name, subject, text) values (107, '2020-12-25 00:30:16', 17, 'ogoldin2y@cafepress.com', 'ddecaville2y', 'justo aliquam quis turpis eget elit sodales scelerisque mauris sit amet eros suspendisse accumsan tortor quis turpis sed ante', 'Pellentesque eget nunc. Donec quis orci eget orci vehicula condimentum. Curabitur in libero ut massa volutpat convallis.');
insert into MESSAGE (id, time, user_id, e_mail, name, subject, text) values (108, '2019-10-19 11:46:39', 17, 'ryarnell2z@over-blog.com', 'bbalint2z', 'suscipit ligula in lacus curabitur at ipsum ac tellus semper interdum mauris ullamcorper purus sit', 'Vestibulum ante ipsum primis in faucibus orci luctus et ultrices posuere cubilia Curae; Mauris viverra diam vitae quam. Suspendisse potenti. Nullam porttitor lacus at turpis. Donec posuere metus vitae ipsum. Aliquam non mauris. Morbi non lectus. Aliquam sit amet diam in magna bibendum imperdiet.');
insert into MESSAGE (id, time, user_id, e_mail, name, subject, text) values (109, '2018-12-13 18:22:05', 20, 'gmozzi30@people.com.cn', 'kscarfe30', 'id sapien in sapien iaculis congue vivamus metus arcu adipiscing molestie hendrerit at vulputate', 'Cras non velit nec nisi vulputate nonummy. Maecenas tincidunt lacus at velit. Vivamus vel nulla eget eros elementum pellentesque. Quisque porta volutpat erat. Quisque erat eros, viverra eget, congue eget, semper rutrum, nulla.');
insert into MESSAGE (id, time, user_id, e_mail, name, subject, text) values (110, '2021-02-23 08:58:44', 2, 'cpheasey31@123-reg.co.uk', 'ddrysdale31', 'justo maecenas rhoncus aliquam lacus morbi quis tortor id nulla ultrices aliquet maecenas leo odio condimentum id luctus nec', 'Lorem ipsum dolor sit amet, consectetuer adipiscing elit.');
insert into MESSAGE (id, time, user_id, e_mail, name, subject, text) values (111, '2020-04-02 01:48:27', 21, 'emackissack32@prlog.org', 'rgorhardt32', 'vestibulum proin eu mi nulla ac enim in tempor turpis', 'In quis justo. Maecenas rhoncus aliquam lacus. Morbi quis tortor id nulla ultrices aliquet. Maecenas leo odio, condimentum id, luctus nec, molestie sed, justo. Pellentesque viverra pede ac diam. Cras pellentesque volutpat dui.');
insert into MESSAGE (id, time, user_id, e_mail, name, subject, text) values (112, '2019-06-27 10:52:11', 12, 'hbroadhead33@intel.com', 'bholehouse33', 'nibh in lectus pellentesque at nulla suspendisse potenti cras in purus eu magna', 'In congue. Etiam justo. Etiam pretium iaculis justo. In hac habitasse platea dictumst. Etiam faucibus cursus urna. Ut tellus. Nulla ut erat id mauris vulputate elementum.');
insert into MESSAGE (id, time, user_id, e_mail, name, subject, text) values (113, '2020-11-15 13:59:28', 22, 'grichardet34@smh.com.au', 'hdifrancecshi34', 'lectus pellentesque eget nunc donec quis orci eget orci vehicula condimentum curabitur in libero ut massa volutpat', 'Morbi a ipsum. Integer a nibh.');
insert into MESSAGE (id, time, user_id, e_mail, name, subject, text) values (114, '2019-07-03 21:37:28', 13, 'abarnsdale35@ovh.net', 'bglaister35', 'diam cras pellentesque volutpat dui maecenas tristique est et tempus semper est quam pharetra magna ac consequat', 'Vestibulum ante ipsum primis in faucibus orci luctus et ultrices posuere cubilia Curae; Mauris viverra diam vitae quam.');
insert into MESSAGE (id, time, user_id, e_mail, name, subject, text) values (115, '2019-01-25 23:09:02', 13, 'kantoniades36@privacy.gov.au', 'aellerbeck36', 'auctor gravida sem praesent id massa id nisl venenatis lacinia aenean sit amet', 'Integer ac leo. Pellentesque ultrices mattis odio. Donec vitae nisi. Nam ultrices, libero non mattis pulvinar, nulla pede ullamcorper augue, a suscipit nulla elit ac nulla. Sed vel enim sit amet nunc viverra dapibus. Nulla suscipit ligula in lacus. Curabitur at ipsum ac tellus semper interdum. Mauris ullamcorper purus sit amet nulla. Quisque arcu libero, rutrum ac, lobortis vel, dapibus at, diam. Nam tristique tortor eu pede.');
insert into MESSAGE (id, time, user_id, e_mail, name, subject, text) values (116, '2020-08-31 22:02:28', 13, 'odmtrovic37@ted.com', 'abudd37', 'venenatis lacinia aenean sit amet justo morbi ut odio cras mi pede malesuada in imperdiet et', 'Integer aliquet, massa id lobortis convallis, tortor risus dapibus augue, vel accumsan tellus nisi eu orci.');
insert into MESSAGE (id, time, user_id, e_mail, name, subject, text) values (117, '2019-08-01 20:47:44', 7, 'cclimer38@columbia.edu', 'pwilding38', 'vestibulum aliquet ultrices erat tortor sollicitudin mi sit amet lobortis sapien sapien non', 'Curabitur gravida nisi at nibh. In hac habitasse platea dictumst. Aliquam augue quam, sollicitudin vitae, consectetuer eget, rutrum at, lorem.');
insert into MESSAGE (id, time, user_id, e_mail, name, subject, text) values (118, '2018-10-01 02:12:06', 8, 'ycofax39@gmpg.org', 'jjiroutka39', 'morbi ut odio cras mi pede malesuada in imperdiet et commodo vulputate justo in blandit ultrices enim lorem', 'Aliquam sit amet diam in magna bibendum imperdiet. Nullam orci pede, venenatis non, sodales sed, tincidunt eu, felis. Fusce posuere felis sed lacus. Morbi sem mauris, laoreet ut, rhoncus aliquet, pulvinar sed, nisl. Nunc rhoncus dui vel sem. Sed sagittis.');
insert into MESSAGE (id, time, user_id, e_mail, name, subject, text) values (119, '2019-05-04 00:28:38', 22, 'ecasin3a@sciencedaily.com', 'glage3a', 'hac habitasse platea dictumst morbi vestibulum velit id pretium iaculis diam erat fermentum justo nec condimentum neque sapien placerat', 'Vestibulum ante ipsum primis in faucibus orci luctus et ultrices posuere cubilia Curae; Duis faucibus accumsan odio. Curabitur convallis. Duis consequat dui nec nisi volutpat eleifend. Donec ut dolor. Morbi vel lectus in quam fringilla rhoncus. Mauris enim leo, rhoncus sed, vestibulum sit amet, cursus id, turpis. Integer aliquet, massa id lobortis convallis, tortor risus dapibus augue, vel accumsan tellus nisi eu orci. Mauris lacinia sapien quis libero. Nullam sit amet turpis elementum ligula vehicula consequat.');
insert into MESSAGE (id, time, user_id, e_mail, name, subject, text) values (120, '2020-06-09 05:35:33', 17, 'dswede3b@home.pl', 'lstonestreet3b', 'vitae consectetuer eget rutrum at lorem integer tincidunt ante vel ipsum praesent blandit lacinia erat', 'In hac habitasse platea dictumst. Maecenas ut massa quis augue luctus tincidunt. Nulla mollis molestie lorem. Quisque ut erat. Curabitur gravida nisi at nibh. In hac habitasse platea dictumst. Aliquam augue quam, sollicitudin vitae, consectetuer eget, rutrum at, lorem.');
insert into MESSAGE (id, time, user_id, e_mail, name, subject, text) values (121, '2018-09-14 17:51:31', 5, 'aduffit3c@discuz.net', 'smacarte3c', 'nulla ultrices aliquet maecenas leo odio condimentum id luctus nec', 'Vivamus in felis eu sapien cursus vestibulum. Proin eu mi. Nulla ac enim. In tempor, turpis nec euismod scelerisque, quam turpis adipiscing lorem, vitae mattis nibh ligula nec sem. Duis aliquam convallis nunc. Proin at turpis a pede posuere nonummy. Integer non velit. Donec diam neque, vestibulum eget, vulputate ut, ultrices vel, augue.');
insert into MESSAGE (id, time, user_id, e_mail, name, subject, text) values (122, '2020-04-22 01:04:50', 5, 'kpretsell3d@japanpost.jp', 'bganford3d', 'donec semper sapien a libero nam dui proin leo odio porttitor id consequat in consequat ut nulla sed accumsan felis', 'Vestibulum quam sapien, varius ut, blandit non, interdum in, ante. Vestibulum ante ipsum primis in faucibus orci luctus et ultrices posuere cubilia Curae; Duis faucibus accumsan odio.');
insert into MESSAGE (id, time, user_id, e_mail, name, subject, text) values (123, '2020-10-06 11:10:23', 3, 'rturfes3e@about.me', 'jdegoe3e', 'orci pede venenatis non sodales sed tincidunt eu felis fusce posuere felis sed lacus morbi sem mauris laoreet', 'Duis bibendum, felis sed interdum venenatis, turpis enim blandit mi, in porttitor pede justo eu massa. Donec dapibus. Duis at velit eu est congue elementum. In hac habitasse platea dictumst. Morbi vestibulum, velit id pretium iaculis, diam erat fermentum justo, nec condimentum neque sapien placerat ante.');
insert into MESSAGE (id, time, user_id, e_mail, name, subject, text) values (124, '2018-10-12 11:37:15', 19, 'ggolsworthy3f@ask.com', 'lmcquillin3f', 'nulla ac enim in tempor turpis nec euismod scelerisque quam turpis adipiscing lorem vitae mattis nibh', 'Suspendisse ornare consequat lectus. In est risus, auctor sed, tristique in, tempus sit amet, sem. Fusce consequat. Nulla nisl.');
insert into MESSAGE (id, time, user_id, e_mail, name, subject, text) values (125, '2020-01-05 04:12:27', 7, 'jwife3g@bigcartel.com', 'bcapoun3g', 'lorem vitae mattis nibh ligula nec sem duis aliquam convallis nunc', 'Morbi non lectus. Aliquam sit amet diam in magna bibendum imperdiet. Nullam orci pede, venenatis non, sodales sed, tincidunt eu, felis. Fusce posuere felis sed lacus. Morbi sem mauris, laoreet ut, rhoncus aliquet, pulvinar sed, nisl. Nunc rhoncus dui vel sem. Sed sagittis. Nam congue, risus semper porta volutpat, quam pede lobortis ligula, sit amet eleifend pede libero quis orci. Nullam molestie nibh in lectus. Pellentesque at nulla.');
insert into MESSAGE (id, time, user_id, e_mail, name, subject, text) values (126, '2019-03-28 04:51:17', 14, 'btompion3h@yellowbook.com', 'mbuxcey3h', 'sapien in sapien iaculis congue vivamus metus arcu adipiscing molestie hendrerit at vulputate', 'Phasellus id sapien in sapien iaculis congue. Vivamus metus arcu, adipiscing molestie, hendrerit at, vulputate vitae, nisl. Aenean lectus. Pellentesque eget nunc. Donec quis orci eget orci vehicula condimentum. Curabitur in libero ut massa volutpat convallis. Morbi odio odio, elementum eu, interdum eu, tincidunt in, leo.');
insert into MESSAGE (id, time, user_id, e_mail, name, subject, text) values (127, '2020-12-05 08:33:35', 14, 'eamy3i@furl.net', 'aorae3i', 'felis eu sapien cursus vestibulum proin eu mi nulla ac enim in tempor turpis nec', 'Duis consequat dui nec nisi volutpat eleifend. Donec ut dolor. Morbi vel lectus in quam fringilla rhoncus. Mauris enim leo, rhoncus sed, vestibulum sit amet, cursus id, turpis. Integer aliquet, massa id lobortis convallis, tortor risus dapibus augue, vel accumsan tellus nisi eu orci. Mauris lacinia sapien quis libero. Nullam sit amet turpis elementum ligula vehicula consequat.');
insert into MESSAGE (id, time, user_id, e_mail, name, subject, text) values (128, '2019-05-02 03:16:21', 12, 'jsanger3j@hibu.com', 'cklementz3j', 'rhoncus sed vestibulum sit amet cursus id turpis integer aliquet massa id lobortis', 'Donec semper sapien a libero. Nam dui. Proin leo odio, porttitor id, consequat in, consequat ut, nulla. Sed accumsan felis. Ut at dolor quis odio consequat varius. Integer ac leo. Pellentesque ultrices mattis odio. Donec vitae nisi. Nam ultrices, libero non mattis pulvinar, nulla pede ullamcorper augue, a suscipit nulla elit ac nulla. Sed vel enim sit amet nunc viverra dapibus.');
insert into MESSAGE (id, time, user_id, e_mail, name, subject, text) values (129, '2020-04-21 06:54:39', 3, 'rwray3k@auda.org.au', 'xgoatcher3k', 'dui maecenas tristique est et tempus semper est quam pharetra magna ac consequat metus sapien ut nunc', 'Aliquam augue quam, sollicitudin vitae, consectetuer eget, rutrum at, lorem. Integer tincidunt ante vel ipsum. Praesent blandit lacinia erat. Vestibulum sed magna at nunc commodo placerat. Praesent blandit. Nam nulla. Integer pede justo, lacinia eget, tincidunt eget, tempus vel, pede. Morbi porttitor lorem id ligula. Suspendisse ornare consequat lectus. In est risus, auctor sed, tristique in, tempus sit amet, sem.');
insert into MESSAGE (id, time, user_id, e_mail, name, subject, text) values (130, '2019-06-26 01:01:32', 15, 'wtruckell3l@craigslist.org', 'ewilbud3l', 'vestibulum rutrum rutrum neque aenean auctor gravida sem praesent id massa id nisl venenatis lacinia aenean sit amet justo', 'Nullam molestie nibh in lectus. Pellentesque at nulla. Suspendisse potenti. Cras in purus eu magna vulputate luctus.');
insert into MESSAGE (id, time, user_id, e_mail, name, subject, text) values (131, '2019-05-07 02:50:37', 16, 'hcharette3m@virginia.edu', 'acheshir3m', 'mauris sit amet eros suspendisse accumsan tortor quis turpis sed ante', 'Cras mi pede, malesuada in, imperdiet et, commodo vulputate, justo. In blandit ultrices enim. Lorem ipsum dolor sit amet, consectetuer adipiscing elit.');
insert into MESSAGE (id, time, user_id, e_mail, name, subject, text) values (132, '2019-01-05 18:50:31', 8, 'lozelton3n@foxnews.com', 'babrey3n', 'eget orci vehicula condimentum curabitur in libero ut massa volutpat convallis morbi odio odio elementum eu interdum', 'In hac habitasse platea dictumst. Aliquam augue quam, sollicitudin vitae, consectetuer eget, rutrum at, lorem. Integer tincidunt ante vel ipsum. Praesent blandit lacinia erat. Vestibulum sed magna at nunc commodo placerat. Praesent blandit. Nam nulla. Integer pede justo, lacinia eget, tincidunt eget, tempus vel, pede. Morbi porttitor lorem id ligula.');
insert into MESSAGE (id, time, user_id, e_mail, name, subject, text) values (133, '2020-04-16 07:11:31', 19, 'teldrett3o@theatlantic.com', 'gcowlishaw3o', 'luctus et ultrices posuere cubilia curae duis faucibus accumsan odio curabitur convallis duis consequat dui nec nisi volutpat', 'Nulla suscipit ligula in lacus.');
insert into MESSAGE (id, time, user_id, e_mail, name, subject, text) values (134, '2020-07-01 09:41:23', 19, 'dkubal3p@wordpress.com', 'mstreatley3p', 'leo pellentesque ultrices mattis odio donec vitae nisi nam ultrices libero non mattis pulvinar nulla pede ullamcorper', 'Integer a nibh.');
insert into MESSAGE (id, time, user_id, e_mail, name, subject, text) values (135, '2020-08-28 04:38:12', 21, 'snuttall3q@bluehost.com', 'nmcfarlane3q', 'non velit donec diam neque vestibulum eget vulputate ut ultrices vel augue vestibulum ante ipsum primis in faucibus orci', 'Cras mi pede, malesuada in, imperdiet et, commodo vulputate, justo. In blandit ultrices enim. Lorem ipsum dolor sit amet, consectetuer adipiscing elit. Proin interdum mauris non ligula pellentesque ultrices. Phasellus id sapien in sapien iaculis congue. Vivamus metus arcu, adipiscing molestie, hendrerit at, vulputate vitae, nisl. Aenean lectus. Pellentesque eget nunc. Donec quis orci eget orci vehicula condimentum.');
insert into MESSAGE (id, time, user_id, e_mail, name, subject, text) values (136, '2018-06-19 02:51:21', 17, 'coilier3r@alibaba.com', 'kbastow3r', 'donec semper sapien a libero nam dui proin leo odio porttitor id consequat', 'Nulla neque libero, convallis eget, eleifend luctus, ultricies eu, nibh. Quisque id justo sit amet sapien dignissim vestibulum. Vestibulum ante ipsum primis in faucibus orci luctus et ultrices posuere cubilia Curae; Nulla dapibus dolor vel est. Donec odio justo, sollicitudin ut, suscipit a, feugiat et, eros. Vestibulum ac est lacinia nisi venenatis tristique. Fusce congue, diam id ornare imperdiet, sapien urna pretium nisl, ut volutpat sapien arcu sed augue. Aliquam erat volutpat. In congue. Etiam justo.');
insert into MESSAGE (id, time, user_id, e_mail, name, subject, text) values (137, '2018-09-04 14:23:28', 15, 'fleiden3s@techcrunch.com', 'spodd3s', 'nisl ut volutpat sapien arcu sed augue aliquam erat volutpat in congue etiam justo etiam pretium iaculis justo', 'Duis aliquam convallis nunc. Proin at turpis a pede posuere nonummy. Integer non velit.');
insert into MESSAGE (id, time, user_id, e_mail, name, subject, text) values (138, '2019-06-23 21:15:50', 13, 'mfirks3t@nih.gov', 'studball3t', 'mauris lacinia sapien quis libero nullam sit amet turpis elementum ligula vehicula consequat morbi a ipsum integer', 'Proin leo odio, porttitor id, consequat in, consequat ut, nulla. Sed accumsan felis. Ut at dolor quis odio consequat varius. Integer ac leo. Pellentesque ultrices mattis odio. Donec vitae nisi.');
insert into MESSAGE (id, time, user_id, e_mail, name, subject, text) values (139, '2019-09-30 21:20:37', 22, 'cmaddie3u@tumblr.com', 'rwormleighton3u', 'mattis odio donec vitae nisi nam ultrices libero non mattis pulvinar nulla pede ullamcorper augue a suscipit nulla elit', 'Nam nulla. Integer pede justo, lacinia eget, tincidunt eget, tempus vel, pede.');
insert into MESSAGE (id, time, user_id, e_mail, name, subject, text) values (140, '2019-02-17 19:29:01', 6, 'rhalton3v@elegantthemes.com', 'scrack3v', 'aenean auctor gravida sem praesent id massa id nisl venenatis lacinia aenean sit amet justo morbi ut odio cras', 'Proin eu mi. Nulla ac enim. In tempor, turpis nec euismod scelerisque, quam turpis adipiscing lorem, vitae mattis nibh ligula nec sem. Duis aliquam convallis nunc. Proin at turpis a pede posuere nonummy. Integer non velit. Donec diam neque, vestibulum eget, vulputate ut, ultrices vel, augue. Vestibulum ante ipsum primis in faucibus orci luctus et ultrices posuere cubilia Curae; Donec pharetra, magna vestibulum aliquet ultrices, erat tortor sollicitudin mi, sit amet lobortis sapien sapien non mi. Integer ac neque. Duis bibendum.');
insert into MESSAGE (id, time, user_id, e_mail, name, subject, text) values (141, '2021-01-26 16:32:38', 18, 'alabel3w@tamu.edu', 'bfalkus3w', 'mauris laoreet ut rhoncus aliquet pulvinar sed nisl nunc rhoncus dui', 'Vestibulum quam sapien, varius ut, blandit non, interdum in, ante. Vestibulum ante ipsum primis in faucibus orci luctus et ultrices posuere cubilia Curae; Duis faucibus accumsan odio. Curabitur convallis. Duis consequat dui nec nisi volutpat eleifend. Donec ut dolor. Morbi vel lectus in quam fringilla rhoncus. Mauris enim leo, rhoncus sed, vestibulum sit amet, cursus id, turpis. Integer aliquet, massa id lobortis convallis, tortor risus dapibus augue, vel accumsan tellus nisi eu orci.');
insert into MESSAGE (id, time, user_id, e_mail, name, subject, text) values (142, '2019-11-28 22:22:29', 12, 'rswayton3x@wisc.edu', 'ndeangelo3x', 'felis ut at dolor quis odio consequat varius integer ac leo pellentesque ultrices mattis odio donec vitae nisi nam ultrices', 'Ut at dolor quis odio consequat varius. Integer ac leo. Pellentesque ultrices mattis odio. Donec vitae nisi. Nam ultrices, libero non mattis pulvinar, nulla pede ullamcorper augue, a suscipit nulla elit ac nulla.');
insert into MESSAGE (id, time, user_id, e_mail, name, subject, text) values (143, '2020-06-23 10:54:15', 17, 'mmccarron3y@amazon.de', 'bdrayn3y', 'eget massa tempor convallis nulla neque libero convallis eget eleifend luctus ultricies eu nibh quisque id', 'Nam nulla. Integer pede justo, lacinia eget, tincidunt eget, tempus vel, pede. Morbi porttitor lorem id ligula. Suspendisse ornare consequat lectus. In est risus, auctor sed, tristique in, tempus sit amet, sem. Fusce consequat. Nulla nisl. Nunc nisl. Duis bibendum, felis sed interdum venenatis, turpis enim blandit mi, in porttitor pede justo eu massa. Donec dapibus.');
insert into MESSAGE (id, time, user_id, e_mail, name, subject, text) values (144, '2020-04-21 10:36:06', 4, 'cpozer3z@smugmug.com', 'aderr3z', 'cras in purus eu magna vulputate luctus cum sociis natoque penatibus et magnis dis parturient montes nascetur ridiculus', 'Donec vitae nisi. Nam ultrices, libero non mattis pulvinar, nulla pede ullamcorper augue, a suscipit nulla elit ac nulla. Sed vel enim sit amet nunc viverra dapibus. Nulla suscipit ligula in lacus.');
insert into MESSAGE (id, time, user_id, e_mail, name, subject, text) values (145, '2020-01-09 10:18:21', 21, 'rdabnot40@usda.gov', 'ejerome40', 'suscipit nulla elit ac nulla sed vel enim sit amet nunc', 'Aenean sit amet justo. Morbi ut odio. Cras mi pede, malesuada in, imperdiet et, commodo vulputate, justo. In blandit ultrices enim. Lorem ipsum dolor sit amet, consectetuer adipiscing elit.');
insert into MESSAGE (id, time, user_id, e_mail, name, subject, text) values (146, '2018-08-16 06:31:52', 10, 'rmore41@gnu.org', 'jkybbye41', 'ante ipsum primis in faucibus orci luctus et ultrices posuere cubilia', 'Duis aliquam convallis nunc. Proin at turpis a pede posuere nonummy. Integer non velit. Donec diam neque, vestibulum eget, vulputate ut, ultrices vel, augue. Vestibulum ante ipsum primis in faucibus orci luctus et ultrices posuere cubilia Curae; Donec pharetra, magna vestibulum aliquet ultrices, erat tortor sollicitudin mi, sit amet lobortis sapien sapien non mi.');
insert into MESSAGE (id, time, user_id, e_mail, name, subject, text) values (147, '2018-11-05 04:30:44', 4, 'bchampain42@bloomberg.com', 'rlattka42', 'donec semper sapien a libero nam dui proin leo odio porttitor id consequat in consequat ut nulla', 'Vivamus vestibulum sagittis sapien. Cum sociis natoque penatibus et magnis dis parturient montes, nascetur ridiculus mus. Etiam vel augue. Vestibulum rutrum rutrum neque. Aenean auctor gravida sem. Praesent id massa id nisl venenatis lacinia. Aenean sit amet justo.');
insert into MESSAGE (id, time, user_id, e_mail, name, subject, text) values (148, '2019-04-15 18:39:30', 17, 'dlevington43@netscape.com', 'gquenby43', 'sed nisl nunc rhoncus dui vel sem sed sagittis nam', 'In hac habitasse platea dictumst. Maecenas ut massa quis augue luctus tincidunt. Nulla mollis molestie lorem. Quisque ut erat. Curabitur gravida nisi at nibh. In hac habitasse platea dictumst. Aliquam augue quam, sollicitudin vitae, consectetuer eget, rutrum at, lorem. Integer tincidunt ante vel ipsum. Praesent blandit lacinia erat.');
insert into MESSAGE (id, time, user_id, e_mail, name, subject, text) values (149, '2021-01-31 04:12:48', 3, 'nmackro44@bigcartel.com', 'kmctrusty44', 'praesent id massa id nisl venenatis lacinia aenean sit amet', 'Integer non velit.');
insert into MESSAGE (id, time, user_id, e_mail, name, subject, text) values (150, '2020-05-25 02:13:00', 5, 'gpargiter45@free.fr', 'cgledhall45', 'cum sociis natoque penatibus et magnis dis parturient montes nascetur ridiculus mus etiam vel', 'Duis at velit eu est congue elementum. In hac habitasse platea dictumst. Morbi vestibulum, velit id pretium iaculis, diam erat fermentum justo, nec condimentum neque sapien placerat ante. Nulla justo. Aliquam quis turpis eget elit sodales scelerisque. Mauris sit amet eros. Suspendisse accumsan tortor quis turpis. Sed ante. Vivamus tortor. Duis mattis egestas metus.');
insert into MESSAGE (id, time, user_id, e_mail, name, subject, text) values (151, '2020-09-02 06:40:31', 14, 'jashenhurst46@google.co.uk', 'rinnot46', 'massa donec dapibus duis at velit eu est congue elementum in hac habitasse platea dictumst morbi vestibulum', 'Aliquam augue quam, sollicitudin vitae, consectetuer eget, rutrum at, lorem. Integer tincidunt ante vel ipsum. Praesent blandit lacinia erat. Vestibulum sed magna at nunc commodo placerat.');
insert into MESSAGE (id, time, user_id, e_mail, name, subject, text) values (152, '2020-02-03 19:43:33', 3, 'rsea47@nhs.uk', 'ktwiggs47', 'turpis integer aliquet massa id lobortis convallis tortor risus dapibus augue vel accumsan tellus nisi eu orci mauris lacinia sapien', 'Vestibulum ante ipsum primis in faucibus orci luctus et ultrices posuere cubilia Curae; Donec pharetra, magna vestibulum aliquet ultrices, erat tortor sollicitudin mi, sit amet lobortis sapien sapien non mi. Integer ac neque. Duis bibendum. Morbi non quam nec dui luctus rutrum. Nulla tellus. In sagittis dui vel nisl.');
insert into MESSAGE (id, time, user_id, e_mail, name, subject, text) values (153, '2019-02-18 00:35:15', 8, 'erengger48@woothemes.com', 'afarress48', 'tristique fusce congue diam id ornare imperdiet sapien urna pretium nisl ut volutpat sapien arcu sed augue', 'Curabitur in libero ut massa volutpat convallis.');
insert into MESSAGE (id, time, user_id, e_mail, name, subject, text) values (154, '2019-05-06 16:24:49', 10, 'ndavidy49@sakura.ne.jp', 'lpowers49', 'maecenas rhoncus aliquam lacus morbi quis tortor id nulla ultrices aliquet maecenas leo', 'Duis at velit eu est congue elementum. In hac habitasse platea dictumst. Morbi vestibulum, velit id pretium iaculis, diam erat fermentum justo, nec condimentum neque sapien placerat ante. Nulla justo. Aliquam quis turpis eget elit sodales scelerisque.');
insert into MESSAGE (id, time, user_id, e_mail, name, subject, text) values (155, '2020-12-24 13:42:48', 14, 'walexsandrev4a@ft.com', 'kcansdale4a', 'et ultrices posuere cubilia curae duis faucibus accumsan odio curabitur convallis duis consequat dui', 'Nulla tellus. In sagittis dui vel nisl. Duis ac nibh. Fusce lacus purus, aliquet at, feugiat non, pretium quis, lectus.');
insert into MESSAGE (id, time, user_id, e_mail, name, subject, text) values (156, '2019-05-05 18:41:06', 6, 'pbattison4b@seattletimes.com', 'mtrudgeon4b', 'arcu libero rutrum ac lobortis vel dapibus at diam nam tristique tortor eu pede', 'Nam nulla. Integer pede justo, lacinia eget, tincidunt eget, tempus vel, pede. Morbi porttitor lorem id ligula. Suspendisse ornare consequat lectus. In est risus, auctor sed, tristique in, tempus sit amet, sem. Fusce consequat. Nulla nisl. Nunc nisl. Duis bibendum, felis sed interdum venenatis, turpis enim blandit mi, in porttitor pede justo eu massa.');
insert into MESSAGE (id, time, user_id, e_mail, name, subject, text) values (157, '2021-02-10 03:46:52', 9, 'cschermick4c@stanford.edu', 'dgrain4c', 'lacus at velit vivamus vel nulla eget eros elementum pellentesque quisque porta volutpat erat quisque erat eros viverra', 'Praesent blandit. Nam nulla. Integer pede justo, lacinia eget, tincidunt eget, tempus vel, pede. Morbi porttitor lorem id ligula.');
insert into MESSAGE (id, time, user_id, e_mail, name, subject, text) values (158, '2019-07-16 15:57:09', 10, 'hhindrick4d@gmpg.org', 'gmanuele4d', 'ipsum dolor sit amet consectetuer adipiscing elit proin risus praesent lectus vestibulum quam sapien varius ut blandit non interdum', 'Quisque arcu libero, rutrum ac, lobortis vel, dapibus at, diam.');
insert into MESSAGE (id, time, user_id, e_mail, name, subject, text) values (159, '2020-06-27 23:11:05', 3, 'ccaban4e@cisco.com', 'crudloff4e', 'pellentesque ultrices phasellus id sapien in sapien iaculis congue vivamus metus arcu adipiscing molestie hendrerit', 'Sed ante. Vivamus tortor. Duis mattis egestas metus. Aenean fermentum. Donec ut mauris eget massa tempor convallis. Nulla neque libero, convallis eget, eleifend luctus, ultricies eu, nibh.');
insert into MESSAGE (id, time, user_id, e_mail, name, subject, text) values (160, '2020-09-28 06:46:51', 2, 'evedikhov4f@cmu.edu', 'cbeasleigh4f', 'ut mauris eget massa tempor convallis nulla neque libero convallis eget eleifend luctus', 'Mauris enim leo, rhoncus sed, vestibulum sit amet, cursus id, turpis.');
insert into MESSAGE (id, time, user_id, e_mail, name, subject, text) values (161, '2021-03-14 19:00:30', 3, 'nduthy4g@shutterfly.com', 'lnunns4g', 'eros elementum pellentesque quisque porta volutpat erat quisque erat eros', 'Vestibulum quam sapien, varius ut, blandit non, interdum in, ante. Vestibulum ante ipsum primis in faucibus orci luctus et ultrices posuere cubilia Curae; Duis faucibus accumsan odio. Curabitur convallis. Duis consequat dui nec nisi volutpat eleifend. Donec ut dolor. Morbi vel lectus in quam fringilla rhoncus. Mauris enim leo, rhoncus sed, vestibulum sit amet, cursus id, turpis. Integer aliquet, massa id lobortis convallis, tortor risus dapibus augue, vel accumsan tellus nisi eu orci.');
insert into MESSAGE (id, time, user_id, e_mail, name, subject, text) values (162, '2019-03-08 09:46:31', 7, 'cbyforth4h@wordpress.com', 'tkermeen4h', 'sollicitudin mi sit amet lobortis sapien sapien non mi integer ac neque duis bibendum morbi non quam nec dui luctus', 'Quisque porta volutpat erat. Quisque erat eros, viverra eget, congue eget, semper rutrum, nulla. Nunc purus. Phasellus in felis. Donec semper sapien a libero.');
insert into MESSAGE (id, time, user_id, e_mail, name, subject, text) values (163, '2020-04-24 00:05:42', 17, 'abunson4i@cdc.gov', 'rbichard4i', 'sed lacus morbi sem mauris laoreet ut rhoncus aliquet pulvinar sed nisl nunc rhoncus dui vel sem sed sagittis', 'Nullam sit amet turpis elementum ligula vehicula consequat. Morbi a ipsum. Integer a nibh. In quis justo. Maecenas rhoncus aliquam lacus. Morbi quis tortor id nulla ultrices aliquet. Maecenas leo odio, condimentum id, luctus nec, molestie sed, justo. Pellentesque viverra pede ac diam.');
insert into MESSAGE (id, time, user_id, e_mail, name, subject, text) values (164, '2020-08-03 14:25:01', 15, 'rmendus4j@mapy.cz', 'kscholtz4j', 'luctus et ultrices posuere cubilia curae duis faucibus accumsan odio curabitur convallis duis consequat dui nec nisi', 'Nam dui. Proin leo odio, porttitor id, consequat in, consequat ut, nulla.');
insert into MESSAGE (id, time, user_id, e_mail, name, subject, text) values (165, '2020-07-18 21:02:00', 2, 'ehardison4k@springer.com', 'cismirnioglou4k', 'est phasellus sit amet erat nulla tempus vivamus in felis eu', 'Praesent id massa id nisl venenatis lacinia. Aenean sit amet justo. Morbi ut odio. Cras mi pede, malesuada in, imperdiet et, commodo vulputate, justo. In blandit ultrices enim. Lorem ipsum dolor sit amet, consectetuer adipiscing elit. Proin interdum mauris non ligula pellentesque ultrices. Phasellus id sapien in sapien iaculis congue. Vivamus metus arcu, adipiscing molestie, hendrerit at, vulputate vitae, nisl.');
insert into MESSAGE (id, time, user_id, e_mail, name, subject, text) values (166, '2020-06-09 09:19:12', 2, 'dlongrigg4l@deliciousdays.com', 'bdallan4l', 'eu est congue elementum in hac habitasse platea dictumst morbi vestibulum velit id pretium', 'Vivamus tortor. Duis mattis egestas metus. Aenean fermentum. Donec ut mauris eget massa tempor convallis. Nulla neque libero, convallis eget, eleifend luctus, ultricies eu, nibh. Quisque id justo sit amet sapien dignissim vestibulum. Vestibulum ante ipsum primis in faucibus orci luctus et ultrices posuere cubilia Curae; Nulla dapibus dolor vel est.');
insert into MESSAGE (id, time, user_id, e_mail, name, subject, text) values (167, '2018-10-04 06:00:15', 4, 'ccornick4m@nature.com', 'zlindenboim4m', 'viverra diam vitae quam suspendisse potenti nullam porttitor lacus at turpis donec posuere', 'Integer ac neque. Duis bibendum. Morbi non quam nec dui luctus rutrum. Nulla tellus. In sagittis dui vel nisl.');
insert into MESSAGE (id, time, user_id, e_mail, name, subject, text) values (168, '2019-02-09 00:12:38', 11, 'rblaxall4n@unblog.fr', 'gdunsire4n', 'sapien dignissim vestibulum vestibulum ante ipsum primis in faucibus orci', 'Lorem ipsum dolor sit amet, consectetuer adipiscing elit. Proin risus. Praesent lectus. Vestibulum quam sapien, varius ut, blandit non, interdum in, ante. Vestibulum ante ipsum primis in faucibus orci luctus et ultrices posuere cubilia Curae; Duis faucibus accumsan odio. Curabitur convallis. Duis consequat dui nec nisi volutpat eleifend. Donec ut dolor.');
insert into MESSAGE (id, time, user_id, e_mail, name, subject, text) values (169, '2019-05-02 03:55:52', 12, 'ahairyes4o@nps.gov', 'dmackness4o', 'id massa id nisl venenatis lacinia aenean sit amet justo morbi ut odio', 'Duis consequat dui nec nisi volutpat eleifend. Donec ut dolor.');
insert into MESSAGE (id, time, user_id, e_mail, name, subject, text) values (170, '2019-10-12 04:10:09', 5, 'kpeckett4p@mtv.com', 'etrehearne4p', 'sapien placerat ante nulla justo aliquam quis turpis eget elit sodales scelerisque mauris sit amet eros suspendisse accumsan tortor quis', 'Morbi non lectus. Aliquam sit amet diam in magna bibendum imperdiet. Nullam orci pede, venenatis non, sodales sed, tincidunt eu, felis. Fusce posuere felis sed lacus. Morbi sem mauris, laoreet ut, rhoncus aliquet, pulvinar sed, nisl. Nunc rhoncus dui vel sem. Sed sagittis. Nam congue, risus semper porta volutpat, quam pede lobortis ligula, sit amet eleifend pede libero quis orci.');
insert into MESSAGE (id, time, user_id, e_mail, name, subject, text) values (171, '2019-11-13 15:22:39', 11, 'dspriggs4q@answers.com', 'ghampton4q', 'elementum eu interdum eu tincidunt in leo maecenas pulvinar lobortis est phasellus sit amet erat nulla tempus', 'Etiam pretium iaculis justo. In hac habitasse platea dictumst. Etiam faucibus cursus urna. Ut tellus.');
insert into MESSAGE (id, time, user_id, e_mail, name, subject, text) values (172, '2019-01-01 20:03:18', 18, 'cover4r@discovery.com', 'dharrower4r', 'sociis natoque penatibus et magnis dis parturient montes nascetur ridiculus', 'Integer tincidunt ante vel ipsum. Praesent blandit lacinia erat.');
insert into MESSAGE (id, time, user_id, e_mail, name, subject, text) values (173, '2018-11-03 09:49:12', 15, 'npiccard4s@springer.com', 'blesieur4s', 'ornare imperdiet sapien urna pretium nisl ut volutpat sapien arcu sed', 'Maecenas ut massa quis augue luctus tincidunt. Nulla mollis molestie lorem. Quisque ut erat. Curabitur gravida nisi at nibh. In hac habitasse platea dictumst. Aliquam augue quam, sollicitudin vitae, consectetuer eget, rutrum at, lorem. Integer tincidunt ante vel ipsum. Praesent blandit lacinia erat. Vestibulum sed magna at nunc commodo placerat. Praesent blandit.');
insert into MESSAGE (id, time, user_id, e_mail, name, subject, text) values (174, '2020-03-03 00:27:46', 4, 'kroutley4t@wordpress.com', 'gcuer4t', 'diam id ornare imperdiet sapien urna pretium nisl ut volutpat sapien arcu sed augue aliquam erat volutpat', 'Suspendisse potenti. Cras in purus eu magna vulputate luctus. Cum sociis natoque penatibus et magnis dis parturient montes, nascetur ridiculus mus. Vivamus vestibulum sagittis sapien. Cum sociis natoque penatibus et magnis dis parturient montes, nascetur ridiculus mus. Etiam vel augue. Vestibulum rutrum rutrum neque. Aenean auctor gravida sem.');
insert into MESSAGE (id, time, user_id, e_mail, name, subject, text) values (175, '2019-09-14 13:39:36', 23, 'ybalazot4u@wsj.com', 'ksicha4u', 'quam fringilla rhoncus mauris enim leo rhoncus sed vestibulum sit amet cursus id', 'Vestibulum ante ipsum primis in faucibus orci luctus et ultrices posuere cubilia Curae; Nulla dapibus dolor vel est. Donec odio justo, sollicitudin ut, suscipit a, feugiat et, eros. Vestibulum ac est lacinia nisi venenatis tristique. Fusce congue, diam id ornare imperdiet, sapien urna pretium nisl, ut volutpat sapien arcu sed augue. Aliquam erat volutpat. In congue.');
insert into MESSAGE (id, time, user_id, e_mail, name, subject, text) values (176, '2019-05-02 15:08:20', 15, 'cfeldberger4v@yellowbook.com', 'iblinckhorne4v', 'sed vestibulum sit amet cursus id turpis integer aliquet massa id', 'Cum sociis natoque penatibus et magnis dis parturient montes, nascetur ridiculus mus. Etiam vel augue. Vestibulum rutrum rutrum neque. Aenean auctor gravida sem. Praesent id massa id nisl venenatis lacinia. Aenean sit amet justo. Morbi ut odio. Cras mi pede, malesuada in, imperdiet et, commodo vulputate, justo. In blandit ultrices enim.');
insert into MESSAGE (id, time, user_id, e_mail, name, subject, text) values (177, '2018-12-06 07:13:20', 8, 'dandersson4w@nyu.edu', 'tdivis4w', 'suspendisse potenti cras in purus eu magna vulputate luctus cum sociis natoque penatibus et magnis dis parturient montes', 'Morbi ut odio. Cras mi pede, malesuada in, imperdiet et, commodo vulputate, justo. In blandit ultrices enim. Lorem ipsum dolor sit amet, consectetuer adipiscing elit. Proin interdum mauris non ligula pellentesque ultrices.');
insert into MESSAGE (id, time, user_id, e_mail, name, subject, text) values (178, '2020-01-09 18:03:52', 2, 'rreichert4x@illinois.edu', 'meverton4x', 'scelerisque mauris sit amet eros suspendisse accumsan tortor quis turpis sed ante vivamus tortor duis mattis egestas metus', 'Vestibulum rutrum rutrum neque. Aenean auctor gravida sem. Praesent id massa id nisl venenatis lacinia. Aenean sit amet justo. Morbi ut odio. Cras mi pede, malesuada in, imperdiet et, commodo vulputate, justo. In blandit ultrices enim. Lorem ipsum dolor sit amet, consectetuer adipiscing elit.');
insert into MESSAGE (id, time, user_id, e_mail, name, subject, text) values (179, '2020-09-05 04:01:48', 19, 'mvayne4y@google.de', 'lbowles4y', 'quis lectus suspendisse potenti in eleifend quam a odio in hac', 'Fusce posuere felis sed lacus. Morbi sem mauris, laoreet ut, rhoncus aliquet, pulvinar sed, nisl. Nunc rhoncus dui vel sem. Sed sagittis. Nam congue, risus semper porta volutpat, quam pede lobortis ligula, sit amet eleifend pede libero quis orci. Nullam molestie nibh in lectus.');
insert into MESSAGE (id, time, user_id, e_mail, name, subject, text) values (180, '2019-01-05 13:09:52', 8, 'atuny4z@unc.edu', 'mplose4z', 'nibh in lectus pellentesque at nulla suspendisse potenti cras in purus eu magna vulputate luctus cum sociis natoque penatibus et', 'Suspendisse accumsan tortor quis turpis. Sed ante. Vivamus tortor. Duis mattis egestas metus. Aenean fermentum. Donec ut mauris eget massa tempor convallis. Nulla neque libero, convallis eget, eleifend luctus, ultricies eu, nibh. Quisque id justo sit amet sapien dignissim vestibulum. Vestibulum ante ipsum primis in faucibus orci luctus et ultrices posuere cubilia Curae; Nulla dapibus dolor vel est. Donec odio justo, sollicitudin ut, suscipit a, feugiat et, eros.');
insert into MESSAGE (id, time, user_id, e_mail, name, subject, text) values (181, '2020-08-14 07:52:17', 15, 'mboyan50@parallels.com', 'kboynton50', 'vestibulum rutrum rutrum neque aenean auctor gravida sem praesent id massa id nisl venenatis lacinia aenean sit amet justo', 'Morbi non quam nec dui luctus rutrum. Nulla tellus. In sagittis dui vel nisl. Duis ac nibh. Fusce lacus purus, aliquet at, feugiat non, pretium quis, lectus. Suspendisse potenti. In eleifend quam a odio. In hac habitasse platea dictumst. Maecenas ut massa quis augue luctus tincidunt. Nulla mollis molestie lorem.');
insert into MESSAGE (id, time, user_id, e_mail, name, subject, text) values (182, '2020-10-13 16:42:44', 2, 'mhaffenden51@pinterest.com', 'cickowics51', 'imperdiet et commodo vulputate justo in blandit ultrices enim lorem', 'Morbi vel lectus in quam fringilla rhoncus.');
insert into MESSAGE (id, time, user_id, e_mail, name, subject, text) values (183, '2019-07-20 06:37:07', 18, 'hepelett52@cdc.gov', 'qmccaughren52', 'odio donec vitae nisi nam ultrices libero non mattis pulvinar nulla pede ullamcorper augue a suscipit nulla', 'Donec vitae nisi. Nam ultrices, libero non mattis pulvinar, nulla pede ullamcorper augue, a suscipit nulla elit ac nulla. Sed vel enim sit amet nunc viverra dapibus. Nulla suscipit ligula in lacus. Curabitur at ipsum ac tellus semper interdum. Mauris ullamcorper purus sit amet nulla. Quisque arcu libero, rutrum ac, lobortis vel, dapibus at, diam. Nam tristique tortor eu pede.');
insert into MESSAGE (id, time, user_id, e_mail, name, subject, text) values (184, '2019-01-27 12:53:53', 9, 'odeverock53@gizmodo.com', 'eleteve53', 'sit amet consectetuer adipiscing elit proin interdum mauris non ligula pellentesque ultrices', 'Morbi vestibulum, velit id pretium iaculis, diam erat fermentum justo, nec condimentum neque sapien placerat ante. Nulla justo. Aliquam quis turpis eget elit sodales scelerisque. Mauris sit amet eros. Suspendisse accumsan tortor quis turpis.');
insert into MESSAGE (id, time, user_id, e_mail, name, subject, text) values (185, '2020-10-22 02:21:36', 4, 'ucrocombe54@umich.edu', 'sjosskowitz54', 'pede justo lacinia eget tincidunt eget tempus vel pede morbi porttitor lorem id ligula suspendisse ornare consequat', 'Integer non velit. Donec diam neque, vestibulum eget, vulputate ut, ultrices vel, augue.');
insert into MESSAGE (id, time, user_id, e_mail, name, subject, text) values (186, '2020-02-01 02:02:04', 23, 'sdahler55@networkadvertising.org', 'zstartin55', 'libero quis orci nullam molestie nibh in lectus pellentesque at nulla', 'Phasellus id sapien in sapien iaculis congue. Vivamus metus arcu, adipiscing molestie, hendrerit at, vulputate vitae, nisl. Aenean lectus. Pellentesque eget nunc. Donec quis orci eget orci vehicula condimentum. Curabitur in libero ut massa volutpat convallis. Morbi odio odio, elementum eu, interdum eu, tincidunt in, leo.');
insert into MESSAGE (id, time, user_id, e_mail, name, subject, text) values (187, '2021-02-13 18:31:40', 20, 'vcanby56@nature.com', 'rwarcop56', 'nisi vulputate nonummy maecenas tincidunt lacus at velit vivamus vel nulla eget eros elementum pellentesque quisque porta volutpat erat quisque', 'Nunc nisl. Duis bibendum, felis sed interdum venenatis, turpis enim blandit mi, in porttitor pede justo eu massa. Donec dapibus. Duis at velit eu est congue elementum. In hac habitasse platea dictumst. Morbi vestibulum, velit id pretium iaculis, diam erat fermentum justo, nec condimentum neque sapien placerat ante. Nulla justo.');
insert into MESSAGE (id, time, user_id, e_mail, name, subject, text) values (188, '2020-04-11 15:45:39', 5, 'rhonnicott57@cargocollective.com', 'lgrouer57', 'platea dictumst morbi vestibulum velit id pretium iaculis diam erat fermentum justo nec condimentum neque sapien', 'Integer tincidunt ante vel ipsum. Praesent blandit lacinia erat. Vestibulum sed magna at nunc commodo placerat. Praesent blandit. Nam nulla. Integer pede justo, lacinia eget, tincidunt eget, tempus vel, pede. Morbi porttitor lorem id ligula. Suspendisse ornare consequat lectus.');
insert into MESSAGE (id, time, user_id, e_mail, name, subject, text) values (189, '2018-09-19 20:49:20', 6, 'cwayt58@about.com', 'rcafferky58', 'ridiculus mus etiam vel augue vestibulum rutrum rutrum neque aenean auctor gravida sem praesent', 'Proin at turpis a pede posuere nonummy. Integer non velit. Donec diam neque, vestibulum eget, vulputate ut, ultrices vel, augue. Vestibulum ante ipsum primis in faucibus orci luctus et ultrices posuere cubilia Curae; Donec pharetra, magna vestibulum aliquet ultrices, erat tortor sollicitudin mi, sit amet lobortis sapien sapien non mi. Integer ac neque. Duis bibendum. Morbi non quam nec dui luctus rutrum. Nulla tellus. In sagittis dui vel nisl.');
insert into MESSAGE (id, time, user_id, e_mail, name, subject, text) values (190, '2020-05-27 18:30:01', 3, 'brushton59@4shared.com', 'ddimelow59', 'nibh fusce lacus purus aliquet at feugiat non pretium quis lectus suspendisse potenti', 'In hac habitasse platea dictumst. Aliquam augue quam, sollicitudin vitae, consectetuer eget, rutrum at, lorem. Integer tincidunt ante vel ipsum. Praesent blandit lacinia erat. Vestibulum sed magna at nunc commodo placerat. Praesent blandit. Nam nulla. Integer pede justo, lacinia eget, tincidunt eget, tempus vel, pede. Morbi porttitor lorem id ligula. Suspendisse ornare consequat lectus.');
insert into MESSAGE (id, time, user_id, e_mail, name, subject, text) values (191, '2021-02-14 13:15:02', 23, 'mblaasch5a@unesco.org', 'dforst5a', 'pellentesque ultrices phasellus id sapien in sapien iaculis congue vivamus metus arcu adipiscing molestie hendrerit at vulputate vitae', 'Nam tristique tortor eu pede.');
insert into MESSAGE (id, time, user_id, e_mail, name, subject, text) values (192, '2020-06-07 11:29:14', 23, 'cleblond5b@ezinearticles.com', 'ewheatland5b', 'vitae nisi nam ultrices libero non mattis pulvinar nulla pede ullamcorper augue a suscipit nulla elit ac nulla sed', 'Nulla suscipit ligula in lacus. Curabitur at ipsum ac tellus semper interdum. Mauris ullamcorper purus sit amet nulla.');
insert into MESSAGE (id, time, user_id, e_mail, name, subject, text) values (193, '2019-08-27 05:38:39', 3, 'dmcshirrie5c@cbslocal.com', 'rpopescu5c', 'sollicitudin vitae consectetuer eget rutrum at lorem integer tincidunt ante vel ipsum praesent blandit lacinia erat', 'In congue. Etiam justo. Etiam pretium iaculis justo. In hac habitasse platea dictumst. Etiam faucibus cursus urna.');
insert into MESSAGE (id, time, user_id, e_mail, name, subject, text) values (194, '2020-09-25 14:21:27', 12, 'lchartman5d@histats.com', 'kmathison5d', 'eget eleifend luctus ultricies eu nibh quisque id justo sit amet sapien dignissim vestibulum vestibulum ante', 'Morbi non quam nec dui luctus rutrum. Nulla tellus. In sagittis dui vel nisl. Duis ac nibh. Fusce lacus purus, aliquet at, feugiat non, pretium quis, lectus. Suspendisse potenti.');
insert into MESSAGE (id, time, user_id, e_mail, name, subject, text) values (195, '2020-10-02 00:22:42', 13, 'kgrayham5e@reuters.com', 'hgiotto5e', 'semper interdum mauris ullamcorper purus sit amet nulla quisque arcu libero', 'Morbi sem mauris, laoreet ut, rhoncus aliquet, pulvinar sed, nisl. Nunc rhoncus dui vel sem. Sed sagittis.');
insert into MESSAGE (id, time, user_id, e_mail, name, subject, text) values (196, '2021-01-31 05:34:32', 16, 'cpayley5f@paginegialle.it', 'cmcquirk5f', 'interdum venenatis turpis enim blandit mi in porttitor pede justo eu massa donec', 'Aenean auctor gravida sem. Praesent id massa id nisl venenatis lacinia. Aenean sit amet justo. Morbi ut odio. Cras mi pede, malesuada in, imperdiet et, commodo vulputate, justo.');
insert into MESSAGE (id, time, user_id, e_mail, name, subject, text) values (197, '2019-08-08 01:00:58', 3, 'hkepe5g@pbs.org', 'ahutcheon5g', 'risus semper porta volutpat quam pede lobortis ligula sit amet', 'Praesent id massa id nisl venenatis lacinia. Aenean sit amet justo. Morbi ut odio. Cras mi pede, malesuada in, imperdiet et, commodo vulputate, justo. In blandit ultrices enim. Lorem ipsum dolor sit amet, consectetuer adipiscing elit. Proin interdum mauris non ligula pellentesque ultrices. Phasellus id sapien in sapien iaculis congue. Vivamus metus arcu, adipiscing molestie, hendrerit at, vulputate vitae, nisl. Aenean lectus.');
insert into MESSAGE (id, time, user_id, e_mail, name, subject, text) values (198, '2020-10-24 18:32:15', 2, 'yjurick5h@weibo.com', 'cdaniely5h', 'nisl ut volutpat sapien arcu sed augue aliquam erat volutpat in congue etiam justo etiam pretium iaculis', 'Aenean lectus.');
insert into MESSAGE (id, time, user_id, e_mail, name, subject, text) values (199, '2020-07-07 03:01:55', 13, 'lthomke5i@hc360.com', 'falpes5i', 'vitae nisi nam ultrices libero non mattis pulvinar nulla pede ullamcorper augue a suscipit nulla elit ac', 'Suspendisse accumsan tortor quis turpis.');
insert into MESSAGE (id, time, user_id, e_mail, name, subject, text) values (200, '2018-09-11 09:47:14', 19, 'fconnaughton5j@auda.org.au', 'bwhelpton5j', 'dui vel nisl duis ac nibh fusce lacus purus aliquet at feugiat non pretium quis', 'In hac habitasse platea dictumst. Maecenas ut massa quis augue luctus tincidunt.');
insert into MESSAGE (id, time, user_id, e_mail, name, subject, text) values (201, '2018-06-10 15:08:03', 2, 'agentsch5k@taobao.com', 'vjacobowicz5k', 'hac habitasse platea dictumst aliquam augue quam sollicitudin vitae consectetuer eget rutrum at lorem integer', 'Morbi porttitor lorem id ligula. Suspendisse ornare consequat lectus. In est risus, auctor sed, tristique in, tempus sit amet, sem. Fusce consequat. Nulla nisl. Nunc nisl. Duis bibendum, felis sed interdum venenatis, turpis enim blandit mi, in porttitor pede justo eu massa. Donec dapibus. Duis at velit eu est congue elementum. In hac habitasse platea dictumst.');
insert into MESSAGE (id, time, user_id, e_mail, name, subject, text) values (202, '2019-08-08 04:55:28', 15, 'lberger5l@si.edu', 'ebow5l', 'in est risus auctor sed tristique in tempus sit amet', 'In hac habitasse platea dictumst. Aliquam augue quam, sollicitudin vitae, consectetuer eget, rutrum at, lorem. Integer tincidunt ante vel ipsum. Praesent blandit lacinia erat. Vestibulum sed magna at nunc commodo placerat. Praesent blandit.');
insert into MESSAGE (id, time, user_id, e_mail, name, subject, text) values (203, '2020-02-15 07:21:39', 5, 'jrembrant5m@tamu.edu', 'lbyfield5m', 'orci eget orci vehicula condimentum curabitur in libero ut massa volutpat convallis morbi odio odio elementum', 'Nulla suscipit ligula in lacus. Curabitur at ipsum ac tellus semper interdum.');
insert into MESSAGE (id, time, user_id, e_mail, name, subject, text) values (204, '2020-02-06 07:53:49', 16, 'sheffernon5n@nifty.com', 'kalmak5n', 'quam sapien varius ut blandit non interdum in ante vestibulum ante ipsum primis in faucibus orci', 'Nunc rhoncus dui vel sem. Sed sagittis. Nam congue, risus semper porta volutpat, quam pede lobortis ligula, sit amet eleifend pede libero quis orci. Nullam molestie nibh in lectus. Pellentesque at nulla. Suspendisse potenti. Cras in purus eu magna vulputate luctus. Cum sociis natoque penatibus et magnis dis parturient montes, nascetur ridiculus mus.');
insert into MESSAGE (id, time, user_id, e_mail, name, subject, text) values (205, '2020-11-21 01:46:52', 8, 'jeaseman5o@typepad.com', 'rchesser5o', 'platea dictumst etiam faucibus cursus urna ut tellus nulla ut erat', 'Nunc purus. Phasellus in felis. Donec semper sapien a libero. Nam dui. Proin leo odio, porttitor id, consequat in, consequat ut, nulla. Sed accumsan felis. Ut at dolor quis odio consequat varius. Integer ac leo. Pellentesque ultrices mattis odio. Donec vitae nisi.');
insert into MESSAGE (id, time, user_id, e_mail, name, subject, text) values (206, '2019-11-24 18:45:57', 20, 'hjeff5p@salon.com', 'ctheurer5p', 'porta volutpat quam pede lobortis ligula sit amet eleifend pede libero quis orci', 'Vestibulum ante ipsum primis in faucibus orci luctus et ultrices posuere cubilia Curae; Duis faucibus accumsan odio. Curabitur convallis. Duis consequat dui nec nisi volutpat eleifend. Donec ut dolor. Morbi vel lectus in quam fringilla rhoncus. Mauris enim leo, rhoncus sed, vestibulum sit amet, cursus id, turpis.');
insert into MESSAGE (id, time, user_id, e_mail, name, subject, text) values (207, '2019-04-01 06:43:48', 11, 'demmanueli5q@hexun.com', 'mmessage5q', 'duis ac nibh fusce lacus purus aliquet at feugiat non pretium quis lectus suspendisse potenti in eleifend quam a', 'Praesent id massa id nisl venenatis lacinia. Aenean sit amet justo.');
insert into MESSAGE (id, time, user_id, e_mail, name, subject, text) values (208, '2019-10-10 06:07:32', 20, 'myven5r@arstechnica.com', 'tborles5r', 'montes nascetur ridiculus mus etiam vel augue vestibulum rutrum rutrum neque aenean', 'Etiam vel augue.');
insert into MESSAGE (id, time, user_id, e_mail, name, subject, text) values (209, '2018-08-15 10:20:39', 4, 'cheinsh5s@reference.com', 'bjarrette5s', 'adipiscing molestie hendrerit at vulputate vitae nisl aenean lectus pellentesque eget nunc donec quis', 'Etiam vel augue. Vestibulum rutrum rutrum neque. Aenean auctor gravida sem. Praesent id massa id nisl venenatis lacinia. Aenean sit amet justo. Morbi ut odio. Cras mi pede, malesuada in, imperdiet et, commodo vulputate, justo. In blandit ultrices enim. Lorem ipsum dolor sit amet, consectetuer adipiscing elit. Proin interdum mauris non ligula pellentesque ultrices.');
insert into MESSAGE (id, time, user_id, e_mail, name, subject, text) values (210, '2020-12-30 18:25:10', 11, 'gkimble5t@is.gd', 'gshervington5t', 'odio cras mi pede malesuada in imperdiet et commodo vulputate justo in blandit ultrices', 'Duis aliquam convallis nunc. Proin at turpis a pede posuere nonummy. Integer non velit. Donec diam neque, vestibulum eget, vulputate ut, ultrices vel, augue. Vestibulum ante ipsum primis in faucibus orci luctus et ultrices posuere cubilia Curae; Donec pharetra, magna vestibulum aliquet ultrices, erat tortor sollicitudin mi, sit amet lobortis sapien sapien non mi. Integer ac neque. Duis bibendum. Morbi non quam nec dui luctus rutrum.');
insert into MESSAGE (id, time, user_id, e_mail, name, subject, text) values (211, '2018-05-15 23:04:51', 17, 'pmatteini5u@ucoz.com', 'lweippert5u', 'dui vel sem sed sagittis nam congue risus semper porta volutpat quam pede', 'Nunc purus.');

SELECT setval('public.book_id_seq', 67, true);
